# Resource object code (Python 3)
# Created by: object code
# Created by: The Resource Compiler for Qt version 6.11.1
# WARNING! All changes made in this file will be lost!

from PySide6 import QtCore

qt_resource_data = b"\
\x00\x01\x11k\
<\
\xb8d\x18\xca\xef\x9c\x95\xcd!\x1c\xbf`\xa1\xbd\xdd\xa7\
\x00\x00\x00\x05es_ESB\x00\x00\x15\x18\x00\x00\
\x05;\x00\x00\x0c\x85\x00\x00\x05;\x00\x004\xf2\x00\x00\
\x05;\x00\x00\xca\xd2\x00\x00\x05C\x00\x00\xbaP\x00\x00\
\x05O\x00\x00^e\x00\x00\x05O\x00\x00\xee\xbb\x00\x00\
\x07\xb2\x00\x00TA\x00\x005\xa8\x00\x00\x0fS\x00\x00\
5\xa8\x00\x00o\xf0\x00\x00E\x82\x00\x00)\x1c\x00\x00\
G\xa4\x00\x00\x08[\x00\x00G\xa4\x00\x00l\x05\x00\x00\
Ih\x00\x00)\xd4\x00\x00Ja\x00\x00^\xf6\x00\x00\
Q\xc9\x00\x003\x01\x00\x00S\x82\x00\x00!\x8d\x00\x00\
S\x82\x00\x004\xc9\x00\x00S\x82\x00\x00\xb9k\x00\x00\
V\xfe\x00\x00a\xf2\x00\x00Y\xbe\x00\x008\x9d\x00\x00\
[\xb3\x00\x00\x8d\x84\x00\x00_\xc3\x00\x00^\x94\x00\x00\
_\xc3\x00\x00\xfb\xca\x00\x00hp\x00\x00y\x17\x00\x00\
ih\x00\x00C\x0d\x00\x00u\xa2\x00\x00P\xba\x00\x04\
<4\x00\x00\xca~\x00\x04\x8c\xaf\x00\x00\xd7\xc0\x00\x04\
\x93\xc2\x00\x00\xdc\x81\x00\x04\x98,\x00\x00\x18\xb0\x00\x04\
\x9c\xb9\x00\x00\x8bA\x00\x04\xa6y\x00\x00\x1b\x92\x00\x04\
\xa8\x8b\x00\x00\x0a\x08\x00\x04\xa8\x8b\x00\x00\x94 \x00\x04\
\xa9\x03\x00\x00\x12 \x00\x04\xa9\x03\x00\x00r\x13\x00\x04\
\xb8w\x00\x00`\xf6\x00\x04\xbb\x04\x00\x00\xc0\x98\x00\x04\
\xcf\x04\x00\x00dt\x00\x04\xd0%\x00\x00/\x80\x00\x04\
\xec0\x00\x00\x95M\x00\x04\xf6\xc2\x00\x00\x12Y\x00\x04\
\xf6\xc2\x00\x00rL\x00\x05\x04\xcf\x00\x00d\xa1\x00\x05\
\x04\xcf\x00\x00w\xa8\x00\x05\x04\xcf\x00\x00\xc48\x00\x05\
\x04\xcf\x00\x00\xd33\x00\x05\x04\xcf\x00\x00\xe8%\x00\x05\
VE\x00\x00\xee\xd9\x00\x05d\x95\x00\x00\x13\xca\x00\x05\
d\x95\x00\x00t\x06\x00\x05d\x95\x00\x00\x86\xcf\x00\x05\
\x98\xc5\x00\x008\xd0\x00\x05\x98\xc5\x00\x00\xccR\x00\x05\
\xab`\x00\x00<\x17\x00\x05\xab`\x00\x00\xbf\x1f\x00\x05\
\xab`\x00\x00\xc2,\x00\x06\x87\x9b\x00\x00B\xe1\x00\x06\
\xd0D\x00\x00G\xc9\x00\x07F\xc5\x00\x00O\xc5\x00\x0a\
\xf2\xce\x00\x00\x8d\xdb\x00\x0bN\x8e\x00\x00\xaf\xea\x00\x16\
\xad\x8d\x00\x00\x22.\x00\x18Y\x81\x00\x00\xae\xad\x00\x18\
\xed\xf2\x00\x00\xe0z\x00&\x9ed\x00\x00K\xd6\x00+\
d\x91\x00\x00\x9a\xab\x00=G\xa5\x00\x00\x962\x00=\
\xfa\x15\x00\x00\x0b{\x00C\x00\xa7\x00\x00\xa4}\x00D\
'\xc5\x00\x00O\xf1\x00G\x96\xc4\x00\x00c^\x00G\
\x96\xc4\x00\x00\x91Y\x00H,\x94\x00\x00\xd4\xdd\x00I\
\xf0A\x00\x00\xdf\xaf\x00J+\x82\x00\x00`\x96\x00J\
6\x95\x00\x00`\xc7\x00Jd\x95\x00\x00I\xa4\x00J\
\x809\x00\x00\x11\xd8\x00J\x809\x00\x00q\xcb\x00J\
\x809\x00\x00\x84\xf6\x00J\xb9\xb7\x00\x00d\x14\x00J\
\xb9\xb7\x00\x00\xb6l\x00J\xb9\xb7\x00\x00\xd2\x11\x00K\
Q\x15\x00\x00\x22\x8a\x00L\x99b\x00\x00dF\x00L\
\x99b\x00\x00|\xcc\x00L\x99b\x00\x00\xbd\x13\x00L\
\x99b\x00\x00\xe2\x82\x00N\xbf\xa5\x00\x000u\x00O\
l\x93\x00\x00\x12\x92\x00Ol\x93\x00\x00r\x85\x00R\
\xfd\xf4\x00\x00\x0a<\x00R\xfd\xf4\x00\x00\x95\xad\x00T\
l\x95\x00\x003\xf6\x00V\x80\x04\x00\x00\xe8W\x00V\
\x8c\x95\x00\x00a\xc3\x00V\x8c\x95\x00\x00\x9a|\x00V\
\x8c\x95\x00\x00\xbe\x85\x00V\x8c\x95\x00\x00\xc1@\x00V\
\xae\xc2\x00\x005\xd8\x00X\xb7\xb9\x00\x00\x87\x07\x00Y\
\xe8\x85\x00\x00_K\x00Z\x8a#\x00\x00gz\x00Z\
\xa8\x94\x00\x00\x9c\x1a\x00Z\xa8\x94\x00\x00\xbe\xec\x00Z\
\xa8\x94\x00\x00\xc1\xfc\x00Z\xcf\xb3\x00\x00\xf9\x1d\x00Z\
\xec5\x00\x00\x0ao\x00\x5cV\xfe\x00\x00bQ\x00\x5c\
\x83\xb5\x00\x00x'\x00\x5c\x83\xb5\x00\x00\xc4\xf7\x00i\
2\xb4\x00\x00F\x05\x00j/\x9b\x00\x00D\xec\x00v\
vN\x00\x00=c\x00v\x8c\x95\x00\x00Q'\x00z\
+\xc0\x00\x00S\x14\x00z\xe0e\x00\x00S\xc8\x00}\
\x9e\x01\x00\x00\xa3\xaf\x00\x81(i\x00\x00\x88\xe3\x00\x85\
7\xe7\x00\x00^\x12\x00\x8d\x9c\x0e\x00\x00\x8eS\x00\x97\
\x96\x04\x00\x00\x85s\x00\x97\x96\x04\x00\x00\xc0Y\x00\xaf\
\x88w\x00\x00\x02%\x00\xc0\xb8\x84\x00\x00H\xe3\x00\xcd\
&\x11\x00\x00\x00[\x01\x10\xaa^\x00\x00g/\x01!\
\xadg\x00\x00\x7f\x83\x01*\xd0\x97\x00\x00\x0di\x01*\
\xd0\x97\x00\x00V\xc2\x01*\xd0\x97\x00\x00W%\x01*\
\xd0\x97\x00\x00\xc1n\x016$q\x00\x00\xb1\xee\x01<\
\xdf5\x00\x00\xfa\xac\x01?\xf9>\x00\x00\xe1)\x01@\
\x1dG\x00\x00b\xc2\x01C`n\x00\x009\x9c\x01L\
\x05#\x00\x00\xd1P\x01c\xaa\x09\x00\x00\x16\x10\x01c\
\xaa\x09\x00\x00v\xb0\x01d\xa2o\x00\x00@^\x01t\
#\xfd\x00\x00\xcc\xbf\x01\x80\xad\x22\x00\x00\x9a$\x01\x80\
\xad\x22\x00\x00\xb8\xc5\x01\xaa\xde>\x00\x00\xea\x07\x01\xb8\
\x13D\x00\x00(\xb2\x01\xc1\xf0\x05\x00\x00\x83\xa9\x01\xca\
E\x8f\x00\x00\x09\x0b\x01\xcaE\x8f\x00\x00\xc5\xa1\x01\xd4\
VT\x00\x00\xf0\x83\x01\xd7k\xaa\x00\x00\xf4\x94\x01\xe7\
\xf5T\x00\x00\x93w\x01\xfb0\xd4\x00\x00\xb7J\x02\x06\
F5\x00\x00S\x84\x02\x0b\x08\x8e\x00\x00g\xe6\x02\x19\
\xde;\x00\x00{(\x02\x1b7N\x00\x00z\x14\x02.\
@\xa1\x00\x00i\xca\x021\xe1\x8e\x00\x00Y\x07\x024\
\xfb\xbe\x00\x001<\x026R\xd4\x00\x00 p\x026\
R\xd4\x00\x00yI\x028s\xd2\x00\x00C8\x028\
\xd4R\x00\x00\xe2;\x02;\xe2\x87\x00\x00\xd5q\x02C\
\x04~\x00\x00>\xae\x02l\x99\x03\x00\x00\xf3\x97\x02q\
6u\x00\x00\xd8\x83\x02v\xb8\x09\x00\x00\x8c\xf7\x02\xad\
pR\x00\x00kT\x02\xc1A\xe9\x00\x00 \xba\x02\xd9\
@\xf9\x00\x00\xef\x03\x02\xdc Q\x00\x00\xe5E\x02\xe7\
 \xf5\x00\x00\x09\xab\x02\xe7 \xf5\x00\x00*{\x02\xe7\
 \xf5\x00\x00\xc6l\x02\xf6\xbc\x8a\x00\x00$\xd1\x03\x00\
(\x14\x00\x00\xf7\xe6\x03\x09\xa2\x9e\x00\x00>9\x03\x15\
*u\x00\x00/2\x03%\xdek\x00\x00\x80\x15\x03C\
L9\x00\x00/\xb2\x03K\xef\xe5\x00\x00R\x07\x03O\
\x17\x85\x00\x00U\x1b\x03P\xba\x9e\x00\x00d\xda\x03S\
\xb0\xcb\x00\x00\x10\xb4\x03W\xb0\x17\x00\x00\xb3\xe8\x03X\
\x11u\x00\x00\x93 \x03]\xe0\x17\x00\x003.\x03d\
\xa1\xce\x00\x00a*\x03v\xe01\x00\x00\xa4\xf7\x03\x81\
\xa9]\x00\x00(G\x03\x8d\x17\xe3\x00\x00\xb7\xc0\x03\x9d\
\xfdE\x00\x00\x8f\x86\x03\xc5\xefz\x00\x00*5\x03\xcc\
\xfa\xa3\x00\x00\x03=\x03\xcdG\xa5\x00\x00I\xdc\x03\xee\
\xf3\xfa\x00\x009L\x04\x14S\xf5\x00\x00\x1a-\x04\x1b\
\xf0d\x00\x00\xf1\xde\x04\x1d\xf6~\x00\x00y\xa2\x04(\
U\xc4\x00\x00\xf8\x81\x046\x07\xc4\x00\x00\x1e3\x04K\
+\x03\x00\x00l9\x04L\xedM\x00\x00\xd4i\x04d\
`5\x00\x00N\xf0\x04e\xafi\x00\x00\x13\x0d\x04e\
\xafi\x00\x00s\xba\x04e\xafi\x00\x00\x86:\x04l\
u\x90\x00\x00n\x1a\x04r\x80\xd4\x00\x00wh\x04r\
\x80\xd4\x00\x00\xc3\xc2\x04r\xd0\x03\x00\x00g\xaa\x04\x87\
p\xc8\x00\x00I?\x04\x8f\x07Y\x00\x00\x8b\xb9\x04\x90\
\x894\x00\x00\x89\xd9\x04\x94\xa8\x84\x00\x00\xa5\xd5\x04\x98\
I\xbc\x00\x00\x08\x90\x04\x98I\xbc\x00\x00\x0bF\x04\x98\
I\xbc\x00\x00\x0d\xc6\x04\x98I\xbc\x00\x00\x104\x04\x98\
I\xbc\x00\x00\x16|\x04\x98I\xbc\x00\x00)\xff\x04\x98\
I\xbc\x00\x00W\x87\x04\x98I\xbc\x00\x00X\x88\x04\x98\
I\xbc\x00\x00l\x97\x04\x98I\xbc\x00\x00p\xd1\x04\x98\
I\xbc\x00\x00{\xc8\x04\x98I\xbc\x00\x00\xc5\x22\x04\x98\
I\xbc\x00\x00\xc66\x04\x98I\xbc\x00\x00\xde\xd0\x04\x99\
n\x95\x00\x00\x5c\xa5\x04\xa0\xb2*\x00\x00;\xa4\x04\xa1\
L\x85\x00\x00;8\x04\xa2\xcb\xd7\x00\x00\x91\x8f\x04\xa8\
\xb8\xa5\x00\x00\x10w\x04\xac,\xa5\x00\x00|G\x04\xac\
,\xa5\x00\x00\x857\x04\xac,\xa5\x00\x00\xbf\xe2\x04\xac\
,\xa5\x00\x00\xc6\xc4\x04\xac\xab]\x00\x00\x11!\x04\xac\
\xab]\x00\x00q\x14\x04\xac\xab]\x00\x00\x84\xb0\x04\xc2\
\x8f\xa2\x00\x00\xb7\x8b\x04\xc4y%\x00\x00\xc3D\x04\xcf\
v\x94\x00\x00-\xde\x04\xd1\x1fR\x00\x00\xb9\x1c\x04\xd5\
P\xa4\x00\x00K\x9e\x04\xd5Z\xc4\x00\x00Ld\x04\xd5\
n\xc4\x00\x00L\xd7\x04\xd5\xe9\xa9\x00\x00%\xf6\x04\xe0\
\x8f\xb2\x00\x00_\x1c\x04\xe3X|\x00\x00\xe6\xb9\x04\xe6\
\xf1\xdf\x00\x00\xd0\x0d\x04\xedY\xc4\x00\x00 \x1e\x04\xf4\
\x18N\x00\x00<z\x04\xf6\x91\xc9\x00\x00\xe6\xe3\x04\xfa\
\x12\xa3\x00\x00\xec\x98\x05\x14\x8d9\x00\x00j\xf2\x05\x17\
60\x00\x004%\x05\x1d\xcf\x09\x00\x00\xdbf\x05\x22\
?\xe9\x00\x00\x96\xa6\x05#k\x81\x00\x00\xbb\xed\x05(\
J\xd3\x00\x00`L\x051\x10\xbe\x00\x00R\x8c\x056\
\x8ay\x00\x00\xdfb\x058\x92\xc0\x00\x00\xc8\xfd\x05<\
F\x99\x00\x00\xecl\x05@\x5c\xa5\x00\x00\x12\xce\x05@\
\x5c\xa5\x00\x00r\xc1\x05B\xdd\xac\x00\x00\xfan\x05E\
\xaf\xd9\x00\x00m\x99\x05E\xaf\xd9\x00\x00oT\x05E\
\xaf\xd9\x00\x00s\x00\x05E\xaf\xd9\x00\x00\x85\xfc\x05K\
\xe0\xd4\x00\x00\xb64\x05_/R\x00\x00L&\x05f\
j\xa7\x00\x00\xf4\xf8\x05o/\xe3\x00\x00}\xd3\x05v\
*I\x00\x00t\xf8\x05{\x90\x15\x00\x00\x1d\x80\x05\x80\
W\xc4\x00\x00\x90\xdb\x05\x8b\xa6\x84\x00\x006\xa9\x05\x8c\
F\xc5\x00\x00n^\x05\x8c\xac5\x00\x00b\x1d\x05\x8c\
\xac5\x00\x00\xbe\xb6\x05\x8c\xac5\x00\x00\xc1\xc9\x05\x8e\
c\xb5\x00\x00\xd9\xfa\x05\x93\xca\x17\x00\x00\x8c\xa0\x05\x9a\
\x90t\x00\x00f\xc9\x05\x9c}.\x00\x00\xcd\xf5\x05\xa6\
\xecX\x00\x00G\xff\x05\xaa\x8b\xc3\x00\x00\x87}\x05\xac\
\xdcQ\x00\x00\x06J\x05\xb4\x98\xde\x00\x006\x07\x05\xbd\
\xf7S\x00\x00J\xc0\x05\xc6\xa8\xa5\x00\x00i^\x05\xd4\
\x8fX\x00\x00EV\x05\xd6\x03\xff\x00\x00N3\x05\xdb\
\xc29\x00\x00\x15\xc5\x05\xdb\xc29\x00\x00ve\x05\xdb\
\xc29\x00\x00\x88\x9f\x05\xdd\xf9D\x00\x000\xa2\x05\xdf\
\xba\xba\x00\x00\x0c\xb4\x05\xe0Kg\x00\x00A\xed\x05\xe7\
\x0c5\x00\x00\x95\xdb\x06\x09\xcd\xf4\x00\x00\xacC\x06#\
\xc0[\x00\x00SC\x06,\xce\xa9\x00\x005\x22\x06.\
!\xe5\x00\x00S\xf7\x06.\x8e)\x00\x00\xa6\x90\x06C\
\x1f\x15\x00\x00\xec\x1f\x06K\x02\xa5\x00\x00\x1et\x06Q\
V\xe9\x00\x00\xe7\x0b\x06\x5c\xd6\x95\x00\x00z\xce\x06e\
2`\x00\x00R\xd3\x06e\xa0.\x00\x00n\x99\x06\x80\
\xab\x84\x00\x000\xed\x06\x816D\x00\x00\xed\xda\x06\x95\
x>\x00\x00\x92\x8d\x06\xa2\x1a]\x00\x00\xbfQ\x06\xa8\
\xa9\xaa\x00\x00\xfa.\x06\xacWc\x00\x00J\x82\x06\xae\
\xa4>\x00\x00\xc9\xa8\x06\xb0\xbe\xae\x00\x00\x03\x86\x06\xb0\
\xbe\xae\x00\x00\xf4P\x06\xb5\x04\x22\x00\x00K\x13\x06\xb8\
\x91\xde\x00\x00:\xdd\x06\xbb]a\x00\x00\xad\x8a\x06\xc4\
y%\x00\x00G\x00\x06\xc9\xb1\x80\x00\x00O\x8d\x06\xd0\
\xbaQ\x00\x00\xe8\x9c\x06\xe3v\xd4\x00\x00F@\x06\xe8\
\xc3G\x00\x00\xa2\xef\x07\x02\x06\x83\x00\x00\xdf\xd6\x07\x05\
\xe4d\x00\x00\xe5\xdd\x07\x09W\xa2\x00\x00MM\x07\x0c\
HY\x00\x00%\x1b\x07\x11\x5c$\x00\x00\x1f\x91\x07\x1f\
\x97[\x00\x00+\xe6\x074'\x12\x00\x00j\xa2\x077\
3\xdb\x00\x00\xe3\xf6\x07Io~\x00\x00\xe6(\x07P\
\xb3\xaa\x00\x000'\x07Wf\x07\x00\x00\xd7\xf0\x07^\
\xb4t\x00\x00\xe6w\x07h\x80$\x00\x00\x19$\x07\x85\
\x93\xd1\x00\x00\xd0\xd7\x07\x9a\x96,\x00\x00Q\xd5\x07\xa9\
\xbc\x84\x00\x00\x84\x1c\x07\xab\x06\x13\x00\x00\x84s\x07\xab\
\x08\x98\x00\x00T\xd1\x07\xab\x1aR\x00\x00Uq\x07\xb4\
5q\x00\x00\xb0\xd9\x07\xb5\xe2\xfb\x00\x00\x0e;\x07\xb5\
\xe2\xfb\x00\x00+\x08\x07\xb7U\xe4\x00\x00\x9dW\x07\xdf\
\x0e\xf3\x00\x00\x1d\xd9\x07\xe3\xfd\x9b\x00\x00~\xae\x07\xe5\
$\xf3\x00\x00\xe2\x04\x08\x03\xeft\x00\x00\x0c\xe5\x08\x09\
\x7fd\x00\x00\x0c9\x08\x0abr\x00\x00U\xff\x08\x0f\
tN\x00\x00\xf5E\x08\x18B%\x00\x00\xeeU\x087\
\x99\xfd\x00\x00\xd9\x89\x08=\xe1s\x00\x00\x91\xe6\x08B\
\xf3Q\x00\x00\xe1\x8a\x08E=\x0e\x00\x00\x015\x08E\
=\x0e\x00\x00\xdcE\x08Fk\xe2\x00\x00\xfb\xe9\x08J\
\x95A\x00\x00\xa1\x16\x08K\x95\xb4\x00\x00\xb4\xea\x08N\
\xb2\xf5\x00\x00\x95z\x08i5\xf4\x00\x00\xf9F\x08i\
\x8d\x8c\x00\x00B!\x08n\xd9n\x00\x00\xb4&\x08u\
`l\x00\x00\xf9\xd6\x08\x80K\xf7\x00\x00\x9c\xce\x08\x81\
(\x11\x00\x00\xab?\x08\x89)\xf9\x00\x00jc\x08\x96\
\x1e\x8c\x00\x00\x98\xb5\x08\x9aE\xee\x00\x00KN\x08\xa2\
\x93\xc7\x00\x00\xd4\x1f\x08\xb3\xba}\x00\x00&\x9a\x08\xb4\
\xac\x0e\x00\x00\x9d\xd9\x08\xbah\xc3\x00\x00c'\x08\xbd\
\x8c\xc8\x00\x00\x80\x9a\x08\xbd\x8c\xc8\x00\x00\x9bq\x08\xbd\
\x8c\xc8\x00\x00\xbas\x08\xc2\xb8\xc5\x00\x00f\x19\x08\xc2\
\xb8\xc5\x00\x00\xd3m\x08\xc4\x9b\xe2\x00\x00\xeb\xef\x08\xcc\
e\x97\x00\x00\xba\xab\x08\xce\x01\x9e\x00\x00Pv\x08\xd6\
t\x12\x00\x00\xba\xea\x08\xfd\xd9#\x00\x00i\x1f\x09\x06\
\xb5i\x00\x00\xcf\x04\x09\x0bI\xc9\x00\x00->\x09\x16\
(\xb1\x00\x00\xa8\x8d\x09)\xe2\x83\x00\x00\x99e\x09)\
\xe2\x83\x00\x00\xb8\x07\x09+`\xfc\x00\x00\x8aS\x090\
\x8f%\x00\x00\xd2J\x096vN\x00\x00=\xcb\x09>\
\xbd\xfe\x00\x00\x1a\x95\x09?h\x89\x00\x00\x0f\x89\x09?\
h\x89\x00\x00p&\x09J*\xb9\x00\x00\x04\x83\x09Q\
\xd8\xce\x00\x00\xc7\xea\x09Z\x7f\xad\x00\x00\xcd\x99\x09\x5c\
\xa9e\x00\x00\x00\x00\x09`\x06\xb5\x00\x00\x14c\x09`\
\x06\xb5\x00\x00tE\x09a~\xb5\x00\x00\x9cK\x09k\
\xd7]\x00\x00\x01v\x09m\xf9T\x00\x00.\x14\x09q\
\x01\xe0\x00\x00\xf5\xf6\x09\x87\xbc\xc5\x00\x00c\x94\x09\x87\
\xbc\xc5\x00\x00\x98\xf6\x09\x87\xbc\xc5\x00\x00\xb5\x1c\x09\x88\
\xbd\xa3\x00\x00\x94O\x09\x8cu\xff\x00\x00\xcc\x84\x09\x91\
\xe0\x92\x00\x00M\x7f\x09\x9cu\xa3\x00\x00#h\x09\x9d\
\x14\x84\x00\x00#\x09\x09\xaa\xaa\x89\x00\x00\xcb\xb3\x09\xb2\
\xf0\x1e\x00\x00OO\x09\xb8\x9e\x89\x00\x00xY\x09\xc5\
P\x17\x00\x00w\xe5\x09\xc5P\x17\x00\x00\x87<\x09\xc5\
P\x17\x00\x00\x9b\xaa\x09\xc5P\x17\x00\x00\xc4n\x09\xc5\
\xb8\x8a\x00\x00\xd6D\x09\xd1\x8d\xf1\x00\x00\xad\x0b\x09\xd5\
\x1e\xb5\x00\x00\x18\x1a\x09\xd5\x1e\xb5\x00\x00u\x5c\x09\xd5\
\x1e\xb5\x00\x00\x87\xb5\x09\xd7\xa4d\x00\x00C\xe7\x09\xde\
\xd1\x8d\x00\x00\x9e\xf2\x09\xeb\xbf\xb5\x00\x00f\x92\x09\xfd\
]\xb5\x00\x00\x15j\x09\xfd]\xb5\x00\x00v\x0a\x09\xfd\
]\xb5\x00\x00\x88\x08\x0a\x10d-\x00\x00%\x91\x0a\x1e\
e\xb4\x00\x00\x82\x90\x0a!\xa6o\x00\x00)E\x0a\x22\
\xd2k\x00\x00QV\x0a/k\xbf\x00\x00$\x8a\x0a0\
\xab\x94\x00\x00._\x0a<j+\x00\x00\x14\x09\x0a=\
\x0e\x95\x00\x00\x5c\xe4\x0a?#\x1b\x00\x00\x17m\x0a?\
#\x1b\x00\x00,7\x0a?#\x1b\x00\x00|\x02\x0a?\
#\x1b\x00\x00\xc3\xfb\x0a?j[\x00\x00,x\x0a?\
j[\x00\x00|\x81\x0a?j[\x00\x00\xc0\x15\x0aZ\
\xcc\xc5\x00\x00P8\x0a_\xbe\x83\x00\x00Ha\x0aa\
\x13>\x00\x00\xbdB\x0ad\xd0\xcd\x00\x00\x08\xcc\x0ad\
\xd0\xcd\x00\x00\x0d\xff\x0ad\xd0\xcd\x00\x00\x17/\x0ad\
\xd0\xcd\x00\x00X\x06\x0ad\xd0\xcd\x00\x00X\xc6\x0ad\
\xd0\xcd\x00\x00k\xca\x0ad\xd0\xcd\x00\x00m[\x0ad\
\xd0\xcd\x00\x00\xc5`\x0ad\xd0\xcd\x00\x00\xe0\xf8\x0ae\
\xb9\x1c\x00\x00*\xd3\x0ah\xf6\xd5\x00\x00H\x9f\x0ai\
A\x82\x00\x00]>\x0am\x82\xfc\x00\x00V7\x0at\
g\x19\x00\x00\x17\xb3\x0av\x1d\x99\x00\x003e\x0av\
Z2\x00\x00`\x14\x0awr\xd7\x00\x00\x0a\xa0\x0ay\
_\x07\x00\x00?\x22\x0a\x84\xfb\xa8\x00\x00B\x9d\x0a\x95\
m\xe4\x00\x00G2\x0a\x96ke\x00\x00\x13Y\x0a\x9a\
\xaaZ\x00\x00\x02\x8e\x0a\xa2\xfa7\x00\x00\xfb*\x0a\xa7\
\xd1>\x00\x00Y\xcb\x0a\xa8@\x11\x00\x00\x9b\xe7\x0a\xad\
gY\x00\x00\xbb>\x0a\xb6v\xe4\x00\x00\xf66\x0a\xb9\
\x9c\xf3\x00\x00<I\x0a\xb9\x9c\xf3\x00\x00\x81\x83\x0a\xb9\
\x9c\xf3\x00\x00\xcer\x0a\xbe J\x00\x00\x0b\xcd\x0a\xbe\
I\x9e\x00\x00\x9c\x8d\x0a\xd0_d\x00\x00\xce\xa3\x0a\xd2\
\xc0\xe5\x00\x00E\xbb\x0a\xd8\xc4\x11\x00\x00\xa8\x10\x0a\xdb\
\x09\xe4\x00\x00\xeb,\x0a\xe1\xb0\x85\x00\x00\xdd\x05\x0a\xe7\
\x93\x14\x00\x00\x99\xb2\x0a\xe8\xd6\x1e\x00\x00\xcb\x02\x0a\xeb\
f\x09\x00\x00\x5cC\x0a\xffe\xee\x00\x00\xc91\x0b\x00\
\xf9\x94\x00\x00\x18\xdd\x0b\x03\xc6\x94\x00\x00\x15\x16\x0b\x03\
\xc6\x94\x00\x00u\xb6\x0b\x09yE\x00\x00F\x8d\x0b\x09\
ye\x00\x00\xc3\x04\x0b\x09\xa6\xc4\x00\x00^\xc4\x0b%\
\xf5\x11\x00\x00\x08\x04\x0b08\xf9\x00\x00\x1d\x04\x0b6\
\x01k\x00\x00}f\x0b6\x08+\x00\x00|\xff\x0bH\
B\xd9\x00\x00\x0e\xf2\x0bHB\xd9\x00\x00o\x8f\x0b`\
\xb6\xd5\x00\x00U\xbb\x0bc\xe2\x94\x00\x00\xa2\x0e\x0bd\
\xdd\xbd\x00\x00.\xae\x0b\x883H\x00\x00D\xb1\x0b\x8f\
\xdd\xb2\x00\x00Tg\x0b\x91\x1f\xcc\x00\x00\x1c\x1b\x0b\x92\
\x14 \x00\x00B\x5c\x0b\x997\x8e\x00\x00\xb2\xe1\x0b\x9e\
\x96Y\x00\x00\x97x\x0b\xab\x94\x0e\x00\x00\xb5\x9b\x0b\xb4\
a>\x00\x00\x99)\x0b\xb7p\xde\x00\x004^\x0b\xbd\
\xf2c\x00\x00\xd1\xad\x0b\xc0\x05\xe4\x00\x00\xcdI\x0b\xc2\
\x05\xe4\x00\x00Q\x97\x0b\xc5\x09q\x00\x00\x07\xad\x0b\xcb\
\x00\xae\x00\x00:]\x0b\xdb\x22C\x00\x00\xd8\xe4\x0b\xdd\
_i\x00\x00\x19\xbf\x0b\xe3\xea\x81\x00\x00\xd3\xa2\x0b\xee\
\x00\xe4\x00\x00_\x7f\x0c\x01\x9e\xd1\x00\x00\xf0\xf5\x0c\x04\
\xa05\x00\x00fM\x0c\x04\xa05\x00\x00z\x89\x0c\x05\
\x83\x83\x00\x00\x22\xc5\x0c\x05\x83\x83\x00\x00a~\x0c\x05\
\x83\x83\x00\x00\xba\x0c\x0c\x10\xbf.\x00\x00\xc6\xfa\x0c\x13\
\xf8\xce\x00\x00\x0e\x7f\x0c\x15*\xee\x00\x00\xa0D\x0c!\
\x99\xcb\x00\x00\xe2\xa9\x0c*$W\x00\x00W\xbd\x0c*\
$W\x00\x00w\x1c\x0c*$W\x00\x00\xb5\xee\x0c*\
$W\x00\x00\xc3}\x0cB\x17\xa3\x00\x00\xb6\xfc\x0cC\
\xbb\xe2\x00\x00\xd5\xf0\x0cG\x92\xf4\x00\x00\x85\xbb\x0cG\
\x92\xf4\x00\x00\xc0\xc5\x0cJfY\x00\x00RT\x0cR\
V\x8e\x00\x00\x88\x5c\x0cV\x8c\xe5\x00\x00T\x9c\x0cV\
\xb7\xad\x00\x00+I\x0cX\x09e\x00\x00\xf33\x0cZ\
\xcf\x1d\x00\x00!\x13\x0c^T\xf9\x00\x00\x16\xb7\x0co\
\x11\x8b\x00\x00\x07W\x0cu\x02\xbe\x00\x00m\xd6\x0cu\
K\x99\x00\x00\xb6\x9c\x0cz\xc3\x9e\x00\x00\x1b\xbb\x0cz\
\xdb7\x00\x00\xed?\x0c{\x85\x9f\x00\x00?\x85\x0c\x80\
\x8a\x83\x00\x009\x02\x0c\x84\xfes\x00\x00\xf72\x0c\x88\
\xfa>\x00\x00\xf0P\x0c\x90\xd8\xbc\x00\x00\xdd\xdb\x0c\x92\
\xbc\xa1\x00\x00\xaa\x01\x0c\x97\x12\xac\x00\x00\x98v\x0c\x98\
\x96\x9d\x00\x00\x1fY\x0c\x9a\x01\xda\x00\x00Ax\x0c\xa1\
\xa9\x84\x00\x00M\x0f\x0c\xa3\x80I\x00\x00j \x0c\xa4\
\x91\xb5\x00\x00J)\x0c\xa8h\x87\x00\x00\x97\xd5\x0c\xa9\
_$\x00\x00X?\x0c\xbb\x01s\x00\x00f\xfa\x0c\xbb\
\x01s\x00\x00\x97C\x0c\xc9\xa0\x0e\x00\x00\x98B\x0c\xce\
\x0f\x1f\x00\x006\xdb\x0c\xdf\x8d\xc8\x00\x00\x0a\xf7\x0c\xee\
\xd9[\x00\x00~?\x0c\xf6\x5c\xfe\x00\x00\x86\x7f\x0d\x04\
,\xaf\x00\x00P\xe3\x0d\x05Rs\x00\x00\x19u\x0d\x18\
\x90\xf2\x00\x00]\xb6\x0d\x1fN\x94\x00\x00\x80\xd7\x0d1\
\x07\xc5\x00\x00\xfb\x7f\x0d4\xb3\xee\x00\x00Vu\x0d9\
\xd2\xae\x00\x00#\xd7\x0dGc\xb4\x00\x00\xb5N\x0dL\
\xdb\xf1\x00\x00\xf6e\x0dM\xb0\x9d\x00\x00\x18f\x0dU\
\x94\xe2\x00\x00L\x9c\x0dZ\xca\xe7\x00\x00M\xbd\x0d\x5c\
\xa9\x15\x00\x00DC\x0d\x5c\xec2\x00\x00M\xf8\x0d_\
\xd6C\x00\x00F\xc2\x0d\x89P\x17\x00\x00A\xb0\x0d\x89\
P\x17\x00\x00[\xfe\x0d\x93x%\x00\x00\x02\xde\x0d\xa1\
\xc7\xc9\x00\x00\xb8S\x0d\xacz\xf3\x00\x00\x1a\xdf\x0d\xb0\
\x8e\xd4\x00\x00\x90O\x0d\xc0\xcb\x94\x00\x00\x1b<\x0d\xc5\
\x9e\xbe\x00\x00\x8e\xd7\x0d\xd3\x034\x00\x00\xe3\x84\x0d\xd5\
\xf0#\x00\x00n\xf3\x0d\xd8\xc9)\x00\x00\xda\xd6\x0d\xdf\
b-\x00\x00&\xfc\x0d\xfc\x13'\x00\x00Nk\x0e\x0d\
Dn\x00\x001\xf8\x0e\x11\x9a\xe6\x00\x00\xdeT\x0e\x12\
\x05s\x00\x00\xef\x8b\x0e\x17\x01\x1d\x00\x00'\xc4\x0e!\
}d\x00\x00\xc2[\x0e/\xa2t\x00\x00\x1ct\x0e1\
\xac*\x00\x00\xd5\x06\x0e;\xcd\x81\x00\x00\xeb\xa7\x0eD\
\xcd+\x00\x00sE\x0eF\xc4\xc3\x00\x00G\x7f\x0eb\
\xa1\xae\x00\x00\xe4\xdf\x0ee@\x89\x00\x00\xcf}\x0eg\
\x84\xbb\x00\x00N\xac\x0er\xa2\x0e\x00\x007\xb9\x0e\xaf\
o\xc3\x00\x00\xc0\xfd\x0e\xb17\x93\x00\x00\x81-\x0e\xbf\
\xdf:\x00\x00\x0c\x09\x0e\xcb%\xa2\x00\x00c\xc8\x0e\xd3\
\x02\xed\x00\x00\x9f\x9c\x0e\xe1~\xa3\x00\x00\x14\xb6\x0e\xe1\
~\xa3\x00\x00t\x98\x0e\xe5x\x19\x00\x00\x1e\xaf\x0e\xe8\
\x9b\xb2\x00\x00\xefD\x0e\xf3\x11C\x00\x00\xdc\x00\x0f\x03\
\xb7\xa1\x00\x00\xd2\xcd\x0f\x07gi\x00\x00\x81\xb8\x0f\x0e\
\x89.\x00\x00l\xd2\x0f\x19\x22<\x00\x00\x11n\x0f\x19\
\x22<\x00\x00qa\x0f s\xf1\x00\x00\x05\xcb\x0f!\
o\xdd\x00\x00\x03\xcf\x0f'\xf1\xfb\x00\x00\x05\x99\x0f'\
\xf1\xfb\x00\x00i\x97\x0f3\x9a\x85\x00\x00\xc7p\x0f9\
@\xe8\x00\x00\x06\x1a\x0fL\xa1\xb3\x00\x003\xb0\x0fW\
\xb8i\x00\x00\x837\x0fX\x1aC\x00\x00\xf20\x0fn\
1U\x00\x00\x8a\xe0\x0f\x85\xef\xbe\x00\x00<\xfa\x0f\x8a\
3\xb5\x00\x00\x923\x0f\x93gi\x00\x00\x82!\x0f\x96\
\xf2!\x00\x00e#\x0f\x98N\xf4\x00\x00\xc4\xa9\x0f\x99\
+e\x00\x00\xde\xfe\x0f\x9eH$\x00\x00\xdaM\x0f\xa1\
3H\x00\x00E\x1b\x0f\xadN]\x00\x00\xdc\xb1\x0f\xc0\
w!\x00\x00\x06\xca\x0f\xc9X\x97\x00\x00b\x84\x0f\xc9\
X\x97\x00\x00\xbb\xb0\x0f\xcc\xa8\xc4\x00\x00,\xbf\x0f\xd2\
\xbb\xbd\x00\x00!\xb3\x0f\xd2\xbb\xbd\x00\x00\xb9\x91\x0f\xd4\
\x9eI\x00\x00\xc8:\x0f\xd5U\xb3\x00\x00\x9d\x04\x0f\xef\
/\xd4\x00\x00\x82\xe7\x0f\xf4\xee^\x00\x00C\xa0\x0f\xf5\
]#\x00\x00\xe3\x02i\x00\x00\xfc(\x03\x00\x00\x000\
\x00A\x00c\x00t\x00u\x00a\x00l\x00i\x00z\
\x00a\x00c\x00i\x00\xf3\x00n\x00 \x00d\x00e\
\x00 \x00v\x00e\x00r\x00s\x00i\x00\xf3\x00n\
\x08\x00\x00\x00\x00\x06\x00\x00\x00\x0eVersio\
n Update\x07\x00\x00\x00\x08@de\
fault\x01\x03\x00\x00\x00\x8c\x00{\x00k\x00\
e\x00y\x00}\x00 \x00n\x00o\x00 \x00e\x00\
s\x00 \x00v\x00\xe1\x00l\x00i\x00d\x00o\x00\
,\x00 \x00\xa1\x00c\x00o\x00m\x00p\x00r\x00\
u\x00e\x00b\x00a\x00 \x00l\x00a\x00 \x00\
c\x00o\x00n\x00f\x00i\x00g\x00u\x00r\x00\
a\x00c\x00i\x00\xf3\x00n\x00 \x00d\x00e\x00\
 \x00l\x00a\x00s\x00 \x00t\x00e\x00c\x00\
l\x00a\x00s\x00 \x00r\x00\xe1\x00p\x00i\x00\
d\x00a\x00s\x00!\x08\x00\x00\x00\x00\x06\x00\x00\x00\
1{key} is invali\
d, please check \
the hotkey confi\
g!\x07\x00\x00\x00\x08@default\x01\
\x03\x00\x00\x00\x18\x00V\x00e\x00r\x00s\x00i\x00\
\xf3\x00n\x00 \x00b\x00e\x00t\x00a\x08\x00\x00\
\x00\x00\x06\x00\x00\x00\x0cBeta Vers\
ion\x07\x00\x00\x00\x08AboutTab\
\x01\x03\x00\x00\x00b\x00R\x00e\x00v\x00e\x00r\
\x00s\x00i\x00\xf3\x00n\x00 \x00c\x00o\x00r\
\x00r\x00e\x00c\x00t\x00a\x00 \x00{\x00f\
\x00r\x00o\x00m\x00_\x00v\x00e\x00r\x00s\
\x00i\x00o\x00n\x00}\x00 \x00-\x00>\x00 \
\x00{\x00t\x00o\x00_\x00v\x00e\x00r\x00s\
\x00i\x00o\x00n\x00}\x08\x00\x00\x00\x00\x06\x00\x00\
\x000Downgrade succ\
ess {from_versio\
n} -> {to_versio\
n}\x07\x00\x00\x00\x08AboutTab\x01\
\x03\x00\x00\x00>\x00D\x00e\x00s\x00c\x00a\x00\
r\x00g\x00a\x00r\x00 \x00v\x00e\x00r\x00\
s\x00i\x00\xf3\x00n\x00 \x00d\x00e\x00 \x00\
d\x00e\x00p\x00u\x00r\x00a\x00c\x00i\x00\
\xf3\x00n\x08\x00\x00\x00\x00\x06\x00\x00\x00\x0eDow\
nload Debug\x07\x00\x00\x00\x08\
AboutTab\x01\x03\x00\x00\x00$\x00E\
\x00r\x00r\x00o\x00r\x00 \x00d\x00e\x00 \
\x00d\x00e\x00s\x00c\x00a\x00r\x00g\x00a\
\x00:\x08\x00\x00\x00\x00\x06\x00\x00\x00\x0fDown\
load Error:\x07\x00\x00\x00\x08\
AboutTab\x01\x03\x00\x00\x002\x00D\
\x00e\x00s\x00c\x00a\x00r\x00g\x00a\x00r\
\x00 \x00v\x00e\x00r\x00s\x00i\x00\xf3\x00n\
\x00 \x00e\x00s\x00t\x00a\x00b\x00l\x00e\
\x08\x00\x00\x00\x00\x06\x00\x00\x00\x10Downlo\
ad Release\x07\x00\x00\x00\x08A\
boutTab\x01\x03\x00\x00\x00\x1e\x00O\x00\
t\x00r\x00o\x00s\x00 \x00p\x00r\x00o\x00\
y\x00e\x00c\x00t\x00o\x00s\x08\x00\x00\x00\x00\
\x06\x00\x00\x00\x0eOther Proje\
cts\x07\x00\x00\x00\x08AboutTab\
\x01\x03\x00\x00\x00\x1e\x00V\x00e\x00r\x00s\x00i\
\x00\xf3\x00n\x00 \x00e\x00s\x00t\x00a\x00b\
\x00l\x00e\x08\x00\x00\x00\x00\x06\x00\x00\x00\x0eSt\
able Version\x07\x00\x00\x00\
\x08AboutTab\x01\x03\x00\x00\x00j\x00\
A\x00c\x00t\x00u\x00a\x00l\x00i\x00z\x00\
a\x00c\x00i\x00\xf3\x00n\x00 \x00c\x00o\x00\
r\x00r\x00e\x00c\x00t\x00a\x00 \x00{\x00\
f\x00r\x00o\x00m\x00_\x00v\x00e\x00r\x00\
s\x00i\x00o\x00n\x00}\x00 \x00-\x00>\x00\
 \x00{\x00t\x00o\x00_\x00v\x00e\x00r\x00\
s\x00i\x00o\x00n\x00}\x08\x00\x00\x00\x00\x06\x00\
\x00\x00-Update succes\
s {from_version}\
 -> {to_version}\
\x07\x00\x00\x00\x08AboutTab\x01\x03\x00\
\x00\x00\xac\x00T\x00u\x00 \x00I\x00D\x00 \x00\
d\x00e\x00 \x00j\x00u\x00e\x00g\x00o\x00\
,\x00 \x00p\x00.\x00 \x00e\x00j\x00.\x00\
,\x00 \x001\x000\x002\x006\x003\x000\x00\
6\x001\x002\x003\x004\x005\x00,\x00 \x00\
s\x00e\x00 \x00v\x00i\x00n\x00c\x00u\x00\
l\x00a\x00r\x00\xe1\x00 \x00a\x00 \x00e\x00\
s\x00t\x00a\x00 \x00c\x00u\x00e\x00n\x00\
t\x00a\x00 \x00y\x00 \x00n\x00o\x00 \x00\
s\x00e\x00 \x00p\x00o\x00d\x00r\x00\xe1\x00\
 \x00c\x00a\x00m\x00b\x00i\x00a\x00r\x08\
\x00\x00\x00\x00\x06\x00\x00\x00L\xe4\xbd\xa0\xe7\x9a\x84\xe6\
\xb8\xb8\xe6\x88\x8f\xe7\xbc\x96\xe5\x8f\xb7, \xe5\xa6\x82\
102630612345, \xe5\xb0\
\x86\xe4\xbc\x9a\xe7\xbb\x91\xe5\xae\x9a\xe6\xad\xa4\xe8\xb4\xa6\
\xe5\x8f\xb7\xe4\xbd\xbf\xe7\x94\xa8\xe6\x97\xa0\xe6\xb3\x95\xe6\
\x9b\xb4\xe6\x94\xb9\x07\x00\x00\x00\x09ActWin\
dow\x01\x03\x00\x00\x00\x0e\x00A\x00c\x00t\x00\
i\x00v\x00a\x00r\x08\x00\x00\x00\x00\x06\x00\x00\x00\
\x06\xe6\xbf\x80\xe6\xb4\xbb\x07\x00\x00\x00\x09ActW\
indow\x01\x03\x00\x00\x00(\x00C\x00\xf3\x00\
d\x00i\x00g\x00o\x00 \x00d\x00e\x00 \x00\
a\x00c\x00t\x00i\x00v\x00a\x00c\x00i\x00\
\xf3\x00n\x08\x00\x00\x00\x00\x06\x00\x00\x00\x09\xe6\xbf\x80\
\xe6\xb4\xbb\xe7\xa0\x81\x07\x00\x00\x00\x09ActWi\
ndow\x01\x03\x00\x00\x00\x0c\x00P\x00r\x00u\
\x00e\x00b\x00a\x08\x00\x00\x00\x00\x06\x00\x00\x00\x06\
\xe8\xaf\x95\xe7\x94\xa8\x07\x00\x00\x00\x09ActWi\
ndow\x01\x03\x00\x00\x00L\x00\xa1\x00P\x00o\
\x00r\x00 \x00f\x00a\x00v\x00o\x00r\x00,\
\x00 \x00i\x00n\x00t\x00r\x00o\x00d\x00u\
\x00c\x00e\x00 \x00e\x00l\x00 \x00I\x00D\
\x00 \x00d\x00e\x00l\x00 \x00j\x00u\x00e\
\x00g\x00o\x00!\x08\x00\x00\x00\x00\x06\x00\x00\x00\x16\
\xe8\xaf\xb7\xe8\xbe\x93\xe5\x85\xa5\xe6\xb8\xb8\xe6\x88\x8f\xe7\
\xbc\x96\xe5\x8f\xb7!\x07\x00\x00\x00\x09ActWi\
ndow\x01\x03\x00\x00\x00\x5c\x00\xa1\x00P\x00o\
\x00r\x00 \x00f\x00a\x00v\x00o\x00r\x00,\
\x00 \x00i\x00n\x00t\x00r\x00o\x00d\x00u\
\x00c\x00e\x00 \x00e\x00l\x00 \x00c\x00\xf3\
\x00d\x00i\x00g\x00o\x00 \x00d\x00e\x00 \
\x00a\x00c\x00t\x00i\x00v\x00a\x00c\x00i\
\x00\xf3\x00n\x00!\x08\x00\x00\x00\x00\x06\x00\x00\x00\x13\
\xe8\xaf\xb7\xe8\xbe\x93\xe5\x85\xa5\xe6\xbf\x80\xe6\xb4\xbb\xe7\
\xa0\x81!\x07\x00\x00\x00\x09ActWindo\
w\x01\x03\x00\x00\x00,\x00A\x00c\x00t\x00i\x00\
v\x00a\x00c\x00i\x00\xf3\x00n\x00 \x00d\x00\
e\x00 \x00s\x00o\x00f\x00t\x00w\x00a\x00\
r\x00e\x08\x00\x00\x00\x00\x06\x00\x00\x00\x0c\xe8\xbd\xaf\
\xe4\xbb\xb6\xe6\xbf\x80\xe6\xb4\xbb\x07\x00\x00\x00\x09Ac\
tWindow\x01\x03\x00\x00\x00,\x00\xa1\x00\
V\x00e\x00r\x00i\x00f\x00i\x00c\x00a\x00\
c\x00i\x00\xf3\x00n\x00 \x00f\x00a\x00l\x00\
l\x00i\x00d\x00a\x00!\x08\x00\x00\x00\x00\x06\x00\
\x00\x00\x0d\xe9\xaa\x8c\xe8\xaf\x81\xe5\xa4\xb1\xe8\xb4\xa5!\
\x07\x00\x00\x00\x09ActWindow\x01\x03\
\x00\x00\x00,\x00\xa1\x00V\x00e\x00r\x00i\x00f\
\x00i\x00c\x00a\x00c\x00i\x00\xf3\x00n\x00 \
\x00e\x00x\x00i\x00t\x00o\x00s\x00a\x00!\
\x08\x00\x00\x00\x00\x06\x00\x00\x00\x0d\xe9\xaa\x8c\xe8\xaf\x81\
\xe6\x88\x90\xe5\x8a\x9f!\x07\x00\x00\x00\x09ActW\
indow\x01\x03\x00\x00\x00\x0c\x00A\x00\xf1\x00\
a\x00d\x00i\x00r\x08\x00\x00\x00\x00\x06\x00\x00\x00\
\x03Add\x07\x00\x00\x00\x11AddText\
MessageBox\x01\x03\x00\x00\x00\x10\
\x00C\x00a\x00n\x00c\x00e\x00l\x00a\x00r\
\x08\x00\x00\x00\x00\x06\x00\x00\x00\x06Cancel\
\x07\x00\x00\x00\x11AddTextMess\
ageBox\x01\x03\x00\x00\x00\x12\x00C\x00o\
\x00n\x00f\x00i\x00r\x00m\x00a\x00r\x08\x00\
\x00\x00\x00\x06\x00\x00\x00\x07Confirm\x07\
\x00\x00\x00\x11AddTextMessa\
geBox\x01\x03\x00\x00\x00V\x00\xbf\x00E\x00\
s\x00t\x00\xe1\x00s\x00 \x00s\x00e\x00g\x00\
u\x00r\x00o\x00 \x00d\x00e\x00 \x00q\x00\
u\x00e\x00 \x00q\x00u\x00i\x00e\x00r\x00\
e\x00s\x00 \x00e\x00l\x00i\x00m\x00i\x00\
n\x00a\x00r\x00 \x00'\x00{\x00}\x00'\x00\
?\x08\x00\x00\x00\x00\x06\x00\x00\x00%Are y\
ou sure you want\
 to delete '{}'?\
\x07\x00\x00\x00\x10AnnotationC\
anvas\x01\x03\x00\x00\x00*\x00C\x00o\x00\
n\x00f\x00i\x00r\x00m\x00a\x00r\x00 \x00\
e\x00l\x00i\x00m\x00i\x00n\x00a\x00c\x00\
i\x00\xf3\x00n\x08\x00\x00\x00\x00\x06\x00\x00\x00\x0eC\
onfirm Delete\x07\x00\x00\
\x00\x10AnnotationCanv\
as\x01\x03\x00\x00\x00\x0c\x00O\x00s\x00c\x00u\
\x00r\x00o\x08\x00\x00\x00\x00\x06\x00\x00\x00\x04Da\
rk\x07\x00\x00\x00\x0fAppConfig\
Widget\x01\x03\x00\x00\x00\x0a\x00C\x00l\
\x00a\x00r\x00o\x08\x00\x00\x00\x00\x06\x00\x00\x00\x05\
Light\x07\x00\x00\x00\x0fAppCon\
figWidget\x01\x03\x00\x00\x00\x08\x00\
T\x00e\x00m\x00a\x08\x00\x00\x00\x00\x06\x00\x00\x00\
\x05Theme\x07\x00\x00\x00\x0fAppCo\
nfigWidget\x01\x03\x00\x00\x00\x22\
\x00Y\x00a\x00 \x00e\x00x\x00i\x00s\x00t\
\x00e\x00 \x00e\x00n\x00 \x00'\x00{\x00}\
\x00'\x08\x00\x00\x00\x00\x06\x00\x00\x00\x16Alre\
ady exists in '{\
}'\x07\x00\x00\x00\x0aBBoxDialo\
g\x01\x03\x00\x00\x00$\x00C\x00u\x00a\x00d\x00\
r\x00o\x00 \x00d\x00e\x00l\x00i\x00m\x00\
i\x00t\x00a\x00d\x00o\x00r\x08\x00\x00\x00\x00\
\x06\x00\x00\x00\x0cBounding Bo\
x\x07\x00\x00\x00\x0aBBoxDialog\
\x01\x03\x00\x00\x00\x10\x00C\x00a\x00n\x00c\x00e\
\x00l\x00a\x00r\x08\x00\x00\x00\x00\x06\x00\x00\x00\x06\
Cancel\x07\x00\x00\x00\x0aBBoxD\
ialog\x01\x03\x00\x00\x00&\x00N\x00o\x00\
m\x00b\x00r\x00e\x00 \x00d\x00e\x00 \x00\
c\x00a\x00t\x00e\x00g\x00o\x00r\x00\xed\x00\
a\x08\x00\x00\x00\x00\x06\x00\x00\x00\x0dCateg\
ory name\x07\x00\x00\x00\x0aBBo\
xDialog\x01\x03\x00\x00\x00\x14\x00C\x00\
a\x00t\x00e\x00g\x00o\x00r\x00\xed\x00a\x00\
:\x08\x00\x00\x00\x00\x06\x00\x00\x00\x09Categ\
ory:\x07\x00\x00\x00\x0aBBoxDia\
log\x01\x03\x00\x00\x00\x0a\x00A\x00l\x00t\x00\
o\x00:\x08\x00\x00\x00\x00\x06\x00\x00\x00\x07Hei\
ght:\x07\x00\x00\x00\x0aBBoxDia\
log\x01\x03\x00\x00\x00 \x00N\x00o\x00m\x00\
b\x00r\x00e\x00 \x00r\x00e\x00q\x00u\x00\
e\x00r\x00i\x00d\x00o\x08\x00\x00\x00\x00\x06\x00\
\x00\x00\x0dName required\
\x07\x00\x00\x00\x0aBBoxDialog\x01\
\x03\x00\x00\x00\x0e\x00A\x00c\x00e\x00p\x00t\x00\
a\x00r\x08\x00\x00\x00\x00\x06\x00\x00\x00\x02OK\x07\
\x00\x00\x00\x0aBBoxDialog\x01\x03\
\x00\x00\x00\x0c\x00A\x00n\x00c\x00h\x00o\x00:\
\x08\x00\x00\x00\x00\x06\x00\x00\x00\x06Width:\
\x07\x00\x00\x00\x0aBBoxDialog\x01\
\x03\x00\x00\x00N\x00A\x00\xf1\x00a\x00d\x00i\x00\
r\x00 \x00a\x00c\x00c\x00e\x00s\x00o\x00\
 \x00d\x00i\x00r\x00e\x00c\x00t\x00o\x00\
 \x00a\x00l\x00 \x00m\x00e\x00n\x00\xfa\x00\
 \x00d\x00e\x00 \x00i\x00n\x00i\x00c\x00\
i\x00o\x08\x00\x00\x00\x00\x06\x00\x00\x00\x17Add\
 Start Menu Shor\
tcut\x07\x00\x00\x00\x0aConfigC\
ard\x01\x03\x00\x00\x002\x00R\x00e\x00s\x00\
t\x00a\x00b\x00l\x00e\x00c\x00e\x00r\x00\
 \x00c\x00o\x00n\x00f\x00i\x00g\x00u\x00\
r\x00a\x00c\x00i\x00\xf3\x00n\x08\x00\x00\x00\x00\
\x06\x00\x00\x00\x0cReset Confi\
g\x07\x00\x00\x00\x0aConfigCard\
\x01\x03\x00\x00\x00\x10\x00C\x00a\x00n\x00c\x00e\
\x00l\x00a\x00r\x08\x00\x00\x00\x00\x06\x00\x00\x00\x06\
Cancel\x07\x00\x00\x00\x0eCopyT\
askDialog\x01\x03\x00\x00\x00\x12\x00\
C\x00o\x00n\x00f\x00i\x00r\x00m\x00a\x00\
r\x08\x00\x00\x00\x00\x06\x00\x00\x00\x07Confi\
rm\x07\x00\x00\x00\x0eCopyTaskD\
ialog\x01\x03\x00\x00\x00\x18\x00C\x00o\x00\
p\x00i\x00a\x00r\x00 \x00t\x00a\x00r\x00\
e\x00a\x08\x00\x00\x00\x00\x06\x00\x00\x00\x09Cop\
y Task\x07\x00\x00\x00\x0eCopyT\
askDialog\x01\x03\x00\x00\x00:\x00\
S\x00e\x00l\x00e\x00c\x00c\x00i\x00o\x00\
n\x00a\x00r\x00 \x00t\x00a\x00r\x00e\x00\
a\x00 \x00a\x00 \x00c\x00o\x00p\x00i\x00\
a\x00r\x00.\x00.\x00.\x08\x00\x00\x00\x00\x06\x00\
\x00\x00\x16Select task t\
o copy...\x07\x00\x00\x00\x0eCo\
pyTaskDialog\x01\x03\x00\x00\
\x00&\x00(\x000\x00 \x00=\x00 \x00d\x00e\
\x00s\x00h\x00a\x00b\x00i\x00l\x00i\x00t\
\x00a\x00d\x00o\x00)\x08\x00\x00\x00\x00\x06\x00\x00\
\x00\x0e(0 = disabled)\
\x07\x00\x00\x00\x18CreateSched\
uleTaskDialog\x01\x03\x00\
\x00\x00\x06\x002\x004\x00h\x08\x00\x00\x00\x00\x06\x00\
\x00\x00\x0324h\x07\x00\x00\x00\x18Creat\
eScheduleTaskDia\
log\x01\x03\x00\x00\x00`\x00S\x00a\x00l\x00\
i\x00r\x00 \x00a\x00u\x00t\x00o\x00m\x00\
\xe1\x00t\x00i\x00c\x00a\x00m\x00e\x00n\x00\
t\x00e\x00 \x00a\x00l\x00 \x00f\x00i\x00\
n\x00a\x00l\x00i\x00z\x00a\x00r\x00 \x00\
l\x00a\x00 \x00t\x00a\x00r\x00e\x00a\x00\
 \x00(\x00-\x00e\x00)\x08\x00\x00\x00\x00\x06\x00\
\x00\x00\x1eAuto exit aft\
er task done (-e\
)\x07\x00\x00\x00\x18CreateSche\
duleTaskDialog\x01\x03\
\x00\x00\x00\x10\x00C\x00a\x00n\x00c\x00e\x00l\
\x00a\x00r\x08\x00\x00\x00\x00\x06\x00\x00\x00\x06Ca\
ncel\x07\x00\x00\x00\x18CreateS\
cheduleTaskDialo\
g\x01\x03\x00\x00\x00\x0a\x00C\x00r\x00e\x00a\x00\
r\x08\x00\x00\x00\x00\x06\x00\x00\x00\x06Creat\
e\x07\x00\x00\x00\x18CreateSche\
duleTaskDialog\x01\x03\
\x00\x00\x00,\x00C\x00r\x00e\x00a\x00r\x00 \
\x00t\x00a\x00r\x00e\x00a\x00 \x00p\x00r\
\x00o\x00g\x00r\x00a\x00m\x00a\x00d\x00a\
\x08\x00\x00\x00\x00\x06\x00\x00\x00\x14Create\
 Schedule Task\x07\x00\
\x00\x00\x18CreateSchedul\
eTaskDialog\x01\x03\x00\x00\x00\
\x1a\x00P\x00e\x00r\x00s\x00o\x00n\x00a\x00\
l\x00i\x00z\x00a\x00d\x00o\x08\x00\x00\x00\x00\
\x06\x00\x00\x00\x06Custom\x07\x00\x00\x00\x18\
CreateScheduleTa\
skDialog\x01\x03\x00\x00\x00.\x00I\
\x00n\x00t\x00e\x00r\x00v\x00a\x00l\x00o\
\x00 \x00p\x00e\x00r\x00s\x00o\x00n\x00a\
\x00l\x00i\x00z\x00a\x00d\x00o\x08\x00\x00\x00\
\x00\x06\x00\x00\x00\x0fCustom Int\
erval\x07\x00\x00\x00\x18Create\
ScheduleTaskDial\
og\x01\x03\x00\x00\x00\x16\x00D\x00i\x00a\x00r\
\x00i\x00a\x00m\x00e\x00n\x00t\x00e\x08\x00\
\x00\x00\x00\x06\x00\x00\x00\x05Daily\x07\x00\x00\
\x00\x18CreateSchedule\
TaskDialog\x01\x03\x00\x00\x00\x08\
\x00D\x00\xed\x00a\x00s\x08\x00\x00\x00\x00\x06\x00\x00\
\x00\x04Days\x07\x00\x00\x00\x18Creat\
eScheduleTaskDia\
log\x01\x03\x00\x00\x00\x08\x00H\x00o\x00r\x00\
a\x08\x00\x00\x00\x00\x06\x00\x00\x00\x04Hour\x07\
\x00\x00\x00\x18CreateSchedu\
leTaskDialog\x01\x03\x00\x00\
\x00\x0a\x00H\x00o\x00r\x00a\x00s\x08\x00\x00\x00\
\x00\x06\x00\x00\x00\x05Hours\x07\x00\x00\x00\x18\
CreateScheduleTa\
skDialog\x01\x03\x00\x00\x00\x0c\x00M\
\x00i\x00n\x00u\x00t\x00o\x08\x00\x00\x00\x00\x06\
\x00\x00\x00\x06Minute\x07\x00\x00\x00\x18C\
reateScheduleTas\
kDialog\x01\x03\x00\x00\x00\x18\x00M\x00\
e\x00n\x00s\x00u\x00a\x00l\x00m\x00e\x00\
n\x00t\x00e\x08\x00\x00\x00\x00\x06\x00\x00\x00\x07M\
onthly\x07\x00\x00\x00\x18Creat\
eScheduleTaskDia\
log\x01\x03\x00\x00\x002\x00N\x00o\x00 \x00\
h\x00a\x00y\x00 \x00t\x00a\x00r\x00e\x00\
a\x00s\x00 \x00d\x00i\x00s\x00p\x00o\x00\
n\x00i\x00b\x00l\x00e\x00s\x08\x00\x00\x00\x00\
\x06\x00\x00\x00\x12No tasks av\
ailable\x07\x00\x00\x00\x18Crea\
teScheduleTaskDi\
alog\x01\x03\x00\x00\x00\x0e\x00U\x00n\x00a\
\x00 \x00v\x00e\x00z\x08\x00\x00\x00\x00\x06\x00\x00\
\x00\x04Once\x07\x00\x00\x00\x18Creat\
eScheduleTaskDia\
log\x01\x03\x00\x00\x00\x22\x00S\x00e\x00l\x00\
e\x00c\x00c\x00i\x00o\x00n\x00a\x00r\x00\
 \x00t\x00a\x00r\x00e\x00a\x08\x00\x00\x00\x00\
\x06\x00\x00\x00\x0bSelect Task\
\x07\x00\x00\x00\x18CreateSched\
uleTaskDialog\x01\x03\x00\
\x00\x00\x1c\x00H\x00o\x00r\x00a\x00 \x00d\x00\
e\x00 \x00i\x00n\x00i\x00c\x00i\x00o\x08\
\x00\x00\x00\x00\x06\x00\x00\x00\x0aStart T\
ime\x07\x00\x00\x00\x18CreateSc\
heduleTaskDialog\
\x01\x03\x00\x00\x00$\x00O\x00p\x00c\x00i\x00o\
\x00n\x00e\x00s\x00 \x00d\x00e\x00 \x00i\
\x00n\x00i\x00c\x00i\x00o\x08\x00\x00\x00\x00\x06\
\x00\x00\x00\x0fStartup Opti\
ons\x07\x00\x00\x00\x18CreateSc\
heduleTaskDialog\
\x01\x03\x00\x00\x00 \x00T\x00i\x00e\x00m\x00p\
\x00o\x00 \x00d\x00e\x00 \x00e\x00s\x00p\
\x00e\x00r\x00a\x08\x00\x00\x00\x00\x06\x00\x00\x00\x07\
Timeout\x07\x00\x00\x00\x18Crea\
teScheduleTaskDi\
alog\x01\x03\x00\x00\x00\x22\x00T\x00i\x00p\
\x00o\x00 \x00d\x00e\x00 \x00a\x00c\x00t\
\x00i\x00v\x00a\x00d\x00o\x00r\x08\x00\x00\x00\
\x00\x06\x00\x00\x00\x0cTrigger Ty\
pe\x07\x00\x00\x00\x18CreateSch\
eduleTaskDialog\x01\
\x03\x00\x00\x00\x18\x00S\x00e\x00m\x00a\x00n\x00\
a\x00l\x00m\x00e\x00n\x00t\x00e\x08\x00\x00\
\x00\x00\x06\x00\x00\x00\x06Weekly\x07\x00\x00\
\x00\x18CreateSchedule\
TaskDialog\x01\x03\x00\x00\x00*\
\x00h\x00o\x00r\x00a\x00s\x00 \x00(\x000\
\x00 \x00=\x00 \x00i\x00l\x00i\x00m\x00i\
\x00t\x00a\x00d\x00o\x00)\x08\x00\x00\x00\x00\x06\
\x00\x00\x00\x15hours (0 = u\
nlimited)\x07\x00\x00\x00\x18Cr\
eateScheduleTask\
Dialog\x01\x03\x00\x00\x00\x10\x00C\x00a\
\x00n\x00c\x00e\x00l\x00a\x00r\x08\x00\x00\x00\
\x00\x06\x00\x00\x00\x06Cancel\x07\x00\x00\x00\
\x10CreateTaskDialo\
g\x01\x03\x00\x00\x00:\x00N\x00o\x00m\x00b\x00\
r\x00e\x00 \x00d\x00e\x00 \x00c\x00l\x00\
a\x00s\x00e\x00 \x00(\x00s\x00o\x00l\x00\
o\x00 \x00i\x00n\x00g\x00l\x00\xe9\x00s\x00\
)\x08\x00\x00\x00\x00\x06\x00\x00\x00\x19Class\
 Name (English o\
nly)\x07\x00\x00\x00\x10CreateT\
askDialog\x01\x03\x00\x00\x00\x12\x00\
C\x00o\x00n\x00f\x00i\x00r\x00m\x00a\x00\
r\x08\x00\x00\x00\x00\x06\x00\x00\x00\x07Confi\
rm\x07\x00\x00\x00\x10CreateTas\
kDialog\x01\x03\x00\x00\x00\x16\x00C\x00\
r\x00e\x00a\x00r\x00 \x00t\x00a\x00r\x00\
e\x00a\x08\x00\x00\x00\x00\x06\x00\x00\x00\x0bCre\
ate Task\x07\x00\x00\x00\x10Cre\
ateTaskDialog\x01\x03\x00\
\x00\x00,\x00D\x00e\x00s\x00c\x00r\x00i\x00\
p\x00c\x00i\x00\xf3\x00n\x00 \x00(\x00o\x00\
p\x00c\x00i\x00o\x00n\x00a\x00l\x00)\x08\
\x00\x00\x00\x00\x06\x00\x00\x00\x16Descrip\
tion (Optional)\x07\
\x00\x00\x00\x10CreateTaskDi\
alog\x01\x03\x00\x00\x00\x1e\x00N\x00o\x00m\
\x00b\x00r\x00e\x00 \x00d\x00e\x00 \x00t\
\x00a\x00r\x00e\x00a\x08\x00\x00\x00\x00\x06\x00\x00\
\x00\x09Task Name\x07\x00\x00\x00\x10\
CreateTaskDialog\
\x01\x03\x00\x00\x00\x1e\x00-\x00-\x00-\x00 \x00{\
\x00t\x00i\x00t\x00l\x00e\x00}\x00 \x00-\
\x00-\x00-\x08\x00\x00\x00\x00\x06\x00\x00\x00\x0f--\
- {title} ---\x07\x00\x00\
\x00\x08DebugTab\x01\x03\x00\x00\x00\x0c\
\x00L\x00l\x00a\x00m\x00a\x00r\x08\x00\x00\x00\
\x00\x06\x00\x00\x00\x04Call\x07\x00\x00\x00\x08D\
ebugTab\x01\x03\x00\x00\x00\x1c\x00C\x00\
a\x00p\x00t\x00u\x00r\x00e\x00 \x00&\x00\
 \x00L\x00o\x00a\x00d\x08\x00\x00\x00\x00\x06\x00\
\x00\x00\x0eCapture & Loa\
d\x07\x00\x00\x00\x08DebugTab\x01\x03\
\x00\x00\x00\x22\x00C\x00a\x00p\x00t\x00u\x00r\
\x00a\x00r\x00 \x00p\x00a\x00n\x00t\x00a\
\x00l\x00l\x00a\x08\x00\x00\x00\x00\x06\x00\x00\x00\x12\
Capture Screensh\
ot\x07\x00\x00\x00\x08DebugTab\x01\
\x03\x00\x00\x00\x1e\x00C\x00a\x00p\x00t\x00u\x00\
r\x00a\x00 \x00e\x00x\x00i\x00t\x00o\x00\
s\x00a\x08\x00\x00\x00\x00\x06\x00\x00\x00\x0fCap\
ture Success\x07\x00\x00\x00\
\x08DebugTab\x01\x03\x00\x00\x006\x00\
C\x00a\x00p\x00t\x00u\x00r\x00e\x00 \x00\
l\x00o\x00a\x00d\x00e\x00d\x00 \x00s\x00\
u\x00c\x00c\x00e\x00s\x00s\x00f\x00u\x00\
l\x00l\x00y\x08\x00\x00\x00\x00\x06\x00\x00\x00\x1bC\
apture loaded su\
ccessfully\x07\x00\x00\x00\x08D\
ebugTab\x01\x03\x00\x00\x006\x00L\x00\
a\x00 \x00c\x00a\x00p\x00t\x00u\x00r\x00\
a\x00 \x00n\x00o\x00 \x00d\x00e\x00v\x00\
o\x00l\x00v\x00i\x00\xf3\x00 \x00n\x00a\x00\
d\x00a\x08\x00\x00\x00\x00\x06\x00\x00\x00\x15Cap\
ture returned No\
ne\x07\x00\x00\x00\x08DebugTab\x01\
\x03\x00\x00\x00\x1e\x00C\x00l\x00e\x00a\x00r\x00\
 \x00S\x00e\x00l\x00e\x00c\x00t\x00i\x00\
o\x00n\x08\x00\x00\x00\x00\x06\x00\x00\x00\x0fCle\
ar Selection\x07\x00\x00\x00\
\x08DebugTab\x01\x03\x00\x00\x00.\x00\
C\x00o\x00n\x00v\x00e\x00r\x00t\x00i\x00\
r\x00 \x00a\x00r\x00c\x00h\x00i\x00v\x00\
o\x00s\x00 \x00i\x001\x008\x00n\x08\x00\x00\
\x00\x00\x06\x00\x00\x00\x12Convert i\
18n files\x07\x00\x00\x00\x08De\
bugTab\x01\x03\x00\x00\x00&\x00C\x00o\
\x00p\x00i\x00e\x00d\x00 \x00t\x00o\x00 \
\x00c\x00l\x00i\x00p\x00b\x00o\x00a\x00r\
\x00d\x08\x00\x00\x00\x00\x06\x00\x00\x00\x13Copi\
ed to clipboard\x07\
\x00\x00\x00\x08DebugTab\x01\x03\x00\x00\
\x00\x08\x00C\x00o\x00p\x00y\x08\x00\x00\x00\x00\x06\
\x00\x00\x00\x04Copy\x07\x00\x00\x00\x08Deb\
ugTab\x01\x03\x00\x00\x000\x00D\x00e\x00\
p\x00u\x00r\x00a\x00r\x00 \x00f\x00u\x00\
n\x00c\x00i\x00\xf3\x00n\x00 \x00d\x00e\x00\
 \x00t\x00a\x00r\x00e\x00a\x08\x00\x00\x00\x00\
\x06\x00\x00\x00\x13Debug Task \
Function\x07\x00\x00\x00\x08Deb\
ugTab\x01\x03\x00\x00\x002\x00H\x00e\x00\
r\x00r\x00a\x00m\x00i\x00e\x00n\x00t\x00\
a\x00 \x00d\x00e\x00 \x00d\x00e\x00p\x00\
u\x00r\x00a\x00c\x00i\x00\xf3\x00n\x08\x00\x00\
\x00\x00\x06\x00\x00\x00\x0aDebug Too\
l\x07\x00\x00\x00\x08DebugTab\x01\x03\
\x00\x00\x00Z\x00A\x00r\x00r\x00a\x00s\x00t\
\x00r\x00a\x00 \x00o\x00 \x00s\x00e\x00l\
\x00e\x00c\x00c\x00i\x00o\x00n\x00a\x00 \
\x00u\x00n\x00a\x00 \x00c\x00a\x00p\x00t\
\x00u\x00r\x00a\x00 \x00d\x00e\x00 \x00p\
\x00a\x00n\x00t\x00a\x00l\x00l\x00a\x08\x00\
\x00\x00\x00\x06\x00\x00\x00\x19Drop or \
Select Screensho\
t\x07\x00\x00\x00\x08DebugTab\x01\x03\
\x00\x00\x00@\x00V\x00o\x00l\x00c\x00a\x00r\
\x00 \x00h\x00i\x00l\x00o\x00s\x00 \x00(\
\x00A\x00t\x00a\x00j\x00o\x00:\x00 \x00C\
\x00t\x00r\x00l\x00+\x00A\x00l\x00t\x00+\
\x00D\x00)\x08\x00\x00\x00\x00\x06\x00\x00\x00\x1fDu\
mp Threads(HotKe\
y:Ctrl+Alt+D)\x07\x00\x00\
\x00\x08DebugTab\x01\x03\x00\x00\x00(\
\x00F\x00a\x00i\x00l\x00e\x00d\x00 \x00t\
\x00o\x00 \x00l\x00o\x00a\x00d\x00 \x00i\
\x00m\x00a\x00g\x00e\x08\x00\x00\x00\x00\x06\x00\x00\
\x00\x14Failed to load\
 image\x07\x00\x00\x00\x08Debug\
Tab\x01\x03\x00\x00\x00*\x00G\x00e\x00n\x00\
e\x00r\x00a\x00r\x00 \x00a\x00r\x00c\x00\
h\x00i\x00v\x00o\x00s\x00 \x00i\x001\x00\
8\x00n\x08\x00\x00\x00\x00\x06\x00\x00\x00\x13Gen\
erate i18n files\
\x07\x00\x00\x00\x08DebugTab\x01\x03\x00\
\x00\x00\x18\x00I\x00m\x00a\x00g\x00e\x00 \x00\
l\x00o\x00a\x00d\x00e\x00d\x08\x00\x00\x00\x00\
\x06\x00\x00\x00\x0cImage loade\
d\x07\x00\x00\x00\x08DebugTab\x01\x03\
\x00\x00\x00\x14\x00L\x00o\x00a\x00d\x00 \x00I\
\x00m\x00a\x00g\x00e\x08\x00\x00\x00\x00\x06\x00\x00\
\x00\x0aLoad Image\x07\x00\x00\x00\
\x08DebugTab\x01\x03\x00\x00\x00^\x00\
R\x00a\x00t\x00\xf3\x00n\x00:\x00 \x00(\x00\
{\x00p\x00x\x00}\x00,\x00 \x00{\x00p\x00\
y\x00}\x00)\x00 \x00r\x00a\x00t\x00i\x00\
o\x00:\x00 \x00(\x00{\x00r\x00x\x00:\x00\
.\x003\x00f\x00}\x00,\x00 \x00{\x00r\x00\
y\x00:\x00.\x003\x00f\x00}\x00)\x08\x00\x00\
\x00\x00\x06\x00\x00\x00/Mouse: ({\
px}, {py}) ratio\
: ({rx:.3f}, {ry\
:.3f})\x07\x00\x00\x00\x08Debug\
Tab\x01\x03\x00\x00\x00\x12\x00M\x00o\x00u\x00\
s\x00e\x00:\x00 \x00-\x00-\x08\x00\x00\x00\x00\
\x06\x00\x00\x00\x09Mouse: --\x07\x00\
\x00\x00\x08DebugTab\x01\x03\x00\x00\x00\
P\x00N\x00o\x00 \x00h\x00a\x00y\x00 \x00\
c\x00a\x00p\x00t\x00u\x00r\x00a\x00 \x00\
d\x00i\x00s\x00p\x00o\x00n\x00i\x00b\x00\
l\x00e\x00 \x00o\x00 \x00s\x00e\x00l\x00\
e\x00c\x00c\x00i\x00o\x00n\x00a\x00d\x00\
a\x08\x00\x00\x00\x00\x06\x00\x00\x00 No Ca\
pture Available \
or Selected\x07\x00\x00\x00\x08\
DebugTab\x01\x03\x00\x00\x00$\x00O\
\x00C\x00R\x00 \x00n\x00o\x00 \x00c\x00o\
\x00n\x00f\x00i\x00g\x00u\x00r\x00a\x00d\
\x00o\x08\x00\x00\x00\x00\x06\x00\x00\x00\x11No O\
CR configured\x07\x00\x00\
\x00\x08DebugTab\x01\x03\x00\x00\x00\x1e\
\x00N\x00o\x00 \x00i\x00m\x00a\x00g\x00e\
\x00 \x00l\x00o\x00a\x00d\x00e\x00d\x08\x00\
\x00\x00\x00\x06\x00\x00\x00\x0fNo image\
 loaded\x07\x00\x00\x00\x08Debu\
gTab\x01\x03\x00\x00\x00(\x00N\x00o\x00 \
\x00s\x00e\x00l\x00e\x00c\x00t\x00i\x00o\
\x00n\x00 \x00t\x00o\x00 \x00c\x00o\x00p\
\x00y\x08\x00\x00\x00\x00\x06\x00\x00\x00\x14No s\
election to copy\
\x07\x00\x00\x00\x08DebugTab\x01\x03\x00\
\x00\x00D\x00N\x00o\x00 \x00e\x00x\x00i\x00\
s\x00t\x00e\x00 \x00e\x00l\x00 \x00a\x00\
t\x00r\x00i\x00b\x00u\x00t\x00o\x00:\x00\
 \x00{\x00f\x00u\x00n\x00c\x00_\x00n\x00\
a\x00m\x00e\x00}\x08\x00\x00\x00\x00\x06\x00\x00\x00\
\x19No such attr: {\
func_name}\x07\x00\x00\x00\x08D\
ebugTab\x01\x03\x00\x00\x00\x06\x00O\x00\
C\x00R\x08\x00\x00\x00\x00\x06\x00\x00\x00\x03OCR\
\x07\x00\x00\x00\x08DebugTab\x01\x03\x00\
\x00\x00@\x00O\x00C\x00R\x00 \x00\xe9\x00x\x00\
i\x00t\x00o\x00 \x00(\x00r\x00e\x00g\x00\
i\x00s\x00t\x00r\x00a\x00d\x00o\x00)\x00\
:\x00 \x00{\x00r\x00e\x00s\x00u\x00l\x00\
t\x00}\x08\x00\x00\x00\x00\x06\x00\x00\x00\x1eOCR\
 success (Logged\
): {result}\x07\x00\x00\x00\x08\
DebugTab\x01\x03\x00\x00\x00*\x00O\
\x00C\x00R\x00 \x00e\x00x\x00i\x00t\x00o\
\x00s\x00o\x00:\x00 \x00{\x00r\x00e\x00s\
\x00u\x00l\x00t\x00}\x08\x00\x00\x00\x00\x06\x00\x00\
\x00\x15OCR success: {\
result}\x07\x00\x00\x00\x08Debu\
gTab\x01\x03\x00\x00\x00\x14\x00O\x00p\x00e\
\x00n\x00 \x00I\x00m\x00a\x00g\x00e\x08\x00\
\x00\x00\x00\x06\x00\x00\x00\x0aOpen Ima\
ge\x07\x00\x00\x00\x08DebugTab\x01\
\x03\x00\x00\x00\x1e\x00A\x00b\x00r\x00i\x00r\x00\
 \x00r\x00e\x00g\x00i\x00s\x00t\x00r\x00\
o\x00s\x08\x00\x00\x00\x00\x06\x00\x00\x00\x09Ope\
n Logs\x07\x00\x00\x00\x08Debug\
Tab\x01\x03\x00\x00\x00,\x00S\x00c\x00r\x00\
e\x00e\x00n\x00s\x00h\x00o\x00t\x00 \x00\
R\x00e\x00g\x00i\x00o\x00n\x00 \x00T\x00\
e\x00s\x00t\x08\x00\x00\x00\x00\x06\x00\x00\x00\x16S\
creenshot Region\
 Test\x07\x00\x00\x00\x08DebugT\
ab\x01\x03\x00\x00\x00@\x00S\x00e\x00l\x00e\
\x00c\x00c\x00i\x00o\x00n\x00a\x00r\x00 \
\x00c\x00a\x00p\x00t\x00u\x00r\x00a\x00s\
\x00 \x00d\x00e\x00 \x00p\x00a\x00n\x00t\
\x00a\x00l\x00l\x00a\x08\x00\x00\x00\x00\x06\x00\x00\
\x00\x12Select Screens\
hots\x07\x00\x00\x00\x08DebugTa\
b\x01\x03\x00\x00\x00d\x00S\x00e\x00l\x00e\x00\
c\x00t\x00 \x00a\x00 \x00r\x00e\x00g\x00\
i\x00o\x00n\x00 \x00o\x00n\x00 \x00t\x00\
h\x00e\x00 \x00i\x00m\x00a\x00g\x00e\x00\
 \x00t\x00o\x00 \x00s\x00e\x00e\x00 \x00\
c\x00o\x00o\x00r\x00d\x00i\x00n\x00a\x00\
t\x00e\x00s\x00.\x00.\x00.\x08\x00\x00\x00\x00\
\x06\x00\x00\x002Select a re\
gion on the imag\
e to see coordin\
ates...\x07\x00\x00\x00\x08Debu\
gTab\x01\x03\x00\x00\x00\x1c\x00S\x00e\x00l\
\x00e\x00c\x00t\x00i\x00o\x00n\x00 \x00I\
\x00n\x00f\x00o\x08\x00\x00\x00\x00\x06\x00\x00\x00\x0e\
Selection Info\x07\x00\
\x00\x00\x08DebugTab\x01\x03\x00\x00\x00\
\x1e\x00S\x00e\x00l\x00e\x00c\x00t\x00i\x00\
o\x00n\x00 \x00I\x00n\x00f\x00o\x00:\x08\
\x00\x00\x00\x00\x06\x00\x00\x00\x0fSelecti\
on Info:\x07\x00\x00\x00\x08Deb\
ugTab\x01\x03\x00\x00\x00>\x00E\x00s\x00\
c\x00r\x00i\x00b\x00e\x00 \x00u\x00n\x00\
a\x00 \x00f\x00u\x00n\x00c\x00i\x00\xf3\x00\
n\x00 \x00o\x00 \x00p\x00r\x00o\x00p\x00\
i\x00e\x00d\x00a\x00d\x08\x00\x00\x00\x00\x06\x00\
\x00\x00\x1bType a functi\
on or property\x07\x00\
\x00\x00\x08DebugTab\x01\x03\x00\x00\x00\
2\x00L\x00l\x00a\x00m\x00a\x00d\x00a\x00\
 \x00e\x00x\x00i\x00t\x00o\x00s\x00a\x00\
:\x00 \x00{\x00r\x00e\x00s\x00u\x00l\x00\
t\x00}\x08\x00\x00\x00\x00\x06\x00\x00\x00\x16cal\
l success: {resu\
lt}\x07\x00\x00\x00\x08DebugTab\
\x01\x03\x00\x00\x00Z\x00c\x00e\x00n\x00t\x00r\
\x00o\x00:\x00 \x00(\x00{\x00c\x00x\x00}\
\x00,\x00 \x00{\x00c\x00y\x00}\x00)\x00 \
\x00=\x00 \x00(\x00{\x00c\x00r\x00x\x00:\
\x00.\x004\x00f\x00}\x00,\x00 \x00{\x00c\
\x00r\x00y\x00:\x00.\x004\x00f\x00}\x00)\
\x08\x00\x00\x00\x00\x06\x00\x00\x00-center\
: ({cx}, {cy}) =\
 ({crx:.4f}, {cr\
y:.4f})\x07\x00\x00\x00\x08Debu\
gTab\x01\x03\x00\x00\x002\x00t\x00a\x00m\
\x00a\x00\xf1\x00o\x00 \x00d\x00e\x00 \x00i\
\x00m\x00a\x00g\x00e\x00n\x00:\x00 \x00{\
\x00w\x00}\x00x\x00{\x00h\x00}\x08\x00\x00\x00\
\x00\x06\x00\x00\x00\x13image size\
: {w}x{h}\x07\x00\x00\x00\x08De\
bugTab\x01\x03\x00\x00\x00r\x00r\x00a\
\x00t\x00i\x00o\x00:\x00 \x00r\x00x\x00=\
\x00{\x00r\x00x\x00:\x00.\x004\x00f\x00}\
\x00,\x00 \x00r\x00y\x00=\x00{\x00r\x00y\
\x00:\x00.\x004\x00f\x00}\x00,\x00 \x00r\
\x00w\x00=\x00{\x00r\x00w\x00:\x00.\x004\
\x00f\x00}\x00,\x00 \x00r\x00h\x00=\x00{\
\x00r\x00h\x00:\x00.\x004\x00f\x00}\x08\x00\
\x00\x00\x00\x06\x00\x00\x009ratio: r\
x={rx:.4f}, ry={\
ry:.4f}, rw={rw:\
.4f}, rh={rh:.4f\
}\x07\x00\x00\x00\x08DebugTab\x01\x03\
\x00\x00\x00D\x00x\x001\x00=\x00{\x00x\x001\
\x00}\x00,\x00 \x00y\x001\x00=\x00{\x00y\
\x001\x00}\x00,\x00 \x00x\x002\x00=\x00{\
\x00x\x002\x00}\x00,\x00 \x00y\x002\x00=\
\x00{\x00y\x002\x00}\x08\x00\x00\x00\x00\x06\x00\x00\
\x00\x22x1={x1}, y1={y\
1}, x2={x2}, y2=\
{y2}\x07\x00\x00\x00\x08DebugTa\
b\x01\x03\x00\x00\x004\x00x\x00=\x00{\x00x\x00\
}\x00,\x00 \x00y\x00=\x00{\x00y\x00}\x00\
,\x00 \x00w\x00=\x00{\x00w\x00}\x00,\x00\
 \x00h\x00=\x00{\x00h\x00}\x08\x00\x00\x00\x00\
\x06\x00\x00\x00\x1ax={x}, y={y\
}, w={w}, h={h}\x07\
\x00\x00\x00\x08DebugTab\x01\x03\x00\x00\
\x008\x00{\x00n\x00u\x00m\x00}\x00 \x00i\
\x00m\x00\xe1\x00g\x00e\x00n\x00e\x00s\x00 \
\x00s\x00e\x00l\x00e\x00c\x00c\x00i\x00o\
\x00n\x00a\x00d\x00a\x00s\x08\x00\x00\x00\x00\x06\
\x00\x00\x00\x15{num} images\
 selected\x07\x00\x00\x00\x08De\
bugTab\x01\x03\x00\x00\x00\x06\x00A\x00D\
\x00B\x08\x00\x00\x00\x00\x06\x00\x00\x00\x03ADB\x07\
\x00\x00\x00\x0bEditTaskTab\x01\
\x03\x00\x00\x00L\x00\xbf\x00E\x00s\x00t\x00\xe1\x00\
 \x00s\x00e\x00g\x00u\x00r\x00o\x00 \x00\
d\x00e\x00 \x00q\x00u\x00e\x00 \x00d\x00\
e\x00s\x00e\x00a\x00 \x00e\x00l\x00i\x00\
m\x00i\x00n\x00a\x00r\x00 \x00{\x00}\x00\
?\x08\x00\x00\x00\x00\x06\x00\x00\x00#Are y\
ou sure you want\
 to delete {}?\x07\x00\
\x00\x00\x0bEditTaskTab\x01\x03\
\x00\x00\x00\x08\x00C\x00a\x00j\x00a\x08\x00\x00\x00\
\x00\x06\x00\x00\x00\x03Box\x07\x00\x00\x00\x0bEd\
itTaskTab\x01\x03\x00\x00\x00\x10\x00\
C\x00a\x00n\x00c\x00e\x00l\x00a\x00r\x08\
\x00\x00\x00\x00\x06\x00\x00\x00\x06Cancel\x07\
\x00\x00\x00\x0bEditTaskTab\x01\
\x03\x00\x00\x00\x1a\x00E\x00l\x00e\x00g\x00i\x00\
r\x00 \x00t\x00a\x00r\x00e\x00a\x00:\x08\
\x00\x00\x00\x00\x06\x00\x00\x00\x0cChoose \
Task:\x07\x00\x00\x00\x0bEditTa\
skTab\x01\x03\x00\x00\x00*\x00C\x00o\x00\
n\x00f\x00i\x00r\x00m\x00a\x00r\x00 \x00\
e\x00l\x00i\x00m\x00i\x00n\x00a\x00c\x00\
i\x00\xf3\x00n\x08\x00\x00\x00\x00\x06\x00\x00\x00\x0eC\
onfirm Delete\x07\x00\x00\
\x00\x0bEditTaskTab\x01\x03\x00\
\x00\x00\x0e\x00C\x00o\x00n\x00t\x00r\x00o\x00\
l\x08\x00\x00\x00\x00\x06\x00\x00\x00\x07Contr\
ol\x07\x00\x00\x00\x0bEditTaskT\
ab\x01\x03\x00\x00\x00\x18\x00C\x00o\x00p\x00i\
\x00a\x00r\x00 \x00t\x00a\x00r\x00e\x00a\
\x08\x00\x00\x00\x00\x06\x00\x00\x00\x09Copy T\
ask\x07\x00\x00\x00\x0bEditTask\
Tab\x01\x03\x00\x00\x00\x5c\x00N\x00o\x00 \x00\
s\x00e\x00 \x00p\x00u\x00d\x00o\x00 \x00\
e\x00n\x00c\x00o\x00n\x00t\x00r\x00a\x00\
r\x00 \x00e\x00l\x00 \x00a\x00r\x00c\x00\
h\x00i\x00v\x00o\x00 \x00f\x00u\x00e\x00\
n\x00t\x00e\x00 \x00p\x00a\x00r\x00a\x00\
 \x00{\x00}\x08\x00\x00\x00\x00\x06\x00\x00\x00!C\
ould not find so\
urce file for {}\
\x07\x00\x00\x00\x0bEditTaskTab\
\x01\x03\x00\x00\x00\x22\x00C\x00r\x00e\x00a\x00r\
\x00 \x00n\x00u\x00e\x00v\x00a\x00 \x00t\
\x00a\x00r\x00e\x00a\x08\x00\x00\x00\x00\x06\x00\x00\
\x00\x0fCreate New Tas\
k\x07\x00\x00\x00\x0bEditTaskTa\
b\x01\x03\x00\x00\x00\x16\x00C\x00r\x00e\x00a\x00\
r\x00 \x00t\x00a\x00r\x00e\x00a\x08\x00\x00\
\x00\x00\x06\x00\x00\x00\x0bCreate Ta\
sk\x07\x00\x00\x00\x0bEditTaskT\
ab\x01\x03\x00\x00\x00\x1c\x00E\x00l\x00i\x00m\
\x00i\x00n\x00a\x00r\x00 \x00t\x00a\x00r\
\x00e\x00a\x08\x00\x00\x00\x00\x06\x00\x00\x00\x0bDe\
lete Task\x07\x00\x00\x00\x0bEd\
itTaskTab\x01\x03\x00\x00\x00D\x00\
N\x00o\x00m\x00b\x00r\x00e\x00 \x00d\x00\
e\x00 \x00v\x00i\x00s\x00u\x00a\x00l\x00\
i\x00z\x00a\x00c\x00i\x00\xf3\x00n\x00 \x00\
d\x00e\x00l\x00 \x00s\x00c\x00r\x00i\x00\
p\x00t\x08\x00\x00\x00\x00\x06\x00\x00\x00\x1bDis\
play name for th\
e script\x07\x00\x00\x00\x0bEdi\
tTaskTab\x01\x03\x00\x00\x00R\x00S\
\x00o\x00l\x00o\x00 \x00l\x00e\x00t\x00r\
\x00a\x00s\x00,\x00 \x00n\x00\xfa\x00m\x00e\
\x00r\x00o\x00s\x00 \x00y\x00 \x00c\x00a\
\x00r\x00a\x00c\x00t\x00e\x00r\x00e\x00s\
\x00 \x00v\x00\xe1\x00l\x00i\x00d\x00o\x00s\
\x08\x00\x00\x00\x00\x06\x00\x00\x00.Englis\
h, numbers and v\
alid filename ch\
ars only\x07\x00\x00\x00\x0bEdi\
tTaskTab\x01\x03\x00\x00\x00\x10\x00E\
\x00x\x00p\x00o\x00r\x00t\x00a\x00r\x08\x00\
\x00\x00\x00\x06\x00\x00\x00\x06Export\x07\x00\
\x00\x00\x0bEditTaskTab\x01\x03\
\x00\x00\x00\x1e\x00E\x00x\x00p\x00o\x00r\x00t\
\x00a\x00r\x00 \x00S\x00c\x00r\x00i\x00p\
\x00t\x08\x00\x00\x00\x00\x06\x00\x00\x00\x0dExpo\
rt Script\x07\x00\x00\x00\x0bEd\
itTaskTab\x01\x03\x00\x00\x00\x22\x00\
E\x00r\x00r\x00o\x00r\x00 \x00a\x00l\x00\
 \x00e\x00x\x00p\x00o\x00r\x00t\x00a\x00\
r\x08\x00\x00\x00\x00\x06\x00\x00\x00\x0dExpor\
t failed\x07\x00\x00\x00\x0bEdi\
tTaskTab\x01\x03\x00\x00\x00F\x00E\
\x00r\x00r\x00o\x00r\x00 \x00a\x00l\x00 \
\x00l\x00e\x00e\x00r\x00 \x00e\x00l\x00 \
\x00a\x00r\x00c\x00h\x00i\x00v\x00o\x00 \
\x00f\x00u\x00e\x00n\x00t\x00e\x00:\x00 \
\x00{\x00}\x08\x00\x00\x00\x00\x06\x00\x00\x00\x1eFa\
iled to read sou\
rce file: {}\x07\x00\x00\x00\
\x0bEditTaskTab\x01\x03\x00\x00\
\x00 \x00E\x00r\x00r\x00o\x00r\x00 \x00a\
\x00l\x00 \x00g\x00u\x00a\x00r\x00d\x00a\
\x00r\x08\x00\x00\x00\x00\x06\x00\x00\x00\x0eFail\
ed to save\x07\x00\x00\x00\x0bE\
ditTaskTab\x01\x03\x00\x00\x00\x0e\
\x00A\x00r\x00c\x00h\x00i\x00v\x00o\x08\x00\
\x00\x00\x00\x06\x00\x00\x00\x04File\x07\x00\x00\x00\
\x0bEditTaskTab\x01\x03\x00\x00\
\x00>\x00A\x00r\x00c\x00h\x00i\x00v\x00o\
\x00 \x00m\x00o\x00d\x00i\x00f\x00i\x00c\
\x00a\x00d\x00o\x00 \x00e\x00x\x00t\x00e\
\x00r\x00n\x00a\x00m\x00e\x00n\x00t\x00e\
\x08\x00\x00\x00\x00\x06\x00\x00\x00\x17File C\
hanged Externall\
y\x07\x00\x00\x00\x0bEditTaskTa\
b\x01\x03\x00\x00\x00$\x00N\x00o\x00m\x00b\x00\
r\x00e\x00 \x00d\x00e\x00 \x00a\x00r\x00\
c\x00h\x00i\x00v\x00o\x00:\x08\x00\x00\x00\x00\
\x06\x00\x00\x00\x0aFile Name:\x07\
\x00\x00\x00\x0bEditTaskTab\x01\
\x03\x00\x00\x00\x08\x00G\x00u\x00\xed\x00a\x08\x00\x00\
\x00\x00\x06\x00\x00\x00\x05Guide\x07\x00\x00\x00\
\x0bEditTaskTab\x01\x03\x00\x00\
\x00\x1e\x00I\x00m\x00p\x00o\x00r\x00t\x00a\
\x00r\x00 \x00S\x00c\x00r\x00i\x00p\x00t\
\x08\x00\x00\x00\x00\x06\x00\x00\x00\x0dImport\
 Script\x07\x00\x00\x00\x0bEdit\
TaskTab\x01\x03\x00\x00\x00\x22\x00E\x00\
r\x00r\x00o\x00r\x00 \x00a\x00l\x00 \x00\
i\x00m\x00p\x00o\x00r\x00t\x00a\x00r\x08\
\x00\x00\x00\x00\x06\x00\x00\x00\x0dImport \
failed\x07\x00\x00\x00\x0bEditT\
askTab\x01\x03\x00\x00\x00h\x00N\x00o\
\x00m\x00b\x00r\x00e\x00 \x00d\x00e\x00 \
\x00c\x00l\x00a\x00s\x00e\x00 \x00i\x00n\
\x00v\x00\xe1\x00l\x00i\x00d\x00o\x00.\x00 \
\x00S\x00o\x00l\x00o\x00 \x00c\x00a\x00r\
\x00a\x00c\x00t\x00e\x00r\x00e\x00s\x00 \
\x00e\x00n\x00 \x00i\x00n\x00g\x00l\x00\xe9\
\x00s\x00.\x08\x00\x00\x00\x00\x06\x00\x00\x004In\
valid Class Name\
. Must be Englis\
h characters onl\
y.\x07\x00\x00\x00\x0bEditTaskT\
ab\x01\x03\x00\x00\x00\x9e\x00N\x00o\x00m\x00b\
\x00r\x00e\x00 \x00d\x00e\x00 \x00a\x00r\
\x00c\x00h\x00i\x00v\x00o\x00 \x00n\x00o\
\x00 \x00v\x00\xe1\x00l\x00i\x00d\x00o\x00.\
\x00 \x00U\x00s\x00e\x00 \x00s\x00o\x00l\
\x00o\x00 \x00l\x00e\x00t\x00r\x00a\x00s\
\x00,\x00 \x00n\x00\xfa\x00m\x00e\x00r\x00o\
\x00s\x00,\x00 \x00g\x00u\x00i\x00o\x00n\
\x00e\x00s\x00 \x00b\x00a\x00j\x00o\x00s\
\x00 \x00y\x00 \x00g\x00u\x00i\x00o\x00n\
\x00e\x00s\x00.\x08\x00\x00\x00\x00\x06\x00\x00\x00K\
Invalid file nam\
e. Use English l\
etters, numbers,\
 underscores, hy\
phens only.\x07\x00\x00\x00\x0b\
EditTaskTab\x01\x03\x00\x00\x00\
\x0a\x00T\x00e\x00c\x00l\x00a\x08\x00\x00\x00\x00\
\x06\x00\x00\x00\x03Key\x07\x00\x00\x00\x0bEdi\
tTaskTab\x01\x03\x00\x00\x00\x10\x00R\
\x00e\x00g\x00i\x00s\x00t\x00r\x00o\x08\x00\
\x00\x00\x00\x06\x00\x00\x00\x07Logging\x07\
\x00\x00\x00\x0bEditTaskTab\x01\
\x03\x00\x00\x00\x1c\x00B\x00u\x00c\x00l\x00e\x00\
 \x00i\x00n\x00f\x00i\x00n\x00i\x00t\x00\
o\x08\x00\x00\x00\x00\x06\x00\x00\x00\x0fLoop \
infinitely\x07\x00\x00\x00\x0bE\
ditTaskTab\x01\x03\x00\x00\x00\x1a\
\x00B\x00u\x00c\x00l\x00e\x00 \x00x\x00 \
\x00v\x00e\x00c\x00e\x00s\x08\x00\x00\x00\x00\x06\
\x00\x00\x00\x0cLoop x times\
\x07\x00\x00\x00\x0bEditTaskTab\
\x01\x03\x00\x00\x00\x0a\x00R\x00a\x00t\x00\xf3\x00n\
\x08\x00\x00\x00\x00\x06\x00\x00\x00\x05Mouse\x07\
\x00\x00\x00\x0bEditTaskTab\x01\
\x03\x00\x00\x00\x12\x00S\x00i\x00n\x00 \x00b\x00\
u\x00c\x00l\x00e\x08\x00\x00\x00\x00\x06\x00\x00\x00\
\x07No loop\x07\x00\x00\x00\x0bEdi\
tTaskTab\x01\x03\x00\x00\x008\x00N\
\x00o\x00 \x00h\x00a\x00y\x00 \x00t\x00a\
\x00r\x00e\x00a\x00s\x00 \x00p\x00a\x00r\
\x00a\x00 \x00e\x00x\x00p\x00o\x00r\x00t\
\x00a\x00r\x00.\x08\x00\x00\x00\x00\x06\x00\x00\x00\x13\
No tasks to expo\
rt.\x07\x00\x00\x00\x0bEditTask\
Tab\x01\x03\x00\x00\x00\x06\x00O\x00C\x00R\x08\
\x00\x00\x00\x00\x06\x00\x00\x00\x03OCR\x07\x00\x00\x00\
\x0bEditTaskTab\x01\x03\x00\x00\
\x00\x0e\x00A\x00c\x00e\x00p\x00t\x00a\x00r\
\x08\x00\x00\x00\x00\x06\x00\x00\x00\x02OK\x07\x00\x00\x00\
\x0bEditTaskTab\x01\x03\x00\x00\
\x00l\x00A\x00r\x00c\x00h\x00i\x00v\x00o\
\x00s\x00 \x00O\x00K\x00S\x00c\x00r\x00i\
\x00p\x00t\x00 \x00(\x00*\x00.\x00o\x00k\
\x00s\x00c\x00r\x00i\x00p\x00t\x00)\x00;\
\x00;\x00T\x00o\x00d\x00o\x00s\x00 \x00l\
\x00o\x00s\x00 \x00a\x00r\x00c\x00h\x00i\
\x00v\x00o\x00s\x00 \x00(\x00*\x00)\x08\x00\
\x00\x00\x00\x06\x00\x00\x00*OKScript\
 Files (*.okscri\
pt);;All Files (\
*)\x07\x00\x00\x00\x0bEditTaskT\
ab\x01\x03\x00\x00\x00\x0a\x00O\x00t\x00r\x00o\
\x00s\x08\x00\x00\x00\x00\x06\x00\x00\x00\x05Othe\
r\x07\x00\x00\x00\x0bEditTaskTa\
b\x01\x03\x00\x00\x00X\x00S\x00e\x00l\x00e\x00\
c\x00c\x00i\x00o\x00n\x00e\x00 \x00a\x00\
l\x00 \x00m\x00e\x00n\x00o\x00s\x00 \x00\
u\x00n\x00a\x00 \x00t\x00a\x00r\x00e\x00\
a\x00 \x00p\x00a\x00r\x00a\x00 \x00e\x00\
x\x00p\x00o\x00r\x00t\x00a\x00r\x00.\x08\
\x00\x00\x00\x00\x06\x00\x00\x00*Please \
select at least \
one task to expo\
rt.\x07\x00\x00\x00\x0bEditTask\
Tab\x01\x03\x00\x00\x00\x0c\x00G\x00r\x00a\x00\
b\x00a\x00r\x08\x00\x00\x00\x00\x06\x00\x00\x00\x06R\
ecord\x07\x00\x00\x00\x0bEditTa\
skTab\x01\x03\x00\x00\x00\x86\x00L\x00a\x00\
 \x00g\x00r\x00a\x00b\x00a\x00c\x00i\x00\
\xf3\x00n\x00 \x00s\x00o\x00b\x00r\x00e\x00\
s\x00c\x00r\x00i\x00b\x00i\x00r\x00\xe1\x00\
 \x00l\x00a\x00 \x00l\x00\xf3\x00g\x00i\x00\
c\x00a\x00 \x00d\x00e\x00l\x00 \x00s\x00\
c\x00r\x00i\x00p\x00t\x00 \x00a\x00c\x00\
t\x00u\x00a\x00l\x00.\x00 \x00\xbf\x00C\x00\
o\x00n\x00t\x00i\x00n\x00u\x00a\x00r\x00\
?\x08\x00\x00\x00\x00\x06\x00\x00\x008Recor\
d will override \
the current scri\
pt logic. Contin\
ue?\x07\x00\x00\x00\x0bEditTask\
Tab\x01\x03\x00\x00\x00\x86\x00L\x00a\x00 \x00\
g\x00r\x00a\x00b\x00a\x00c\x00i\x00\xf3\x00\
n\x00 \x00c\x00o\x00m\x00e\x00n\x00z\x00\
a\x00r\x00\xe1\x00 \x00c\x00u\x00a\x00n\x00\
d\x00o\x00 \x00l\x00a\x00 \x00v\x00e\x00\
n\x00t\x00a\x00n\x00a\x00 \x00'\x00{\x00\
h\x00w\x00n\x00d\x00_\x00n\x00a\x00m\x00\
e\x00}\x00'\x00 \x00e\x00s\x00t\x00\xe9\x00\
 \x00a\x00c\x00t\x00i\x00v\x00a\x00.\x08\
\x00\x00\x00\x00\x06\x00\x00\x00>Recordi\
ng will start wh\
en window '{hwnd\
_name}' becomes \
active.\x07\x00\x00\x00\x0bEdit\
TaskTab\x01\x03\x00\x00\x00\x10\x00E\x00\
j\x00e\x00c\x00u\x00t\x00a\x00r\x08\x00\x00\
\x00\x00\x06\x00\x00\x00\x03Run\x07\x00\x00\x00\x0bE\
ditTaskTab\x01\x03\x00\x00\x00\x0e\
\x00G\x00u\x00a\x00r\x00d\x00a\x00r\x08\x00\
\x00\x00\x00\x06\x00\x00\x00\x04Save\x07\x00\x00\x00\
\x0bEditTaskTab\x01\x03\x00\x00\
\x00\x1e\x00G\x00u\x00a\x00r\x00d\x00a\x00r\
\x00 \x00c\x00a\x00m\x00b\x00i\x00o\x00s\
\x08\x00\x00\x00\x00\x06\x00\x00\x00\x0cSave C\
hanges\x07\x00\x00\x00\x0bEditT\
askTab\x01\x03\x00\x00\x00$\x00N\x00o\
\x00m\x00b\x00r\x00e\x00 \x00d\x00e\x00l\
\x00 \x00s\x00c\x00r\x00i\x00p\x00t\x00:\
\x08\x00\x00\x00\x00\x06\x00\x00\x00\x0cScript\
 Name:\x07\x00\x00\x00\x0bEditT\
askTab\x01\x03\x00\x00\x00p\x00S\x00c\
\x00r\x00i\x00p\x00t\x00 \x00e\x00x\x00p\
\x00o\x00r\x00t\x00a\x00d\x00o\x00 \x00e\
\x00x\x00i\x00t\x00o\x00s\x00a\x00m\x00e\
\x00n\x00t\x00e\x00 \x00a\x00 \x00l\x00a\
\x00 \x00c\x00a\x00r\x00p\x00e\x00t\x00a\
\x00 \x00d\x00e\x00 \x00D\x00e\x00s\x00c\
\x00a\x00r\x00g\x00a\x00s\x00.\x08\x00\x00\x00\
\x00\x06\x00\x00\x001Script exp\
orted successful\
ly to Downloads \
folder.\x07\x00\x00\x00\x0bEdit\
TaskTab\x01\x03\x00\x00\x00H\x00E\x00\
l\x00 \x00n\x00o\x00m\x00b\x00r\x00e\x00\
 \x00d\x00e\x00l\x00 \x00s\x00c\x00r\x00\
i\x00p\x00t\x00 \x00e\x00s\x00 \x00o\x00\
b\x00l\x00i\x00g\x00a\x00t\x00o\x00r\x00\
i\x00o\x00.\x08\x00\x00\x00\x00\x06\x00\x00\x00\x18S\
cript name is re\
quired.\x07\x00\x00\x00\x0bEdit\
TaskTab\x01\x03\x00\x00\x00(\x00B\x00\
u\x00s\x00c\x00a\x00r\x00 \x00p\x00l\x00\
a\x00n\x00t\x00i\x00l\x00l\x00a\x00s\x00\
.\x00.\x00.\x08\x00\x00\x00\x00\x06\x00\x00\x00\x13S\
earch templates.\
..\x07\x00\x00\x00\x0bEditTaskT\
ab\x01\x03\x00\x00\x00:\x00S\x00e\x00l\x00e\
\x00c\x00c\x00i\x00o\x00n\x00a\x00r\x00 \
\x00a\x00r\x00c\x00h\x00i\x00v\x00o\x00 \
\x00d\x00e\x00 \x00s\x00c\x00r\x00i\x00p\
\x00t\x08\x00\x00\x00\x00\x06\x00\x00\x00\x12Sele\
ct Script File\x07\x00\
\x00\x00\x0bEditTaskTab\x01\x03\
\x00\x00\x00<\x00S\x00e\x00l\x00e\x00c\x00c\
\x00i\x00o\x00n\x00a\x00r\x00 \x00t\x00a\
\x00r\x00e\x00a\x00s\x00 \x00a\x00 \x00e\
\x00x\x00p\x00o\x00r\x00t\x00a\x00r\x00:\
\x08\x00\x00\x00\x00\x06\x00\x00\x00\x17Select\
 tasks to export\
:\x07\x00\x00\x00\x0bEditTaskTa\
b\x01\x03\x00\x00\x00\x0e\x00D\x00e\x00t\x00e\x00\
n\x00e\x00r\x08\x00\x00\x00\x00\x06\x00\x00\x00\x04S\
top\x07\x00\x00\x00\x0bEditTask\
Tab\x01\x03\x00\x00\x00\x0a\x00\xc9\x00x\x00i\x00\
t\x00o\x08\x00\x00\x00\x00\x06\x00\x00\x00\x07Suc\
cess\x07\x00\x00\x00\x0bEditTas\
kTab\x01\x03\x00\x00\x00J\x00E\x00l\x00 \
\x00n\x00o\x00m\x00b\x00r\x00e\x00 \x00d\
\x00e\x00 \x00l\x00a\x00 \x00t\x00a\x00r\
\x00e\x00a\x00 \x00e\x00s\x00 \x00o\x00b\
\x00l\x00i\x00g\x00a\x00t\x00o\x00r\x00i\
\x00o\x00.\x08\x00\x00\x00\x00\x06\x00\x00\x00\x16Ta\
sk Name is requi\
red.\x07\x00\x00\x00\x0bEditTas\
kTab\x01\x03\x00\x00\x000\x00T\x00a\x00r\
\x00e\x00a\x00 \x00c\x00o\x00p\x00i\x00a\
\x00d\x00a\x00 \x00c\x00o\x00n\x00 \x00\xe9\
\x00x\x00i\x00t\x00o\x00.\x08\x00\x00\x00\x00\x06\
\x00\x00\x00\x19Task copied \
successfully.\x07\x00\x00\
\x00\x0bEditTaskTab\x01\x03\x00\
\x00\x00.\x00T\x00a\x00r\x00e\x00a\x00 \x00\
c\x00r\x00e\x00a\x00d\x00a\x00 \x00c\x00\
o\x00n\x00 \x00\xe9\x00x\x00i\x00t\x00o\x00\
.\x08\x00\x00\x00\x00\x06\x00\x00\x00\x1aTask \
created successf\
ully.\x07\x00\x00\x00\x0bEditTa\
skTab\x01\x03\x00\x00\x004\x00T\x00a\x00\
r\x00e\x00a\x00 \x00e\x00l\x00i\x00m\x00\
i\x00n\x00a\x00d\x00a\x00 \x00c\x00o\x00\
n\x00 \x00\xe9\x00x\x00i\x00t\x00o\x00.\x08\
\x00\x00\x00\x00\x06\x00\x00\x00\x1aTask de\
leted successful\
ly.\x07\x00\x00\x00\x0bEditTask\
Tab\x01\x03\x00\x00\x00<\x00E\x00l\x00 \x00\
a\x00r\x00c\x00h\x00i\x00v\x00o\x00 \x00\
d\x00e\x00 \x00t\x00a\x00r\x00e\x00a\x00\
 \x00y\x00a\x00 \x00e\x00x\x00i\x00s\x00\
t\x00e\x00.\x08\x00\x00\x00\x00\x06\x00\x00\x00\x19T\
ask file already\
 exists.\x07\x00\x00\x00\x0bEdi\
tTaskTab\x01\x03\x00\x00\x00:\x00T\
\x00a\x00r\x00e\x00a\x00 \x00r\x00e\x00c\
\x00o\x00n\x00s\x00t\x00r\x00u\x00i\x00d\
\x00a\x00 \x00c\x00o\x00n\x00 \x00\xe9\x00x\
\x00i\x00t\x00o\x00.\x08\x00\x00\x00\x00\x06\x00\x00\
\x00\x1aTask rebuilt s\
uccessfully.\x07\x00\x00\x00\
\x0bEditTaskTab\x01\x03\x00\x00\
\x002\x00C\x00o\x00i\x00n\x00c\x00i\x00d\
\x00e\x00n\x00c\x00i\x00a\x00 \x00d\x00e\
\x00 \x00p\x00l\x00a\x00n\x00t\x00i\x00l\
\x00l\x00a\x08\x00\x00\x00\x00\x06\x00\x00\x00\x11Te\
mplate Matching\x07\
\x00\x00\x00\x0bEditTaskTab\x01\
\x03\x00\x00\x00z\x00L\x00a\x00 \x00t\x00a\x00\
r\x00e\x00a\x00 \x00a\x00c\x00t\x00u\x00\
a\x00l\x00 \x00t\x00i\x00e\x00n\x00e\x00\
 \x00c\x00a\x00m\x00b\x00i\x00o\x00s\x00\
 \x00s\x00i\x00n\x00 \x00g\x00u\x00a\x00\
r\x00d\x00a\x00r\x00.\x00 \x00\xbf\x00D\x00\
e\x00s\x00e\x00a\x00 \x00g\x00u\x00a\x00\
r\x00d\x00a\x00r\x00l\x00o\x00s\x00?\x08\
\x00\x00\x00\x00\x06\x00\x00\x00?The cur\
rent task has un\
saved changes. D\
o you want to sa\
ve them?\x07\x00\x00\x00\x0bEdi\
tTaskTab\x01\x03\x00\x00\x00\xaa\x00E\
\x00l\x00 \x00a\x00r\x00c\x00h\x00i\x00v\
\x00o\x00 \x00f\x00u\x00e\x00 \x00m\x00o\
\x00d\x00i\x00f\x00i\x00c\x00a\x00d\x00o\
\x00 \x00e\x00x\x00t\x00e\x00r\x00n\x00a\
\x00m\x00e\x00n\x00t\x00e\x00.\x00 \x00\xbf\
\x00D\x00e\x00s\x00e\x00a\x00 \x00s\x00o\
\x00b\x00r\x00e\x00s\x00c\x00r\x00i\x00b\
\x00i\x00r\x00 \x00s\x00u\x00s\x00 \x00c\
\x00a\x00m\x00b\x00i\x00o\x00s\x00 \x00n\
\x00o\x00 \x00g\x00u\x00a\x00r\x00d\x00a\
\x00d\x00o\x00s\x00?\x08\x00\x00\x00\x00\x06\x00\x00\
\x00PThe file was m\
odified external\
ly. Do you want \
to overwrite you\
r unsaved change\
s?\x07\x00\x00\x00\x0bEditTaskT\
ab\x01\x03\x00\x00\x00\x10\x00V\x00e\x00r\x00s\
\x00i\x00\xf3\x00n\x00:\x08\x00\x00\x00\x00\x06\x00\x00\
\x00\x08Version:\x07\x00\x00\x00\x0bE\
ditTaskTab\x01\x03\x00\x00\x00\x16\
\x00A\x00d\x00v\x00e\x00r\x00t\x00e\x00n\
\x00c\x00i\x00a\x08\x00\x00\x00\x00\x06\x00\x00\x00\x07\
Warning\x07\x00\x00\x00\x0bEdit\
TaskTab\x01\x03\x00\x00\x00\x0e\x00V\x00\
e\x00n\x00t\x00a\x00n\x00a\x08\x00\x00\x00\x00\
\x06\x00\x00\x00\x06Window\x07\x00\x00\x00\x0b\
EditTaskTab\x01\x03\x00\x00\x00\
\x12\x00a\x00d\x00b\x00_\x00s\x00h\x00e\x00\
l\x00l\x08\x00\x00\x00\x00\x06\x00\x00\x00\x09adb\
_shell\x07\x00\x00\x00\x0bEditT\
askTab\x01\x03\x00\x00\x00\x16\x00a\x00d\
\x00b\x00_\x00u\x00i\x00_\x00d\x00u\x00m\
\x00p\x08\x00\x00\x00\x00\x06\x00\x00\x00\x0badb_\
ui_dump\x07\x00\x00\x00\x0bEdit\
TaskTab\x01\x03\x00\x00\x00\x18\x00a\x00\
d\x00d\x00_\x00t\x00e\x00x\x00t\x00_\x00\
f\x00i\x00x\x08\x00\x00\x00\x00\x06\x00\x00\x00\x0ca\
dd_text_fix\x07\x00\x00\x00\x0b\
EditTaskTab\x01\x03\x00\x00\x00\
\x08\x00b\x00a\x00c\x00k\x08\x00\x00\x00\x00\x06\x00\
\x00\x00\x04back\x07\x00\x00\x00\x0bEdit\
TaskTab\x01\x03\x00\x00\x00\x08\x00c\x00\
a\x00j\x00a\x08\x00\x00\x00\x00\x06\x00\x00\x00\x03b\
ox\x07\x00\x00\x00\x0bEditTaskT\
ab\x01\x03\x00\x00\x000\x00b\x00o\x00x\x00_\
\x00i\x00n\x00_\x00h\x00o\x00r\x00i\x00z\
\x00o\x00n\x00t\x00a\x00l\x00_\x00c\x00e\
\x00n\x00t\x00e\x00r\x08\x00\x00\x00\x00\x06\x00\x00\
\x00\x18box_in_horizon\
tal_center\x07\x00\x00\x00\x0bE\
ditTaskTab\x01\x03\x00\x00\x00\x1a\
\x00b\x00o\x00x\x00_\x00o\x00f\x00_\x00s\
\x00c\x00r\x00e\x00e\x00n\x08\x00\x00\x00\x00\x06\
\x00\x00\x00\x0dbox_of_scree\
n\x07\x00\x00\x00\x0bEditTaskTa\
b\x01\x03\x00\x00\x00(\x00b\x00o\x00x\x00_\x00\
o\x00f\x00_\x00s\x00c\x00r\x00e\x00e\x00\
n\x00_\x00s\x00c\x00a\x00l\x00e\x00d\x08\
\x00\x00\x00\x00\x06\x00\x00\x00\x14box_of_\
screen_scaled\x07\x00\x00\
\x00\x0bEditTaskTab\x01\x03\x00\
\x00\x004\x00c\x00a\x00l\x00c\x00u\x00l\x00\
a\x00t\x00e\x00_\x00c\x00o\x00l\x00o\x00\
r\x00_\x00p\x00e\x00r\x00c\x00e\x00n\x00\
t\x00a\x00g\x00e\x08\x00\x00\x00\x00\x06\x00\x00\x00\
\x1acalculate_color\
_percentage\x07\x00\x00\x00\x0b\
EditTaskTab\x01\x03\x00\x00\x00\
\x12\x00c\x00l\x00e\x00a\x00r\x00_\x00b\x00\
o\x00x\x08\x00\x00\x00\x00\x06\x00\x00\x00\x09cle\
ar_box\x07\x00\x00\x00\x0bEditT\
askTab\x01\x03\x00\x00\x00\x0a\x00c\x00l\
\x00i\x00c\x00k\x08\x00\x00\x00\x00\x06\x00\x00\x00\x05\
click\x07\x00\x00\x00\x0bEditTa\
skTab\x01\x03\x00\x00\x00\x12\x00c\x00l\x00\
i\x00c\x00k\x00_\x00b\x00o\x00x\x08\x00\x00\
\x00\x00\x06\x00\x00\x00\x09click_box\
\x07\x00\x00\x00\x0bEditTaskTab\
\x01\x03\x00\x00\x00.\x00c\x00l\x00i\x00c\x00k\
\x00_\x00b\x00o\x00x\x00_\x00i\x00f\x00_\
\x00n\x00a\x00m\x00e\x00_\x00m\x00a\x00t\
\x00c\x00h\x08\x00\x00\x00\x00\x06\x00\x00\x00\x17cl\
ick_box_if_name_\
match\x07\x00\x00\x00\x0bEditTa\
skTab\x01\x03\x00\x00\x00\x1c\x00c\x00l\x00\
i\x00c\x00k\x00_\x00r\x00e\x00l\x00a\x00\
t\x00i\x00v\x00e\x08\x00\x00\x00\x00\x06\x00\x00\x00\
\x0eclick_relative\x07\
\x00\x00\x00\x0bEditTaskTab\x01\
\x03\x00\x00\x00\x12\x00c\x00l\x00i\x00p\x00b\x00\
o\x00a\x00r\x00d\x08\x00\x00\x00\x00\x06\x00\x00\x00\
\x09clipboard\x07\x00\x00\x00\x0bE\
ditTaskTab\x01\x03\x00\x00\x00\x1e\
\x00c\x00r\x00e\x00a\x00t\x00e\x00_\x00s\
\x00h\x00o\x00r\x00t\x00c\x00u\x00t\x08\x00\
\x00\x00\x00\x06\x00\x00\x00\x0fcreate_s\
hortcut\x07\x00\x00\x00\x0bEdit\
TaskTab\x01\x03\x00\x00\x00\x0e\x00d\x00\
i\x00s\x00a\x00b\x00l\x00e\x08\x00\x00\x00\x00\
\x06\x00\x00\x00\x07disable\x07\x00\x00\x00\
\x0bEditTaskTab\x01\x03\x00\x00\
\x00\x14\x00d\x00r\x00a\x00w\x00_\x00b\x00o\
\x00x\x00e\x00s\x08\x00\x00\x00\x00\x06\x00\x00\x00\x0a\
draw_boxes\x07\x00\x00\x00\x0bE\
ditTaskTab\x01\x03\x00\x00\x00\x0c\
\x00e\x00n\x00a\x00b\x00l\x00e\x08\x00\x00\x00\
\x00\x06\x00\x00\x00\x06enable\x07\x00\x00\x00\
\x0bEditTaskTab\x01\x03\x00\x00\
\x00\x1e\x00e\x00n\x00s\x00u\x00r\x00e\x00_\
\x00i\x00n\x00_\x00f\x00r\x00o\x00n\x00t\
\x08\x00\x00\x00\x00\x06\x00\x00\x00\x0fensure\
_in_front\x07\x00\x00\x00\x0bEd\
itTaskTab\x01\x03\x00\x00\x00\x1c\x00\
f\x00e\x00a\x00t\x00u\x00r\x00e\x00_\x00\
e\x00x\x00i\x00s\x00t\x00s\x08\x00\x00\x00\x00\
\x06\x00\x00\x00\x0efeature_exi\
sts\x07\x00\x00\x00\x0bEditTask\
Tab\x01\x03\x00\x00\x00\x12\x00e\x00n\x00c\x00\
o\x00n\x00t\x00r\x00a\x00r\x08\x00\x00\x00\x00\
\x06\x00\x00\x00\x04find\x07\x00\x00\x00\x0bEd\
itTaskTab\x01\x03\x00\x00\x00,\x00\
f\x00i\x00n\x00d\x00_\x00b\x00e\x00s\x00\
t\x00_\x00m\x00a\x00t\x00c\x00h\x00_\x00\
i\x00n\x00_\x00b\x00o\x00x\x08\x00\x00\x00\x00\
\x06\x00\x00\x00\x16find_best_m\
atch_in_box\x07\x00\x00\x00\x0b\
EditTaskTab\x01\x03\x00\x00\x00\
\x14\x00f\x00i\x00n\x00d\x00_\x00b\x00o\x00\
x\x00e\x00s\x08\x00\x00\x00\x00\x06\x00\x00\x00\x0af\
ind_boxes\x07\x00\x00\x00\x0bEd\
itTaskTab\x01\x03\x00\x00\x00\x18\x00\
f\x00i\x00n\x00d\x00_\x00f\x00e\x00a\x00\
t\x00u\x00r\x00e\x08\x00\x00\x00\x00\x06\x00\x00\x00\
\x0cfind_feature\x07\x00\x00\
\x00\x0bEditTaskTab\x01\x03\x00\
\x00\x00(\x00f\x00i\x00n\x00d\x00_\x00f\x00\
e\x00a\x00t\x00u\x00r\x00e\x00_\x00a\x00\
n\x00d\x00_\x00s\x00e\x00t\x08\x00\x00\x00\x00\
\x06\x00\x00\x00\x14find_featur\
e_and_set\x07\x00\x00\x00\x0bEd\
itTaskTab\x01\x03\x00\x00\x00.\x00\
f\x00i\x00n\x00d\x00_\x00f\x00i\x00r\x00\
s\x00t\x00_\x00m\x00a\x00t\x00c\x00h\x00\
_\x00i\x00n\x00_\x00b\x00o\x00x\x08\x00\x00\
\x00\x00\x06\x00\x00\x00\x17find_firs\
t_match_in_box\x07\x00\
\x00\x00\x0bEditTaskTab\x01\x03\
\x00\x00\x00\x10\x00f\x00i\x00n\x00d\x00_\x00o\
\x00n\x00e\x08\x00\x00\x00\x00\x06\x00\x00\x00\x08fi\
nd_one\x07\x00\x00\x00\x0bEditT\
askTab\x01\x03\x00\x00\x00\x1e\x00g\x00e\
\x00t\x00_\x00b\x00o\x00x\x00_\x00b\x00y\
\x00_\x00n\x00a\x00m\x00e\x08\x00\x00\x00\x00\x06\
\x00\x00\x00\x0fget_box_by_n\
ame\x07\x00\x00\x00\x0bEditTask\
Tab\x01\x03\x00\x00\x00&\x00g\x00e\x00t\x00\
_\x00f\x00e\x00a\x00t\x00u\x00r\x00e\x00\
_\x00b\x00y\x00_\x00n\x00a\x00m\x00e\x08\
\x00\x00\x00\x00\x06\x00\x00\x00\x13get_fea\
ture_by_name\x07\x00\x00\x00\
\x0bEditTaskTab\x01\x03\x00\x00\
\x00\x14\x00g\x00e\x00t\x00_\x00s\x00t\x00a\
\x00t\x00u\x00s\x08\x00\x00\x00\x00\x06\x00\x00\x00\x0a\
get_status\x07\x00\x00\x00\x0bE\
ditTaskTab\x01\x03\x00\x00\x00\x22\
\x00g\x00e\x00t\x00_\x00t\x00a\x00s\x00k\
\x00_\x00b\x00y\x00_\x00c\x00l\x00a\x00s\
\x00s\x08\x00\x00\x00\x00\x06\x00\x00\x00\x11get_\
task_by_class\x07\x00\x00\
\x00\x0bEditTaskTab\x01\x03\x00\
\x00\x00\x12\x00g\x00o\x00_\x00t\x00o\x00_\x00\
t\x00a\x00b\x08\x00\x00\x00\x00\x06\x00\x00\x00\x09g\
o_to_tab\x07\x00\x00\x00\x0bEdi\
tTaskTab\x01\x03\x00\x00\x00 \x00h\
\x00e\x00i\x00g\x00h\x00t\x00_\x00o\x00f\
\x00_\x00s\x00c\x00r\x00e\x00e\x00n\x08\x00\
\x00\x00\x00\x06\x00\x00\x00\x10height_o\
f_screen\x07\x00\x00\x00\x0bEdi\
tTaskTab\x01\x03\x00\x00\x00\x10\x00i\
\x00n\x00f\x00o\x00_\x00a\x00d\x00d\x08\x00\
\x00\x00\x00\x06\x00\x00\x00\x08info_add\
\x07\x00\x00\x00\x0bEditTaskTab\
\x01\x03\x00\x00\x00 \x00i\x00n\x00f\x00o\x00_\
\x00a\x00d\x00d\x00_\x00t\x00o\x00_\x00l\
\x00i\x00s\x00t\x08\x00\x00\x00\x00\x06\x00\x00\x00\x10\
info_add_to_list\
\x07\x00\x00\x00\x0bEditTaskTab\
\x01\x03\x00\x00\x00\x14\x00i\x00n\x00f\x00o\x00_\
\x00c\x00l\x00e\x00a\x00r\x08\x00\x00\x00\x00\x06\
\x00\x00\x00\x0ainfo_clear\x07\x00\
\x00\x00\x0bEditTaskTab\x01\x03\
\x00\x00\x00\x10\x00i\x00n\x00f\x00o\x00_\x00g\
\x00e\x00t\x08\x00\x00\x00\x00\x06\x00\x00\x00\x08in\
fo_get\x07\x00\x00\x00\x0bEditT\
askTab\x01\x03\x00\x00\x00\x12\x00i\x00n\
\x00f\x00o\x00_\x00i\x00n\x00c\x00r\x08\x00\
\x00\x00\x00\x06\x00\x00\x00\x09info_inc\
r\x07\x00\x00\x00\x0bEditTaskTa\
b\x01\x03\x00\x00\x00\x10\x00i\x00n\x00f\x00o\x00\
_\x00s\x00e\x00t\x08\x00\x00\x00\x00\x06\x00\x00\x00\
\x08info_set\x07\x00\x00\x00\x0bEd\
itTaskTab\x01\x03\x00\x00\x00\x14\x00\
i\x00n\x00p\x00u\x00t\x00_\x00t\x00e\x00\
x\x00t\x08\x00\x00\x00\x00\x06\x00\x00\x00\x0ainp\
ut_text\x07\x00\x00\x00\x0bEdit\
TaskTab\x01\x03\x00\x00\x00\x0c\x00i\x00\
s\x00_\x00a\x00d\x00b\x08\x00\x00\x00\x00\x06\x00\
\x00\x00\x06is_adb\x07\x00\x00\x00\x0bEd\
itTaskTab\x01\x03\x00\x00\x00\x14\x00\
i\x00s\x00_\x00b\x00r\x00o\x00w\x00s\x00\
e\x00r\x08\x00\x00\x00\x00\x06\x00\x00\x00\x0ais_\
browser\x07\x00\x00\x00\x0bEdit\
TaskTab\x01\x03\x00\x00\x00\x12\x00l\x00\
o\x00g\x00_\x00d\x00e\x00b\x00u\x00g\x08\
\x00\x00\x00\x00\x06\x00\x00\x00\x09log_deb\
ug\x07\x00\x00\x00\x0bEditTaskT\
ab\x01\x03\x00\x00\x00\x12\x00l\x00o\x00g\x00_\
\x00e\x00r\x00r\x00o\x00r\x08\x00\x00\x00\x00\x06\
\x00\x00\x00\x09log_error\x07\x00\x00\
\x00\x0bEditTaskTab\x01\x03\x00\
\x00\x00\x10\x00l\x00o\x00g\x00_\x00i\x00n\x00\
f\x00o\x08\x00\x00\x00\x00\x06\x00\x00\x00\x08log\
_info\x07\x00\x00\x00\x0bEditTa\
skTab\x01\x03\x00\x00\x00\x16\x00l\x00o\x00\
g\x00_\x00w\x00a\x00r\x00n\x00i\x00n\x00\
g\x08\x00\x00\x00\x00\x06\x00\x00\x00\x0blog_w\
arning\x07\x00\x00\x00\x0bEditT\
askTab\x01\x03\x00\x00\x00\x18\x00m\x00i\
\x00d\x00d\x00l\x00e\x00_\x00c\x00l\x00i\
\x00c\x00k\x08\x00\x00\x00\x00\x06\x00\x00\x00\x0cmi\
ddle_click\x07\x00\x00\x00\x0bE\
ditTaskTab\x01\x03\x00\x00\x00*\
\x00m\x00i\x00d\x00d\x00l\x00e\x00_\x00c\
\x00l\x00i\x00c\x00k\x00_\x00r\x00e\x00l\
\x00a\x00t\x00i\x00v\x00e\x08\x00\x00\x00\x00\x06\
\x00\x00\x00\x15middle_click\
_relative\x07\x00\x00\x00\x0bEd\
itTaskTab\x01\x03\x00\x00\x00\x14\x00\
m\x00o\x00u\x00s\x00e\x00_\x00d\x00o\x00\
w\x00n\x08\x00\x00\x00\x00\x06\x00\x00\x00\x0amou\
se_down\x07\x00\x00\x00\x0bEdit\
TaskTab\x01\x03\x00\x00\x00\x10\x00m\x00\
o\x00u\x00s\x00e\x00_\x00u\x00p\x08\x00\x00\
\x00\x00\x06\x00\x00\x00\x08mouse_up\x07\
\x00\x00\x00\x0bEditTaskTab\x01\
\x03\x00\x00\x00\x08\x00m\x00o\x00v\x00e\x08\x00\x00\
\x00\x00\x06\x00\x00\x00\x04move\x07\x00\x00\x00\x0b\
EditTaskTab\x01\x03\x00\x00\x00\
\x1a\x00m\x00o\x00v\x00e\x00_\x00r\x00e\x00\
l\x00a\x00t\x00i\x00v\x00e\x08\x00\x00\x00\x00\
\x06\x00\x00\x00\x0dmove_relati\
ve\x07\x00\x00\x00\x0bEditTaskT\
ab\x01\x03\x00\x00\x00\x14\x00n\x00e\x00x\x00t\
\x00_\x00f\x00r\x00a\x00m\x00e\x08\x00\x00\x00\
\x00\x06\x00\x00\x00\x0anext_frame\
\x07\x00\x00\x00\x0bEditTaskTab\
\x01\x03\x00\x00\x00\x18\x00n\x00o\x00t\x00i\x00f\
\x00i\x00c\x00a\x00t\x00i\x00o\x00n\x08\x00\
\x00\x00\x00\x06\x00\x00\x00\x0cnotifica\
tion\x07\x00\x00\x00\x0bEditTas\
kTab\x01\x03\x00\x00\x00\x06\x00o\x00c\x00r\
\x08\x00\x00\x00\x00\x06\x00\x00\x00\x03ocr\x07\x00\x00\
\x00\x0bEditTaskTab\x01\x03\x00\
\x00\x00\x18\x00o\x00u\x00t\x00_\x00o\x00f\x00\
_\x00r\x00a\x00t\x00i\x00o\x08\x00\x00\x00\x00\
\x06\x00\x00\x00\x0cout_of_rati\
o\x07\x00\x00\x00\x0bEditTaskTa\
b\x01\x03\x00\x00\x00\x0a\x00p\x00a\x00u\x00s\x00\
e\x08\x00\x00\x00\x00\x06\x00\x00\x00\x05pause\
\x07\x00\x00\x00\x0bEditTaskTab\
\x01\x03\x00\x00\x00\x16\x00r\x00i\x00g\x00h\x00t\
\x00_\x00c\x00l\x00i\x00c\x00k\x08\x00\x00\x00\
\x00\x06\x00\x00\x00\x0bright_clic\
k\x07\x00\x00\x00\x0bEditTaskTa\
b\x01\x03\x00\x00\x00\x14\x00s\x00c\x00r\x00e\x00\
e\x00n\x00s\x00h\x00o\x00t\x08\x00\x00\x00\x00\
\x06\x00\x00\x00\x0ascreenshot\x07\
\x00\x00\x00\x0bEditTaskTab\x01\
\x03\x00\x00\x00\x0c\x00s\x00c\x00r\x00o\x00l\x00\
l\x08\x00\x00\x00\x00\x06\x00\x00\x00\x06scrol\
l\x07\x00\x00\x00\x0bEditTaskTa\
b\x01\x03\x00\x00\x00\x1e\x00s\x00c\x00r\x00o\x00\
l\x00l\x00_\x00r\x00e\x00l\x00a\x00t\x00\
i\x00v\x00e\x08\x00\x00\x00\x00\x06\x00\x00\x00\x0fs\
croll_relative\x07\x00\
\x00\x00\x0bEditTaskTab\x01\x03\
\x00\x00\x00\x10\x00s\x00e\x00n\x00d\x00_\x00k\
\x00e\x00y\x08\x00\x00\x00\x00\x06\x00\x00\x00\x08se\
nd_key\x07\x00\x00\x00\x0bEditT\
askTab\x01\x03\x00\x00\x00\x1a\x00s\x00e\
\x00n\x00d\x00_\x00k\x00e\x00y\x00_\x00d\
\x00o\x00w\x00n\x08\x00\x00\x00\x00\x06\x00\x00\x00\x0d\
send_key_down\x07\x00\x00\
\x00\x0bEditTaskTab\x01\x03\x00\
\x00\x00\x16\x00s\x00e\x00n\x00d\x00_\x00k\x00\
e\x00y\x00_\x00u\x00p\x08\x00\x00\x00\x00\x06\x00\
\x00\x00\x0bsend_key_up\x07\x00\
\x00\x00\x0bEditTaskTab\x01\x03\
\x00\x00\x00\x0a\x00s\x00l\x00e\x00e\x00p\x08\x00\
\x00\x00\x00\x06\x00\x00\x00\x05sleep\x07\x00\x00\
\x00\x0bEditTaskTab\x01\x03\x00\
\x00\x00\x16\x00s\x00l\x00e\x00e\x00p\x00_\x00\
c\x00h\x00e\x00c\x00k\x08\x00\x00\x00\x00\x06\x00\
\x00\x00\x0bsleep_check\x07\x00\
\x00\x00\x0bEditTaskTab\x01\x03\
\x00\x00\x00\x18\x00s\x00t\x00a\x00r\x00t\x00_\
\x00d\x00e\x00v\x00i\x00c\x00e\x08\x00\x00\x00\
\x00\x06\x00\x00\x00\x0cstart_devi\
ce\x07\x00\x00\x00\x0bEditTaskT\
ab\x01\x03\x00\x00\x00\x0a\x00s\x00w\x00i\x00p\
\x00e\x08\x00\x00\x00\x00\x06\x00\x00\x00\x05swip\
e\x07\x00\x00\x00\x0bEditTaskTa\
b\x01\x03\x00\x00\x00\x1c\x00s\x00w\x00i\x00p\x00\
e\x00_\x00r\x00e\x00l\x00a\x00t\x00i\x00\
v\x00e\x08\x00\x00\x00\x00\x06\x00\x00\x00\x0eswi\
pe_relative\x07\x00\x00\x00\x0b\
EditTaskTab\x01\x03\x00\x00\x00\
\x04\x00t\x00r\x08\x00\x00\x00\x00\x06\x00\x00\x00\x02t\
r\x07\x00\x00\x00\x0bEditTaskTa\
b\x01\x03\x00\x00\x00\x0e\x00t\x00r\x00i\x00g\x00\
g\x00e\x00r\x08\x00\x00\x00\x00\x06\x00\x00\x00\x07t\
rigger\x07\x00\x00\x00\x0bEditT\
askTab\x01\x03\x00\x00\x00\x0e\x00u\x00n\
\x00p\x00a\x00u\x00s\x00e\x08\x00\x00\x00\x00\x06\
\x00\x00\x00\x07unpause\x07\x00\x00\x00\x0b\
EditTaskTab\x01\x03\x00\x00\x00\
\x1c\x00w\x00a\x00i\x00t\x00_\x00c\x00l\x00\
i\x00c\x00k\x00_\x00b\x00o\x00x\x08\x00\x00\
\x00\x00\x06\x00\x00\x00\x0ewait_clic\
k_box\x07\x00\x00\x00\x0bEditTa\
skTab\x01\x03\x00\x00\x00$\x00w\x00a\x00\
i\x00t\x00_\x00c\x00l\x00i\x00c\x00k\x00\
_\x00f\x00e\x00a\x00t\x00u\x00r\x00e\x08\
\x00\x00\x00\x00\x06\x00\x00\x00\x12wait_cl\
ick_feature\x07\x00\x00\x00\x0b\
EditTaskTab\x01\x03\x00\x00\x00\
\x1c\x00w\x00a\x00i\x00t\x00_\x00c\x00l\x00\
i\x00c\x00k\x00_\x00o\x00c\x00r\x08\x00\x00\
\x00\x00\x06\x00\x00\x00\x0ewait_clic\
k_ocr\x07\x00\x00\x00\x0bEditTa\
skTab\x01\x03\x00\x00\x00\x18\x00w\x00a\x00\
i\x00t\x00_\x00f\x00e\x00a\x00t\x00u\x00\
r\x00e\x08\x00\x00\x00\x00\x06\x00\x00\x00\x0cwai\
t_feature\x07\x00\x00\x00\x0bEd\
itTaskTab\x01\x03\x00\x00\x00\x10\x00\
w\x00a\x00i\x00t\x00_\x00o\x00c\x00r\x08\
\x00\x00\x00\x00\x06\x00\x00\x00\x08wait_oc\
r\x07\x00\x00\x00\x0bEditTaskTa\
b\x01\x03\x00\x00\x00\x14\x00w\x00a\x00i\x00t\x00\
_\x00u\x00n\x00t\x00i\x00l\x08\x00\x00\x00\x00\
\x06\x00\x00\x00\x0await_until\x07\
\x00\x00\x00\x0bEditTaskTab\x01\
\x03\x00\x00\x00\x1e\x00w\x00i\x00d\x00t\x00h\x00\
_\x00o\x00f\x00_\x00s\x00c\x00r\x00e\x00\
e\x00n\x08\x00\x00\x00\x00\x06\x00\x00\x00\x0fwid\
th_of_screen\x07\x00\x00\x00\
\x0bEditTaskTab\x01\x03\x00\x00\
\x002\x00R\x00e\x00s\x00t\x00a\x00b\x00l\
\x00e\x00c\x00e\x00r\x00 \x00c\x00o\x00n\
\x00f\x00i\x00g\x00u\x00r\x00a\x00c\x00i\
\x00\xf3\x00n\x08\x00\x00\x00\x00\x06\x00\x00\x00\x0cRe\
set Config\x07\x00\x00\x00\x10G\
lobalConfigCard\x01\
\x03\x00\x00\x002\x00R\x00e\x00s\x00t\x00a\x00\
b\x00l\x00e\x00c\x00e\x00r\x00 \x00c\x00\
o\x00n\x00f\x00i\x00g\x00u\x00r\x00a\x00\
c\x00i\x00\xf3\x00n\x08\x00\x00\x00\x00\x06\x00\x00\x00\
\x0cReset Config\x07\x00\x00\
\x00\x0fGlobalConfigTa\
b\x01\x03\x00\x00\x00\x10\x00C\x00a\x00n\x00c\x00\
e\x00l\x00a\x00r\x08\x00\x00\x00\x00\x06\x00\x00\x00\
\x06Cancel\x07\x00\x00\x00\x0bHwnd\
Chooser\x01\x03\x00\x00\x00\x1c\x00E\x00\
l\x00e\x00g\x00i\x00r\x00 \x00v\x00e\x00\
n\x00t\x00a\x00n\x00a\x08\x00\x00\x00\x00\x06\x00\
\x00\x00\x0dChoose Window\
\x07\x00\x00\x00\x0bHwndChooser\
\x01\x03\x00\x00\x00\x12\x00C\x00o\x00n\x00f\x00i\
\x00r\x00m\x00a\x00r\x08\x00\x00\x00\x00\x06\x00\x00\
\x00\x07Confirm\x07\x00\x00\x00\x0bHw\
ndChooser\x01\x03\x00\x00\x00\x1e\x00\
{\x00}\x00 \x00s\x00e\x00l\x00e\x00c\x00\
c\x00i\x00o\x00n\x00a\x00d\x00o\x08\x00\x00\
\x00\x00\x06\x00\x00\x00\x0b{} Select\
ed\x07\x00\x00\x00\x0bHwndChoos\
er\x01\x03\x00\x00\x00\x10\x00C\x00a\x00n\x00c\
\x00e\x00l\x00a\x00r\x08\x00\x00\x00\x00\x06\x00\x00\
\x00\x06Cancel\x07\x00\x00\x00\x13Imp\
ortWarningDialog\
\x01\x03\x00\x00\x00\x12\x00C\x00o\x00n\x00f\x00i\
\x00r\x00m\x00a\x00r\x08\x00\x00\x00\x00\x06\x00\x00\
\x00\x07Confirm\x07\x00\x00\x00\x13Im\
portWarningDialo\
g\x01\x03\x00\x00\x00f\x00E\x00n\x00t\x00i\x00\
e\x00n\x00d\x00o\x00 \x00l\x00o\x00s\x00\
 \x00r\x00i\x00e\x00s\x00g\x00o\x00s\x00\
 \x00y\x00 \x00q\x00u\x00i\x00e\x00r\x00\
o\x00 \x00i\x00m\x00p\x00o\x00r\x00t\x00\
a\x00r\x00 \x00e\x00s\x00t\x00e\x00 \x00\
s\x00c\x00r\x00i\x00p\x00t\x00.\x08\x00\x00\
\x00\x00\x06\x00\x00\x006I underst\
and the risks an\
d want to import\
 this script.\x07\x00\x00\
\x00\x13ImportWarningD\
ialog\x01\x03\x00\x00\x01`\x00A\x00s\x00\
e\x00g\x00\xfa\x00r\x00e\x00s\x00e\x00 \x00\
d\x00e\x00 \x00c\x00o\x00n\x00f\x00i\x00\
a\x00r\x00 \x00e\x00n\x00 \x00e\x00l\x00\
 \x00e\x00d\x00i\x00t\x00o\x00r\x00 \x00\
d\x00e\x00l\x00 \x00s\x00c\x00r\x00i\x00\
p\x00t\x00,\x00 \x00l\x00o\x00s\x00 \x00\
s\x00c\x00r\x00i\x00p\x00t\x00s\x00 \x00\
n\x00o\x00 \x00v\x00e\x00r\x00i\x00f\x00\
i\x00c\x00a\x00d\x00o\x00s\x00 \x00p\x00\
u\x00e\x00d\x00e\x00n\x00,\x00 \x00e\x00\
n\x00t\x00r\x00e\x00 \x00o\x00t\x00r\x00\
o\x00s\x00,\x00 \x00r\x00o\x00b\x00a\x00\
r\x00 \x00s\x00u\x00 \x00c\x00u\x00e\x00\
n\x00t\x00a\x00/\x00d\x00a\x00t\x00o\x00\
s\x00/\x00d\x00i\x00n\x00e\x00r\x00o\x00\
,\x00 \x00d\x00e\x00s\x00t\x00r\x00u\x00\
i\x00r\x00 \x00s\x00u\x00s\x00 \x00d\x00\
a\x00t\x00o\x00s\x00 \x00o\x00 \x00d\x00\
a\x00\xf1\x00a\x00r\x00/\x00c\x00o\x00n\x00\
t\x00r\x00o\x00l\x00a\x00r\x00 \x00s\x00\
u\x00 \x00c\x00o\x00m\x00p\x00u\x00t\x00\
a\x00d\x00o\x00r\x00a\x00.\x08\x00\x00\x00\x00\
\x06\x00\x00\x00\xabMake sure t\
hat you trust th\
e script publish\
er, unverified s\
cript can and no\
t limited to ste\
al your account/\
 data money, des\
troy your data, \
harm/ controllin\
g your computer.\
\x07\x00\x00\x00\x13ImportWarni\
ngDialog\x01\x03\x00\x00\x00\x16\x00A\
\x00d\x00v\x00e\x00r\x00t\x00e\x00n\x00c\
\x00i\x00a\x08\x00\x00\x00\x00\x06\x00\x00\x00\x07Wa\
rning\x07\x00\x00\x00\x13Import\
WarningDialog\x01\x03\x00\
\x00\x00,\x00T\x00o\x00d\x00o\x00s\x00 \x00\
l\x00o\x00s\x00 \x00a\x00r\x00c\x00h\x00\
i\x00v\x00o\x00s\x00 \x00(\x00*\x00)\x08\
\x00\x00\x00\x00\x06\x00\x00\x00\x0dAll Fil\
es (*)\x07\x00\x00\x00\x14Label\
AndFileSelector\x01\
\x03\x00\x00\x00\x10\x00E\x00x\x00a\x00m\x00i\x00\
n\x00a\x00r\x08\x00\x00\x00\x00\x06\x00\x00\x00\x06B\
rowse\x07\x00\x00\x00\x14LabelA\
ndFileSelector\x01\x03\
\x00\x00\x00&\x00S\x00e\x00l\x00e\x00c\x00c\
\x00i\x00o\x00n\x00a\x00r\x00 \x00a\x00r\
\x00c\x00h\x00i\x00v\x00o\x08\x00\x00\x00\x00\x06\
\x00\x00\x00\x0bSelect File\x07\
\x00\x00\x00\x14LabelAndFile\
Selector\x01\x03\x00\x00\x00:\x00S\
\x00e\x00l\x00e\x00c\x00c\x00i\x00o\x00n\
\x00a\x00r\x00 \x00a\x00r\x00c\x00h\x00i\
\x00v\x00o\x00 \x00o\x00 \x00c\x00a\x00r\
\x00p\x00e\x00t\x00a\x08\x00\x00\x00\x00\x06\x00\x00\
\x00\x15Select File or\
 Folder\x07\x00\x00\x00\x14Labe\
lAndFileSelector\
\x01\x03\x00\x00\x00&\x00S\x00e\x00l\x00e\x00c\
\x00c\x00i\x00o\x00n\x00a\x00r\x00 \x00c\
\x00a\x00r\x00p\x00e\x00t\x00a\x08\x00\x00\x00\
\x00\x06\x00\x00\x00\x0dSelect Fol\
der\x07\x00\x00\x00\x14LabelAnd\
FileSelector\x01\x03\x00\x00\
\x00$\x00I\x00r\x00 \x00a\x00 \x00c\x00o\
\x00n\x00f\x00i\x00g\x00u\x00r\x00a\x00c\
\x00i\x00\xf3\x00n\x08\x00\x00\x00\x00\x06\x00\x00\x00\x0c\
Go to Config\x07\x00\x00\x00\
\x0eLabelAndGlobal\x01\
\x03\x00\x00\x00\x04\x00N\x00o\x08\x00\x00\x00\x00\x06\x00\
\x00\x00\x02No\x07\x00\x00\x00\x14LabelA\
ndSwitchButton\x01\x03\
\x00\x00\x00\x04\x00S\x00\xed\x08\x00\x00\x00\x00\x06\x00\x00\
\x00\x03Yes\x07\x00\x00\x00\x14LabelA\
ndSwitchButton\x01\x03\
\x00\x00\x00\x0e\x00D\x00i\x00s\x00c\x00o\x00r\
\x00d\x08\x00\x00\x00\x00\x06\x00\x00\x00\x07Disc\
ord\x07\x00\x00\x00\x08LinksBar\
\x01\x03\x00\x00\x00\x06\x00F\x00A\x00Q\x08\x00\x00\x00\
\x00\x06\x00\x00\x00\x03FAQ\x07\x00\x00\x00\x08Li\
nksBar\x01\x03\x00\x00\x00\x0c\x00G\x00i\
\x00t\x00H\x00u\x00b\x08\x00\x00\x00\x00\x06\x00\x00\
\x00\x06GitHub\x07\x00\x00\x00\x08Lin\
ksBar\x01\x03\x00\x00\x00\x12\x00C\x00o\x00\
m\x00p\x00a\x00r\x00t\x00i\x00r\x08\x00\x00\
\x00\x00\x06\x00\x00\x00\x05Share\x07\x00\x00\x00\
\x08LinksBar\x01\x03\x00\x00\x00Z\x00\
E\x00n\x00l\x00a\x00c\x00e\x00 \x00p\x00\
a\x00r\x00a\x00 \x00c\x00o\x00m\x00p\x00\
a\x00r\x00t\x00i\x00r\x00 \x00c\x00o\x00\
p\x00i\x00a\x00d\x00o\x00 \x00a\x00l\x00\
 \x00p\x00o\x00r\x00t\x00a\x00p\x00a\x00\
p\x00e\x00l\x00e\x00s\x08\x00\x00\x00\x00\x06\x00\
\x00\x00\x1eShare Link co\
pied to clipboar\
d\x07\x00\x00\x00\x08LinksBar\x01\x03\
\x00\x00\x00\x14\x00P\x00a\x00t\x00r\x00o\x00c\
\x00i\x00n\x00a\x00r\x08\x00\x00\x00\x00\x06\x00\x00\
\x00\x07Sponsor\x07\x00\x00\x00\x08Li\
nksBar\x01\x03\x00\x00\x00\x22\x00T\x00o\
\x00d\x00o\x00s\x00 \x00l\x00o\x00s\x00 \
\x00n\x00i\x00v\x00e\x00l\x00e\x00s\x08\x00\
\x00\x00\x00\x06\x00\x00\x00\x0aAll Leve\
ls\x07\x00\x00\x00\x09LogWindow\
\x01\x03\x00\x00\x00\x0e\x00L\x00i\x00m\x00p\x00i\
\x00a\x00r\x08\x00\x00\x00\x00\x06\x00\x00\x00\x05Cl\
ear\x07\x00\x00\x00\x09LogWindo\
w\x01\x03\x00\x00\x00\x0c\x00C\x00e\x00r\x00r\x00\
a\x00r\x08\x00\x00\x00\x00\x06\x00\x00\x00\x05Clo\
se\x07\x00\x00\x00\x09LogWindow\
\x01\x03\x00\x00\x00\x12\x00A\x00r\x00r\x00a\x00s\
\x00t\x00r\x00a\x00r\x08\x00\x00\x00\x00\x06\x00\x00\
\x00\x04Drag\x07\x00\x00\x00\x09LogWi\
ndow\x01\x03\x00\x00\x00(\x00F\x00i\x00l\
\x00t\x00r\x00a\x00r\x00 \x00r\x00e\x00g\
\x00i\x00s\x00t\x00r\x00o\x00s\x00.\x00.\
\x00.\x08\x00\x00\x00\x00\x06\x00\x00\x00\x0eFilt\
er logs...\x07\x00\x00\x00\x09L\
ogWindow\x01\x03\x00\x00\x00\x1e\x00A\
\x00b\x00r\x00i\x00r\x00 \x00r\x00e\x00g\
\x00i\x00s\x00t\x00r\x00o\x00s\x08\x00\x00\x00\
\x00\x06\x00\x00\x00\x09Open Logs\x07\
\x00\x00\x00\x09LogWindow\x01\x03\x00\
\x00\x00\x0c\x00P\x00a\x00u\x00s\x00a\x00r\x08\
\x00\x00\x00\x00\x06\x00\x00\x00\x05Pause\x07\x00\
\x00\x00\x09LogWindow\x01\x03\x00\x00\
\x00\x0a\x00F\x00i\x00j\x00a\x00r\x08\x00\x00\x00\
\x00\x06\x00\x00\x00\x03Pin\x07\x00\x00\x00\x09Lo\
gWindow\x01\x03\x00\x00\x00\x10\x00R\x00\
e\x00a\x00n\x00u\x00d\x00a\x00r\x08\x00\x00\
\x00\x00\x06\x00\x00\x00\x06Resume\x07\x00\x00\
\x00\x09LogWindow\x01\x03\x00\x00\x00\
\x10\x00D\x00e\x00s\x00f\x00i\x00j\x00a\x00\
r\x08\x00\x00\x00\x00\x06\x00\x00\x00\x05Unpin\
\x07\x00\x00\x00\x09LogWindow\x01\x03\
\x00\x00\x00\x18\x00V\x00e\x00r\x00 \x00r\x00e\
\x00g\x00i\x00s\x00t\x00r\x00o\x08\x00\x00\x00\
\x00\x06\x00\x00\x00\x08View Log\x07\x00\
\x00\x00\x09LogWindow\x01\x03\x00\x00\
\x00.\x00E\x00s\x00p\x00e\x00r\x00a\x00n\
\x00d\x00o\x00 \x00o\x00k\x00-\x00s\x00c\
\x00r\x00i\x00p\x00t\x00.\x00l\x00o\x00g\
\x08\x00\x00\x00\x00\x06\x00\x00\x00\x19Waitin\
g for ok-script.\
log\x07\x00\x00\x00\x09LogWindo\
w\x01\x03\x00\x00\x00\x12\x00r\x00e\x00g\x00i\x00\
s\x00t\x00r\x00o\x00s\x08\x00\x00\x00\x00\x06\x00\
\x00\x00\x07records\x07\x00\x00\x00\x09L\
ogWindow\x01\x03\x00\x00\x00\x12\x00A\
\x00c\x00e\x00r\x00c\x00a\x00 \x00d\x00e\
\x08\x00\x00\x00\x00\x06\x00\x00\x00\x05About\x07\
\x00\x00\x00\x0aMainWindow\x01\x03\
\x00\x00\x00\x0e\x00C\x00a\x00p\x00t\x00u\x00r\
\x00a\x08\x00\x00\x00\x00\x06\x00\x00\x00\x07Capt\
ure\x07\x00\x00\x00\x0aMainWind\
ow\x01\x03\x00\x00\x00 \x00E\x00r\x00r\x00o\
\x00r\x00 \x00d\x00e\x00 \x00c\x00a\x00p\
\x00t\x00u\x00r\x00a\x08\x00\x00\x00\x00\x06\x00\x00\
\x00\x0dCapture Error\x07\
\x00\x00\x00\x0aMainWindow\x01\x03\
\x00\x00\x00\x0e\x00D\x00e\x00p\x00u\x00r\x00a\
\x00r\x08\x00\x00\x00\x00\x06\x00\x00\x00\x05Debu\
g\x07\x00\x00\x00\x0aMainWindow\
\x01\x03\x00\x00\x00\x0a\x00E\x00r\x00r\x00o\x00r\
\x08\x00\x00\x00\x00\x06\x00\x00\x00\x05Error\x07\
\x00\x00\x00\x0aMainWindow\x01\x03\
\x00\x00\x00\x0a\x00S\x00a\x00l\x00i\x00r\x08\x00\
\x00\x00\x00\x06\x00\x00\x00\x04Exit\x07\x00\x00\x00\
\x0aMainWindow\x01\x03\x00\x00\x00\
\x16\x00I\x00n\x00f\x00o\x00r\x00m\x00a\x00\
c\x00i\x00\xf3\x00n\x08\x00\x00\x00\x00\x06\x00\x00\x00\
\x04Info\x07\x00\x00\x00\x0aMainWi\
ndow\x01\x03\x00\x00\x00\x1c\x00P\x00a\x00u\
\x00s\x00a\x00 \x00e\x00x\x00i\x00t\x00o\
\x00s\x00a\x00.\x08\x00\x00\x00\x00\x06\x00\x00\x00\x0e\
Pause Success.\x07\x00\
\x00\x00\x0aMainWindow\x01\x03\x00\
\x00\x00\x9c\x00\xa1\x00P\x00o\x00r\x00 \x00f\x00\
a\x00v\x00o\x00r\x00,\x00 \x00c\x00o\x00\
m\x00p\x00r\x00u\x00e\x00b\x00a\x00 \x00\
s\x00i\x00 \x00l\x00a\x00 \x00v\x00e\x00\
n\x00t\x00a\x00n\x00a\x00 \x00d\x00e\x00\
l\x00 \x00j\x00u\x00e\x00g\x00o\x00 \x00\
e\x00s\x00t\x00\xe1\x00 \x00s\x00e\x00l\x00\
e\x00c\x00c\x00i\x00o\x00n\x00a\x00d\x00\
a\x00 \x00c\x00o\x00r\x00r\x00e\x00c\x00\
t\x00a\x00m\x00e\x00n\x00t\x00e\x00!\x08\
\x00\x00\x00\x00\x06\x00\x00\x00;Please \
check whether th\
e game window is\
 selected correc\
tly!\x07\x00\x00\x00\x0aMainWin\
dow\x01\x03\x00\x00\x00\x0e\x00E\x00s\x00t\x00\
a\x00b\x00l\x00e\x08\x00\x00\x00\x00\x06\x00\x00\x00\
\x07Release\x07\x00\x00\x00\x0aMai\
nWindow\x01\x03\x00\x00\x00\x1e\x00E\x00\
j\x00e\x00c\x00u\x00t\x00a\x00r\x00 \x00\
c\x00\xf3\x00d\x00i\x00g\x00o\x08\x00\x00\x00\x00\
\x06\x00\x00\x00\x08Run Code\x07\x00\x00\
\x00\x0aMainWindow\x01\x03\x00\x00\
\x00\x10\x00P\x00r\x00o\x00g\x00r\x00a\x00m\
\x00a\x08\x00\x00\x00\x00\x06\x00\x00\x00\x08Sche\
dule\x07\x00\x00\x00\x0aMainWin\
dow\x01\x03\x00\x00\x00\x0c\x00S\x00c\x00r\x00\
i\x00p\x00t\x08\x00\x00\x00\x00\x06\x00\x00\x00\x06S\
cript\x07\x00\x00\x00\x0aMainWi\
ndow\x01\x03\x00\x00\x00\x0e\x00A\x00j\x00u\
\x00s\x00t\x00e\x00s\x08\x00\x00\x00\x00\x06\x00\x00\
\x00\x08Settings\x07\x00\x00\x00\x0aM\
ainWindow\x01\x03\x00\x00\x00\x1e\x00\
I\x00n\x00i\x00c\x00i\x00o\x00 \x00e\x00\
x\x00i\x00t\x00o\x00s\x00o\x00.\x08\x00\x00\
\x00\x00\x06\x00\x00\x00\x0eStart Suc\
cess.\x07\x00\x00\x00\x0aMainWi\
ndow\x01\x03\x00\x00\x00\x0c\x00T\x00a\x00r\
\x00e\x00a\x00s\x08\x00\x00\x00\x00\x06\x00\x00\x00\x05\
Tasks\x07\x00\x00\x00\x0aMainWi\
ndow\x01\x03\x00\x00\x00\x14\x00P\x00l\x00a\
\x00n\x00t\x00i\x00l\x00l\x00a\x00s\x08\x00\
\x00\x00\x00\x06\x00\x00\x00\x09Template\
s\x07\x00\x00\x00\x0aMainWindow\
\x01\x03\x00\x00\x00\xc0\x00E\x00s\x00t\x00e\x00 \
\x00e\x00s\x00 \x00u\x00n\x00 \x00s\x00o\
\x00f\x00t\x00w\x00a\x00r\x00e\x00 \x00g\
\x00r\x00a\x00t\x00u\x00i\x00t\x00o\x00.\
\x00 \x00S\x00i\x00 \x00l\x00o\x00 \x00c\
\x00o\x00m\x00p\x00r\x00a\x00s\x00t\x00e\
\x00 \x00e\x00n\x00 \x00a\x00l\x00g\x00\xfa\
\x00n\x00 \x00l\x00u\x00g\x00a\x00r\x00,\
\x00 \x00s\x00o\x00l\x00i\x00c\x00i\x00t\
\x00a\x00 \x00u\x00n\x00 \x00r\x00e\x00e\
\x00m\x00b\x00o\x00l\x00s\x00o\x00 \x00a\
\x00l\x00 \x00v\x00e\x00n\x00d\x00e\x00d\
\x00o\x00r\x00.\x08\x00\x00\x00\x00\x06\x00\x00\x00Z\
This is a free s\
oftware. If you \
purchased this a\
nywhere, request\
 a refund from t\
he seller.\x07\x00\x00\x00\x0aM\
ainWindow\x01\x03\x00\x00\x00\x18\x00\
D\x00i\x00s\x00p\x00a\x00r\x00a\x00d\x00\
o\x00r\x00e\x00s\x08\x00\x00\x00\x00\x06\x00\x00\x00\
\x08Triggers\x07\x00\x00\x00\x0aMa\
inWindow\x01\x03\x00\x00\x00\x14\x00A\
\x00c\x00t\x00u\x00a\x00l\x00i\x00z\x00a\
\x00r\x08\x00\x00\x00\x00\x06\x00\x00\x00\x06Upda\
te\x07\x00\x00\x00\x0aMainWindo\
w\x01\x03\x00\x00\x00\x0e\x00A\x00c\x00t\x00i\x00\
v\x00a\x00r\x08\x00\x00\x00\x00\x06\x00\x00\x00\x06\xe6\
\xbf\x80\xe6\xb4\xbb\x07\x00\x00\x00\x0aMainWi\
ndow\x01\x03\x00\x00\x00(\x00E\x00s\x00t\
\x00a\x00d\x00o\x00 \x00d\x00e\x00 \x00d\
\x00i\x00s\x00p\x00a\x00r\x00a\x00d\x00o\
\x00r\x08\x00\x00\x00\x00\x06\x00\x00\x00\x0f\xe8\xa7\xa6\xe5\
\x8f\x91\xe5\x99\xa8\xe7\x8a\xb6\xe6\x80\x81\x07\x00\x00\x00\x0a\
MainWindow\x01\x03\x00\x00\x00\x18\
\x00E\x00l\x00i\x00m\x00i\x00n\x00a\x00r\
\x00 \x00(\x00D\x00)\x08\x00\x00\x00\x00\x06\x00\x00\
\x00\x0aDelete (D)\x07\x00\x00\x00\
\x0cMarkUpWindow\x01\x03\x00\
\x00\x00\x16\x00D\x00i\x00b\x00u\x00j\x00a\x00\
r\x00 \x00(\x00R\x00)\x08\x00\x00\x00\x00\x06\x00\
\x00\x00\x08Draw (R)\x07\x00\x00\x00\x0c\
MarkUpWindow\x01\x03\x00\x00\
\x00\x22\x00E\x00d\x00i\x00t\x00o\x00r\x00 \
\x00d\x00e\x00 \x00m\x00a\x00r\x00c\x00a\
\x00d\x00o\x08\x00\x00\x00\x00\x06\x00\x00\x00\x0dMa\
rkup Editor\x07\x00\x00\x00\x0c\
MarkUpWindow\x01\x03\x00\x00\
\x00,\x00M\x00o\x00d\x00i\x00f\x00i\x00c\
\x00a\x00r\x00 \x00(\x00d\x00o\x00b\x00l\
\x00e\x00 \x00c\x00l\x00i\x00c\x00)\x08\x00\
\x00\x00\x00\x06\x00\x00\x00\x15Modify (\
Double Click)\x07\x00\x00\
\x00\x0cMarkUpWindow\x01\x03\
\x00\x00\x00<\x00C\x00l\x00i\x00c\x00 \x00d\
\x00e\x00r\x00e\x00c\x00h\x00o\x00 \x00p\
\x00a\x00r\x00a\x00 \x00c\x00o\x00p\x00i\
\x00a\x00r\x00 \x00c\x00o\x00l\x00o\x00r\
\x08\x00\x00\x00\x00\x06\x00\x00\x00\x19Right \
click to copy co\
lor\x07\x00\x00\x00\x0cMarkUpWi\
ndow\x01\x03\x00\x00\x00\x12\x00C\x00o\x00n\
\x00f\x00i\x00r\x00m\x00a\x00r\x08\x00\x00\x00\
\x00\x06\x00\x00\x00\x07Confirm\x07\x00\x00\
\x00\x0dMessageWindow\x01\
\x03\x00\x00\x00\x0c\x00A\x00\xf1\x00a\x00d\x00i\x00\
r\x08\x00\x00\x00\x00\x06\x00\x00\x00\x03Add\x07\x00\
\x00\x00\x10ModifyListDia\
log\x01\x03\x00\x00\x00(\x00O\x00p\x00c\x00\
i\x00o\x00n\x00e\x00s\x00 \x00d\x00i\x00\
s\x00p\x00o\x00n\x00i\x00b\x00l\x00e\x00\
s\x08\x00\x00\x00\x00\x06\x00\x00\x00\x11Avail\
able Options\x07\x00\x00\x00\
\x10ModifyListDialo\
g\x01\x03\x00\x00\x00\x10\x00C\x00a\x00n\x00c\x00\
e\x00l\x00a\x00r\x08\x00\x00\x00\x00\x06\x00\x00\x00\
\x06Cancel\x07\x00\x00\x00\x10Modi\
fyListDialog\x01\x03\x00\x00\
\x00J\x00H\x00a\x00z\x00 \x00c\x00l\x00i\
\x00c\x00 \x00e\x00n\x00 \x00u\x00n\x00a\
\x00 \x00o\x00p\x00c\x00i\x00\xf3\x00n\x00 \
\x00p\x00a\x00r\x00a\x00 \x00a\x00\xf1\x00a\
\x00d\x00i\x00r\x00l\x00a\x00.\x08\x00\x00\x00\
\x00\x06\x00\x00\x00\x1aClick an o\
ption to add it.\
\x07\x00\x00\x00\x10ModifyListD\
ialog\x01\x03\x00\x00\x00\x12\x00C\x00o\x00\
n\x00f\x00i\x00r\x00m\x00a\x00r\x08\x00\x00\
\x00\x00\x06\x00\x00\x00\x07Confirm\x07\x00\
\x00\x00\x10ModifyListDia\
log\x01\x03\x00\x00\x00\x12\x00M\x00o\x00d\x00\
i\x00f\x00i\x00c\x00a\x00r\x08\x00\x00\x00\x00\
\x06\x00\x00\x00\x06Modify\x07\x00\x00\x00\x10\
ModifyListDialog\
\x01\x03\x00\x00\x00\x16\x00M\x00o\x00v\x00e\x00r\
\x00 \x00a\x00b\x00a\x00j\x00o\x08\x00\x00\x00\
\x00\x06\x00\x00\x00\x09Move Down\x07\
\x00\x00\x00\x10ModifyListDi\
alog\x01\x03\x00\x00\x00\x18\x00M\x00o\x00v\
\x00e\x00r\x00 \x00a\x00r\x00r\x00i\x00b\
\x00a\x08\x00\x00\x00\x00\x06\x00\x00\x00\x07Move\
 Up\x07\x00\x00\x00\x10ModifyLi\
stDialog\x01\x03\x00\x00\x00\x10\x00E\
\x00l\x00i\x00m\x00i\x00n\x00a\x00r\x08\x00\
\x00\x00\x00\x06\x00\x00\x00\x06Remove\x07\x00\
\x00\x00\x10ModifyListDia\
log\x01\x03\x00\x00\x00$\x00B\x00u\x00s\x00\
c\x00a\x00r\x00 \x00o\x00p\x00c\x00i\x00\
o\x00n\x00e\x00s\x00.\x00.\x00.\x08\x00\x00\
\x00\x00\x06\x00\x00\x00\x11Search op\
tions...\x07\x00\x00\x00\x10Mod\
ifyListDialog\x01\x03\x00\
\x00\x00,\x00O\x00p\x00c\x00i\x00o\x00n\x00\
e\x00s\x00 \x00s\x00e\x00l\x00e\x00c\x00\
c\x00i\x00o\x00n\x00a\x00d\x00a\x00s\x08\
\x00\x00\x00\x00\x06\x00\x00\x00\x10Selecte\
d Options\x07\x00\x00\x00\x10Mo\
difyListDialog\x01\x03\
\x00\x00\x00\x12\x00M\x00o\x00d\x00i\x00f\x00i\
\x00c\x00a\x00r\x08\x00\x00\x00\x00\x06\x00\x00\x00\x06\
Modify\x07\x00\x00\x00\x0eModif\
yListItem\x01\x03\x00\x00\x00&\x00\
(\x000\x00 \x00=\x00 \x00d\x00e\x00s\x00\
h\x00a\x00b\x00i\x00l\x00i\x00t\x00a\x00\
d\x00o\x00)\x08\x00\x00\x00\x00\x06\x00\x00\x00\x0e(\
0 = disabled)\x07\x00\x00\
\x00\x18ModifySchedule\
TaskDialog\x01\x03\x00\x00\x00\x06\
\x002\x004\x00h\x08\x00\x00\x00\x00\x06\x00\x00\x00\x03\
24h\x07\x00\x00\x00\x18ModifySc\
heduleTaskDialog\
\x01\x03\x00\x00\x00`\x00S\x00a\x00l\x00i\x00r\
\x00 \x00a\x00u\x00t\x00o\x00m\x00\xe1\x00t\
\x00i\x00c\x00a\x00m\x00e\x00n\x00t\x00e\
\x00 \x00a\x00l\x00 \x00f\x00i\x00n\x00a\
\x00l\x00i\x00z\x00a\x00r\x00 \x00l\x00a\
\x00 \x00t\x00a\x00r\x00e\x00a\x00 \x00(\
\x00-\x00e\x00)\x08\x00\x00\x00\x00\x06\x00\x00\x00\x1e\
Auto exit after \
task done (-e)\x07\x00\
\x00\x00\x18ModifySchedul\
eTaskDialog\x01\x03\x00\x00\x00\
\x10\x00C\x00a\x00n\x00c\x00e\x00l\x00a\x00\
r\x08\x00\x00\x00\x00\x06\x00\x00\x00\x06Cance\
l\x07\x00\x00\x00\x18ModifySche\
duleTaskDialog\x01\x03\
\x00\x00\x00\x1a\x00P\x00e\x00r\x00s\x00o\x00n\
\x00a\x00l\x00i\x00z\x00a\x00d\x00o\x08\x00\
\x00\x00\x00\x06\x00\x00\x00\x06Custom\x07\x00\
\x00\x00\x18ModifySchedul\
eTaskDialog\x01\x03\x00\x00\x00\
.\x00I\x00n\x00t\x00e\x00r\x00v\x00a\x00\
l\x00o\x00 \x00p\x00e\x00r\x00s\x00o\x00\
n\x00a\x00l\x00i\x00z\x00a\x00d\x00o\x08\
\x00\x00\x00\x00\x06\x00\x00\x00\x0fCustom \
Interval\x07\x00\x00\x00\x18Mod\
ifyScheduleTaskD\
ialog\x01\x03\x00\x00\x00\x16\x00D\x00i\x00\
a\x00r\x00i\x00a\x00m\x00e\x00n\x00t\x00\
e\x08\x00\x00\x00\x00\x06\x00\x00\x00\x05Daily\
\x07\x00\x00\x00\x18ModifySched\
uleTaskDialog\x01\x03\x00\
\x00\x00\x08\x00D\x00\xed\x00a\x00s\x08\x00\x00\x00\x00\
\x06\x00\x00\x00\x04Days\x07\x00\x00\x00\x18Mo\
difyScheduleTask\
Dialog\x01\x03\x00\x00\x00\x08\x00H\x00o\
\x00r\x00a\x08\x00\x00\x00\x00\x06\x00\x00\x00\x04Ho\
ur\x07\x00\x00\x00\x18ModifySch\
eduleTaskDialog\x01\
\x03\x00\x00\x00\x0a\x00H\x00o\x00r\x00a\x00s\x08\
\x00\x00\x00\x00\x06\x00\x00\x00\x05Hours\x07\x00\
\x00\x00\x18ModifySchedul\
eTaskDialog\x01\x03\x00\x00\x00\
\x0c\x00M\x00i\x00n\x00u\x00t\x00o\x08\x00\x00\
\x00\x00\x06\x00\x00\x00\x06Minute\x07\x00\x00\
\x00\x18ModifySchedule\
TaskDialog\x01\x03\x00\x00\x00\x12\
\x00M\x00o\x00d\x00i\x00f\x00i\x00c\x00a\
\x00r\x08\x00\x00\x00\x00\x06\x00\x00\x00\x06Modi\
fy\x07\x00\x00\x00\x18ModifySch\
eduleTaskDialog\x01\
\x03\x00\x00\x004\x00M\x00o\x00d\x00i\x00f\x00\
i\x00c\x00a\x00r\x00 \x00t\x00a\x00r\x00\
e\x00a\x00 \x00p\x00r\x00o\x00g\x00r\x00\
a\x00m\x00a\x00d\x00a\x08\x00\x00\x00\x00\x06\x00\
\x00\x00\x14Modify Schedu\
le Task\x07\x00\x00\x00\x18Modi\
fyScheduleTaskDi\
alog\x01\x03\x00\x00\x00\x18\x00M\x00e\x00n\
\x00s\x00u\x00a\x00l\x00m\x00e\x00n\x00t\
\x00e\x08\x00\x00\x00\x00\x06\x00\x00\x00\x07Mont\
hly\x07\x00\x00\x00\x18ModifySc\
heduleTaskDialog\
\x01\x03\x00\x00\x00\x0e\x00U\x00n\x00a\x00 \x00v\
\x00e\x00z\x08\x00\x00\x00\x00\x06\x00\x00\x00\x04On\
ce\x07\x00\x00\x00\x18ModifySch\
eduleTaskDialog\x01\
\x03\x00\x00\x00\x1c\x00H\x00o\x00r\x00a\x00 \x00\
d\x00e\x00 \x00i\x00n\x00i\x00c\x00i\x00\
o\x08\x00\x00\x00\x00\x06\x00\x00\x00\x0aStart\
 Time\x07\x00\x00\x00\x18Modify\
ScheduleTaskDial\
og\x01\x03\x00\x00\x00$\x00O\x00p\x00c\x00i\
\x00o\x00n\x00e\x00s\x00 \x00d\x00e\x00 \
\x00i\x00n\x00i\x00c\x00i\x00o\x08\x00\x00\x00\
\x00\x06\x00\x00\x00\x0fStartup Op\
tions\x07\x00\x00\x00\x18Modify\
ScheduleTaskDial\
og\x01\x03\x00\x00\x00(\x00\xcd\x00n\x00d\x00i\
\x00c\x00e\x00 \x00d\x00e\x00 \x00t\x00a\
\x00r\x00e\x00a\x00 \x00(\x00-\x00t\x00)\
\x08\x00\x00\x00\x00\x06\x00\x00\x00\x0fTask I\
ndex (-t)\x07\x00\x00\x00\x18Mo\
difyScheduleTask\
Dialog\x01\x03\x00\x00\x00$\x00N\x00o\
\x00m\x00b\x00r\x00e\x00 \x00d\x00e\x00 \
\x00l\x00a\x00 \x00t\x00a\x00r\x00e\x00a\
\x08\x00\x00\x00\x00\x06\x00\x00\x00\x09Task N\
ame\x07\x00\x00\x00\x18ModifySc\
heduleTaskDialog\
\x01\x03\x00\x00\x00 \x00T\x00i\x00e\x00m\x00p\
\x00o\x00 \x00d\x00e\x00 \x00e\x00s\x00p\
\x00e\x00r\x00a\x08\x00\x00\x00\x00\x06\x00\x00\x00\x07\
Timeout\x07\x00\x00\x00\x18Modi\
fyScheduleTaskDi\
alog\x01\x03\x00\x00\x00\x22\x00T\x00i\x00p\
\x00o\x00 \x00d\x00e\x00 \x00a\x00c\x00t\
\x00i\x00v\x00a\x00d\x00o\x00r\x08\x00\x00\x00\
\x00\x06\x00\x00\x00\x0cTrigger Ty\
pe\x07\x00\x00\x00\x18ModifySch\
eduleTaskDialog\x01\
\x03\x00\x00\x00\x18\x00S\x00e\x00m\x00a\x00n\x00\
a\x00l\x00m\x00e\x00n\x00t\x00e\x08\x00\x00\
\x00\x00\x06\x00\x00\x00\x06Weekly\x07\x00\x00\
\x00\x18ModifySchedule\
TaskDialog\x01\x03\x00\x00\x00*\
\x00h\x00o\x00r\x00a\x00s\x00 \x00(\x000\
\x00 \x00=\x00 \x00i\x00l\x00i\x00m\x00i\
\x00t\x00a\x00d\x00o\x00)\x08\x00\x00\x00\x00\x06\
\x00\x00\x00\x15hours (0 = u\
nlimited)\x07\x00\x00\x00\x18Mo\
difyScheduleTask\
Dialog\x01\x03\x00\x00\x00\x1c\x00E\x00l\
\x00e\x00g\x00i\x00r\x00 \x00v\x00e\x00n\
\x00t\x00a\x00n\x00a\x08\x00\x00\x00\x00\x06\x00\x00\
\x00\x0dChoose Window\x07\
\x00\x00\x00\x0eOneTimeTaskT\
ab\x01\x03\x00\x00\x00\x14\x00C\x00o\x00m\x00p\
\x00l\x00e\x00t\x00a\x00d\x00o\x08\x00\x00\x00\
\x00\x06\x00\x00\x00\x09Completed\x07\
\x00\x00\x00\x0eOneTimeTaskT\
ab\x01\x03\x00\x00\x00\x16\x00I\x00n\x00f\x00o\
\x00r\x00m\x00a\x00c\x00i\x00\xf3\x00n\x08\x00\
\x00\x00\x00\x06\x00\x00\x00\x04Info\x07\x00\x00\x00\
\x0eOneTimeTaskTab\x01\
\x03\x00\x00\x00\x18\x00E\x00n\x00 \x00e\x00j\x00\
e\x00c\x00u\x00c\x00i\x00\xf3\x00n\x08\x00\x00\
\x00\x00\x06\x00\x00\x00\x07Running\x07\x00\
\x00\x00\x0eOneTimeTaskTa\
b\x01\x03\x00\x00\x00\x0a\x00V\x00a\x00l\x00o\x00\
r\x08\x00\x00\x00\x00\x06\x00\x00\x00\x05Value\
\x07\x00\x00\x00\x0eOneTimeTask\
Tab\x01\x03\x00\x00\x00l\x00{\x00x\x00}\x00\
,\x00 \x00{\x00y\x00}\x00,\x00 \x00{\x00\
x\x00r\x00:\x00.\x003\x00f\x00}\x00,\x00\
 \x00{\x00y\x00r\x00:\x00.\x003\x00f\x00\
}\x00 \x00(\x00a\x00l\x00t\x00+\x00d\x00\
e\x00r\x00e\x00c\x00h\x00a\x00 \x00p\x00\
a\x00r\x00a\x00 \x00c\x00o\x00p\x00i\x00\
a\x00r\x00)\x08\x00\x00\x00\x00\x06\x00\x00\x000{\
x}, {y}, {xr:.3f\
}, {yr:.3f} (alt\
+right to copy)\x07\
\x00\x00\x00\x0dOverlayWidge\
t\x01\x03\x00\x00\x00\x0a\x00E\x00r\x00r\x00o\x00\
r\x08\x00\x00\x00\x00\x06\x00\x00\x00\x03app\x07\x00\
\x00\x00\x10QCoreApplicat\
ion\x01\x03\x00\x00\x00\x1e\x00N\x00o\x00 \x00\
i\x00m\x00a\x00g\x00e\x00 \x00l\x00o\x00\
a\x00d\x00e\x00d\x08\x00\x00\x00\x00\x06\x00\x00\x00\
\x0fNo image loaded\
\x07\x00\x00\x00\x17RegionSelec\
tImageWidget\x01\x03\x00\x00\
\x00:\x00I\x00n\x00g\x00r\x00e\x00s\x00e\
\x00 \x00c\x00\xf3\x00d\x00i\x00g\x00o\x00 \
\x00P\x00y\x00t\x00h\x00o\x00n\x00 \x00a\
\x00q\x00u\x00\xed\x00.\x00.\x00.\x08\x00\x00\x00\
\x00\x06\x00\x00\x00\x19Enter Pyth\
on code here...\x07\
\x00\x00\x00\x0aRunCodeTab\x01\x03\
\x00\x00\x00:\x00L\x00a\x00 \x00s\x00a\x00l\
\x00i\x00d\x00a\x00 \x00s\x00e\x00 \x00m\
\x00o\x00s\x00t\x00r\x00a\x00r\x00\xe1\x00 \
\x00a\x00q\x00u\x00\xed\x00.\x00.\x00.\x08\x00\
\x00\x00\x00\x06\x00\x00\x00\x1cOutput w\
ill be shown her\
e...\x07\x00\x00\x00\x0aRunCode\
Tab\x01\x03\x00\x00\x00\x1e\x00E\x00j\x00e\x00\
c\x00u\x00t\x00a\x00r\x00 \x00c\x00\xf3\x00\
d\x00i\x00g\x00o\x08\x00\x00\x00\x00\x06\x00\x00\x00\
\x08Run Code\x07\x00\x00\x00\x0aRu\
nCodeTab\x01\x03\x00\x00\x00,\x00E\
\x00j\x00e\x00c\x00u\x00t\x00a\x00r\x00 \
\x00c\x00\xf3\x00d\x00i\x00g\x00o\x00 \x00P\
\x00y\x00t\x00h\x00o\x00n\x08\x00\x00\x00\x00\x06\
\x00\x00\x00\x0fRun Python C\
ode\x07\x00\x00\x00\x0aRunCodeT\
ab\x01\x03\x00\x00\x00X\x00\xbf\x00E\x00s\x00t\
\x00\xe1\x00 \x00s\x00e\x00g\x00u\x00r\x00o\
\x00 \x00d\x00e\x00 \x00q\x00u\x00e\x00 \
\x00d\x00e\x00s\x00e\x00a\x00 \x00e\x00l\
\x00i\x00m\x00i\x00n\x00a\x00r\x00 \x00l\
\x00a\x00 \x00t\x00a\x00r\x00e\x00a\x00?\
\x08\x00\x00\x00\x00\x06\x00\x00\x00$Are yo\
u sure you want \
to delete task\x07\x00\
\x00\x00\x0fScheduleTaskT\
ab\x01\x03\x00\x00\x00\x10\x00C\x00a\x00n\x00c\
\x00e\x00l\x00a\x00r\x08\x00\x00\x00\x00\x06\x00\x00\
\x00\x06Cancel\x07\x00\x00\x00\x0fSch\
eduleTaskTab\x01\x03\x00\x00\
\x00\x16\x00C\x00r\x00e\x00a\x00r\x00 \x00t\
\x00a\x00r\x00e\x00a\x08\x00\x00\x00\x00\x06\x00\x00\
\x00\x0bCreate Task\x07\x00\x00\
\x00\x0fScheduleTaskTa\
b\x01\x03\x00\x00\x00\x10\x00E\x00l\x00i\x00m\x00\
i\x00n\x00a\x00r\x08\x00\x00\x00\x00\x06\x00\x00\x00\
\x06Delete\x07\x00\x00\x00\x0fSche\
duleTaskTab\x01\x03\x00\x00\x00\
\x1c\x00E\x00l\x00i\x00m\x00i\x00n\x00a\x00\
r\x00 \x00t\x00a\x00r\x00e\x00a\x08\x00\x00\
\x00\x00\x06\x00\x00\x00\x0bDelete Ta\
sk\x07\x00\x00\x00\x0fScheduleT\
askTab\x01\x03\x00\x00\x00\x0a\x00E\x00r\
\x00r\x00o\x00r\x08\x00\x00\x00\x00\x06\x00\x00\x00\x05\
Error\x07\x00\x00\x00\x0fSchedu\
leTaskTab\x01\x03\x00\x00\x00.\x00\
E\x00r\x00r\x00o\x00r\x00 \x00a\x00l\x00\
 \x00c\x00r\x00e\x00a\x00r\x00 \x00l\x00\
a\x00 \x00t\x00a\x00r\x00e\x00a\x08\x00\x00\
\x00\x00\x06\x00\x00\x00\x15Failed to\
 create task\x07\x00\x00\x00\
\x0fScheduleTaskTab\
\x01\x03\x00\x00\x004\x00E\x00r\x00r\x00o\x00r\
\x00 \x00a\x00l\x00 \x00e\x00l\x00i\x00m\
\x00i\x00n\x00a\x00r\x00 \x00l\x00a\x00 \
\x00t\x00a\x00r\x00e\x00a\x08\x00\x00\x00\x00\x06\
\x00\x00\x00\x15Failed to de\
lete task\x07\x00\x00\x00\x0fSc\
heduleTaskTab\x01\x03\x00\
\x00\x004\x00E\x00r\x00r\x00o\x00r\x00 \x00\
a\x00l\x00 \x00c\x00a\x00r\x00g\x00a\x00\
r\x00 \x00l\x00a\x00s\x00 \x00t\x00a\x00\
r\x00e\x00a\x00s\x08\x00\x00\x00\x00\x06\x00\x00\x00\
\x14Failed to load \
tasks\x07\x00\x00\x00\x0fSchedu\
leTaskTab\x01\x03\x00\x00\x006\x00\
E\x00r\x00r\x00o\x00r\x00 \x00a\x00l\x00\
 \x00m\x00o\x00d\x00i\x00f\x00i\x00c\x00\
a\x00r\x00 \x00l\x00a\x00 \x00t\x00a\x00\
r\x00e\x00a\x08\x00\x00\x00\x00\x06\x00\x00\x00\x15F\
ailed to modify \
task\x07\x00\x00\x00\x0fSchedul\
eTaskTab\x01\x03\x00\x00\x00\x84\x00E\
\x00r\x00r\x00o\x00r\x00 \x00a\x00l\x00 \
\x00m\x00o\x00d\x00i\x00f\x00i\x00c\x00a\
\x00r\x00 \x00l\x00a\x00 \x00t\x00a\x00r\
\x00e\x00a\x00:\x00 \x00n\x00o\x00 \x00s\
\x00e\x00 \x00p\x00u\x00e\x00d\x00e\x00 \
\x00e\x00l\x00i\x00m\x00i\x00n\x00a\x00r\
\x00 \x00l\x00a\x00 \x00t\x00a\x00r\x00e\
\x00a\x00 \x00a\x00n\x00t\x00i\x00g\x00u\
\x00a\x08\x00\x00\x00\x00\x06\x00\x00\x00-Fail\
ed to modify tas\
k: cannot delete\
 old task\x07\x00\x00\x00\x0fSc\
heduleTaskTab\x01\x03\x00\
\x00\x00R\x00E\x00r\x00r\x00o\x00r\x00 \x00\
a\x00l\x00 \x00a\x00b\x00r\x00i\x00r\x00\
 \x00e\x00l\x00 \x00d\x00i\x00\xe1\x00l\x00\
o\x00g\x00o\x00 \x00d\x00e\x00 \x00m\x00\
o\x00d\x00i\x00f\x00i\x00c\x00a\x00c\x00\
i\x00\xf3\x00n\x08\x00\x00\x00\x00\x06\x00\x00\x00\x1cF\
ailed to open mo\
dify dialog\x07\x00\x00\x00\x0f\
ScheduleTaskTab\x01\
\x03\x00\x00\x00L\x00E\x00r\x00r\x00o\x00r\x00\
 \x00a\x00l\x00 \x00c\x00a\x00m\x00b\x00\
i\x00a\x00r\x00 \x00e\x00l\x00 \x00e\x00\
s\x00t\x00a\x00d\x00o\x00 \x00d\x00e\x00\
 \x00l\x00a\x00 \x00t\x00a\x00r\x00e\x00\
a\x08\x00\x00\x00\x00\x06\x00\x00\x00\x15Faile\
d to toggle task\
\x07\x00\x00\x00\x0fScheduleTas\
kTab\x01\x03\x00\x00\x00\x12\x00R\x00e\x00f\
\x00r\x00e\x00s\x00c\x00a\x00r\x08\x00\x00\x00\
\x00\x06\x00\x00\x00\x07Refresh\x07\x00\x00\
\x00\x0fScheduleTaskTa\
b\x01\x03\x00\x00\x00$\x00E\x00r\x00r\x00o\x00\
r\x00 \x00a\x00l\x00 \x00r\x00e\x00f\x00\
r\x00e\x00s\x00c\x00a\x00r\x08\x00\x00\x00\x00\
\x06\x00\x00\x00\x0eRefresh fai\
led\x07\x00\x00\x00\x0fSchedule\
TaskTab\x01\x03\x00\x00\x00$\x00T\x00\
a\x00r\x00e\x00a\x00s\x00 \x00p\x00r\x00\
o\x00g\x00r\x00a\x00m\x00a\x00d\x00a\x00\
s\x08\x00\x00\x00\x00\x06\x00\x00\x00\x0eSched\
ule Tasks\x07\x00\x00\x00\x0fSc\
heduleTaskTab\x01\x03\x00\
\x00\x00\x0a\x00\xc9\x00x\x00i\x00t\x00o\x08\x00\x00\
\x00\x00\x06\x00\x00\x00\x07Success\x07\x00\
\x00\x00\x0fScheduleTaskT\
ab\x01\x03\x00\x00\x00,\x00T\x00a\x00r\x00e\
\x00a\x00 \x00c\x00r\x00e\x00a\x00d\x00a\
\x00 \x00c\x00o\x00n\x00 \x00\xe9\x00x\x00i\
\x00t\x00o\x08\x00\x00\x00\x00\x06\x00\x00\x00\x19Ta\
sk created succe\
ssfully\x07\x00\x00\x00\x0fSche\
duleTaskTab\x01\x03\x00\x00\x00\
2\x00T\x00a\x00r\x00e\x00a\x00 \x00e\x00\
l\x00i\x00m\x00i\x00n\x00a\x00d\x00a\x00\
 \x00c\x00o\x00n\x00 \x00\xe9\x00x\x00i\x00\
t\x00o\x08\x00\x00\x00\x00\x06\x00\x00\x00\x19Tas\
k deleted succes\
sfully\x07\x00\x00\x00\x0fSched\
uleTaskTab\x01\x03\x00\x00\x00&\
\x00T\x00a\x00r\x00e\x00a\x00 \x00d\x00e\
\x00s\x00h\x00a\x00b\x00i\x00l\x00i\x00t\
\x00a\x00d\x00a\x08\x00\x00\x00\x00\x06\x00\x00\x00\x0d\
Task disabled\x07\x00\x00\
\x00\x0fScheduleTaskTa\
b\x01\x03\x00\x00\x00 \x00T\x00a\x00r\x00e\x00\
a\x00 \x00h\x00a\x00b\x00i\x00l\x00i\x00\
t\x00a\x00d\x00a\x08\x00\x00\x00\x00\x06\x00\x00\x00\
\x0cTask enabled\x07\x00\x00\
\x00\x0fScheduleTaskTa\
b\x01\x03\x00\x00\x004\x00T\x00a\x00r\x00e\x00\
a\x00 \x00m\x00o\x00d\x00i\x00f\x00i\x00\
c\x00a\x00d\x00a\x00 \x00c\x00o\x00n\x00\
 \x00\xe9\x00x\x00i\x00t\x00o\x08\x00\x00\x00\x00\
\x06\x00\x00\x00\x1aTask modifi\
ed successfully\x07\
\x00\x00\x00\x0fScheduleTask\
Tab\x01\x03\x00\x00\x008\x00T\x00a\x00r\x00\
e\x00a\x00 \x00n\x00o\x00 \x00e\x00n\x00\
c\x00o\x00n\x00t\x00r\x00a\x00d\x00a\x00\
 \x00e\x00n\x00 \x00c\x00a\x00c\x00h\x00\
\xe9\x08\x00\x00\x00\x00\x06\x00\x00\x00\x17Task \
not found in cac\
he\x07\x00\x00\x00\x0fScheduleT\
askTab\x01\x03\x00\x00\x00$\x00T\x00a\
\x00r\x00e\x00a\x00s\x00 \x00r\x00e\x00f\
\x00r\x00e\x00s\x00c\x00a\x00d\x00a\x00s\
\x08\x00\x00\x00\x00\x06\x00\x00\x00\x0fTasks \
refreshed\x07\x00\x00\x00\x0fSc\
heduleTaskTab\x01\x03\x00\
\x00\x00\x10\x00A\x00c\x00c\x00i\x00o\x00n\x00\
e\x00s\x08\x00\x00\x00\x00\x06\x00\x00\x00\x07Act\
ions\x07\x00\x00\x00\x11Schedul\
eTaskTable\x01\x03\x00\x00\x00\x1a\
\x00P\x00e\x00r\x00s\x00o\x00n\x00a\x00l\
\x00i\x00z\x00a\x00d\x00o\x08\x00\x00\x00\x00\x06\
\x00\x00\x00\x06Custom\x07\x00\x00\x00\x11S\
cheduleTaskTable\
\x01\x03\x00\x00\x00\x16\x00D\x00i\x00a\x00r\x00i\
\x00a\x00m\x00e\x00n\x00t\x00e\x08\x00\x00\x00\
\x00\x06\x00\x00\x00\x05Daily\x07\x00\x00\x00\x11\
ScheduleTaskTabl\
e\x01\x03\x00\x00\x00\x10\x00E\x00l\x00i\x00m\x00\
i\x00n\x00a\x00r\x08\x00\x00\x00\x00\x06\x00\x00\x00\
\x06Delete\x07\x00\x00\x00\x11Sche\
duleTaskTable\x01\x03\x00\
\x00\x00\x1a\x00D\x00e\x00s\x00h\x00a\x00b\x00\
i\x00l\x00i\x00t\x00a\x00d\x00o\x08\x00\x00\
\x00\x00\x06\x00\x00\x00\x08Disabled\x07\
\x00\x00\x00\x11ScheduleTask\
Table\x01\x03\x00\x00\x00\x14\x00H\x00a\x00\
b\x00i\x00l\x00i\x00t\x00a\x00d\x00o\x08\
\x00\x00\x00\x00\x06\x00\x00\x00\x07Enabled\
\x07\x00\x00\x00\x11ScheduleTas\
kTable\x01\x03\x00\x00\x00\x12\x00M\x00o\
\x00d\x00i\x00f\x00i\x00c\x00a\x00r\x08\x00\
\x00\x00\x00\x06\x00\x00\x00\x06Modify\x07\x00\
\x00\x00\x11ScheduleTaskT\
able\x01\x03\x00\x00\x00\x18\x00M\x00e\x00n\
\x00s\x00u\x00a\x00l\x00m\x00e\x00n\x00t\
\x00e\x08\x00\x00\x00\x00\x06\x00\x00\x00\x07Mont\
hly\x07\x00\x00\x00\x11Schedule\
TaskTable\x01\x03\x00\x00\x00\x22\x00\
P\x00r\x00\xf3\x00x\x00i\x00m\x00a\x00 \x00\
e\x00j\x00e\x00c\x00u\x00c\x00i\x00\xf3\x00\
n\x08\x00\x00\x00\x00\x06\x00\x00\x00\x08Next \
Run\x07\x00\x00\x00\x11Schedule\
TaskTable\x01\x03\x00\x00\x00\x0e\x00\
U\x00n\x00a\x00 \x00v\x00e\x00z\x08\x00\x00\
\x00\x00\x06\x00\x00\x00\x04Once\x07\x00\x00\x00\x11\
ScheduleTaskTabl\
e\x01\x03\x00\x00\x00\x0a\x00L\x00i\x00s\x00t\x00\
o\x08\x00\x00\x00\x00\x06\x00\x00\x00\x05Ready\
\x07\x00\x00\x00\x11ScheduleTas\
kTable\x01\x03\x00\x00\x00\x14\x00E\x00j\
\x00e\x00c\x00u\x00t\x00a\x00n\x00d\x00o\
\x08\x00\x00\x00\x00\x06\x00\x00\x00\x07Runnin\
g\x07\x00\x00\x00\x11ScheduleTa\
skTable\x01\x03\x00\x00\x00\x0c\x00E\x00\
s\x00t\x00a\x00d\x00o\x08\x00\x00\x00\x00\x06\x00\
\x00\x00\x06Status\x07\x00\x00\x00\x11Sc\
heduleTaskTable\x01\
\x03\x00\x00\x00$\x00N\x00o\x00m\x00b\x00r\x00\
e\x00 \x00d\x00e\x00 \x00l\x00a\x00 \x00\
t\x00a\x00r\x00e\x00a\x08\x00\x00\x00\x00\x06\x00\
\x00\x00\x09Task Name\x07\x00\x00\x00\
\x11ScheduleTaskTab\
le\x01\x03\x00\x00\x00\x22\x00T\x00i\x00p\x00o\
\x00 \x00d\x00e\x00 \x00a\x00c\x00t\x00i\
\x00v\x00a\x00d\x00o\x00r\x08\x00\x00\x00\x00\x06\
\x00\x00\x00\x0cTrigger Type\
\x07\x00\x00\x00\x11ScheduleTas\
kTable\x01\x03\x00\x00\x00\x16\x00D\x00e\
\x00s\x00c\x00o\x00n\x00o\x00c\x00i\x00d\
\x00o\x08\x00\x00\x00\x00\x06\x00\x00\x00\x07Unkn\
own\x07\x00\x00\x00\x11Schedule\
TaskTable\x01\x03\x00\x00\x00\x18\x00\
S\x00e\x00m\x00a\x00n\x00a\x00l\x00m\x00\
e\x00n\x00t\x00e\x08\x00\x00\x00\x00\x06\x00\x00\x00\
\x06Weekly\x07\x00\x00\x00\x11Sche\
duleTaskTable\x01\x03\x00\
\x00\x00\x8c\x00A\x00D\x00B\x00 \x00(\x00S\x00\
o\x00p\x00o\x00r\x00t\x00a\x00 \x00s\x00\
e\x00g\x00u\x00n\x00d\x00o\x00 \x00p\x00\
l\x00a\x00n\x00o\x00,\x00 \x00l\x00e\x00\
n\x00t\x00o\x00,\x00 \x00a\x00l\x00t\x00\
a\x00 \x00c\x00o\x00m\x00p\x00a\x00t\x00\
i\x00b\x00i\x00l\x00i\x00d\x00a\x00d\x00\
,\x00 \x00a\x00l\x00t\x00a\x00 \x00l\x00\
a\x00t\x00e\x00n\x00c\x00i\x00a\x00)\x08\
\x00\x00\x00\x00\x06\x00\x00\x00@ADB(Sup\
ports Background\
, Slow, High Com\
patibility, High\
 Latency)\x07\x00\x00\x00\x15Se\
lectCaptureListV\
iew\x01\x03\x00\x00\x00J\x00B\x00i\x00t\x00\
B\x00l\x00t\x00 \x00-\x00 \x00M\x00\xe1\x00\
s\x00 \x00r\x00\xe1\x00p\x00i\x00d\x00o\x00\
,\x00 \x00m\x00e\x00n\x00o\x00s\x00 \x00\
c\x00o\x00m\x00p\x00a\x00t\x00i\x00b\x00\
l\x00e\x08\x00\x00\x00\x00\x06\x00\x00\x00\x06Bit\
Blt\x07\x00\x00\x00\x15SelectCa\
ptureListView\x01\x03\x00\
\x00\x00R\x00B\x00i\x00t\x00B\x00l\x00t\x00\
_\x00R\x00e\x00n\x00d\x00e\x00r\x00F\x00\
u\x00l\x00l\x00 \x00-\x00 \x00L\x00e\x00\
n\x00t\x00o\x00,\x00 \x00m\x00\xe1\x00s\x00\
 \x00c\x00o\x00m\x00p\x00a\x00t\x00i\x00\
b\x00l\x00e\x08\x00\x00\x00\x00\x06\x00\x00\x00\x11B\
itBlt_RenderFull\
\x07\x00\x00\x00\x15SelectCaptu\
reListView\x01\x03\x00\x00\x00(\
\x00C\x00a\x00p\x00t\x00u\x00r\x00a\x00 \
\x00d\x00e\x00 \x00n\x00a\x00v\x00e\x00g\
\x00a\x00d\x00o\x00r\x08\x00\x00\x00\x00\x06\x00\x00\
\x00\x0fBrowser Captur\
e\x07\x00\x00\x00\x15SelectCapt\
ureListView\x01\x03\x00\x00\x00\
J\x00D\x00X\x00G\x00I\x00 \x00-\x00 \x00\
M\x00\xe1\x00s\x00 \x00l\x00e\x00n\x00t\x00\
o\x00,\x00 \x00u\x00s\x00a\x00d\x00o\x00\
 \x00c\x00o\x00m\x00o\x00 \x00r\x00e\x00\
s\x00p\x00a\x00l\x00d\x00o\x08\x00\x00\x00\x00\
\x06\x00\x00\x00\x04DXGI\x07\x00\x00\x00\x15Se\
lectCaptureListV\
iew\x01\x03\x00\x00\x00\x86\x00V\x00e\x00n\x00\
t\x00a\x00n\x00a\x00 \x00d\x00e\x00l\x00\
 \x00e\x00m\x00u\x00l\x00a\x00d\x00o\x00\
r\x00 \x00(\x00S\x00o\x00p\x00o\x00r\x00\
t\x00a\x00 \x00s\x00e\x00g\x00u\x00n\x00\
d\x00o\x00 \x00p\x00l\x00a\x00n\x00o\x00\
,\x00 \x00r\x00\xe1\x00p\x00i\x00d\x00o\x00\
,\x00 \x00b\x00a\x00j\x00a\x00 \x00l\x00\
a\x00t\x00e\x00n\x00c\x00i\x00a\x00)\x08\
\x00\x00\x00\x00\x06\x00\x00\x007Emulato\
r Window(Support\
s Background, Fa\
st, Low Latency)\
\x07\x00\x00\x00\x15SelectCaptu\
reListView\x01\x03\x00\x00\x00\x22\
\x00V\x00e\x00n\x00t\x00a\x00n\x00a\x00 \
\x00d\x00e\x00l\x00 \x00j\x00u\x00e\x00g\
\x00o\x08\x00\x00\x00\x00\x06\x00\x00\x00\x0bGame\
 Window\x07\x00\x00\x00\x15Sele\
ctCaptureListVie\
w\x01\x03\x00\x00\x00B\x00I\x00P\x00C\x00 \x00\
(\x00M\x00u\x00M\x00u\x00P\x00l\x00a\x00\
y\x00e\x00r\x001\x002\x00 \x00v\x00e\x00\
r\x00s\x00i\x00\xf3\x00n\x00 \x00>\x00=\x00\
 \x004\x00.\x000\x00)\x08\x00\x00\x00\x00\x06\x00\
\x00\x00!Ipc (MuMuPlay\
er12 version >= \
4.0)\x07\x00\x00\x00\x15SelectC\
aptureListView\x01\x03\
\x00\x00\x00*\x00W\x00G\x00C\x00 \x00-\x00 \
\x00>\x00=\x00W\x00i\x00n\x001\x000\x00,\
\x00 \x00R\x00\xe1\x00p\x00i\x00d\x00o\x08\x00\
\x00\x00\x00\x06\x00\x00\x00\x03WGC\x07\x00\x00\x00\x15\
SelectCaptureLis\
tView\x01\x03\x00\x00\x00<\x00A\x00D\x00\
B\x00I\x00n\x00t\x00e\x00r\x00a\x00c\x00\
t\x00i\x00o\x00n\x00 \x00-\x00 \x00S\x00\
e\x00g\x00u\x00n\x00d\x00o\x00 \x00p\x00\
l\x00a\x00n\x00o\x08\x00\x00\x00\x00\x06\x00\x00\x00\
\x0eADBInteraction\x07\
\x00\x00\x00\x19SelectIntera\
ctionListView\x01\x03\x00\
\x00\x00D\x00B\x00r\x00o\x00w\x00s\x00e\x00\
r\x00I\x00n\x00t\x00e\x00r\x00a\x00c\x00\
t\x00i\x00o\x00n\x00 \x00-\x00 \x00S\x00\
e\x00g\x00u\x00n\x00d\x00o\x00 \x00p\x00\
l\x00a\x00n\x00o\x08\x00\x00\x00\x00\x06\x00\x00\x00\
\x12BrowserInteract\
ion\x07\x00\x00\x00\x19SelectIn\
teractionListVie\
w\x01\x03\x00\x00\x00z\x00G\x00e\x00n\x00s\x00\
h\x00i\x00n\x00 \x00-\x00 \x00S\x00e\x00\
g\x00u\x00n\x00d\x00o\x00 \x00p\x00l\x00\
a\x00n\x00o\x00,\x00 \x00s\x00o\x00p\x00\
o\x00r\x00t\x00e\x00 \x00p\x00a\x00r\x00\
a\x00 \x00a\x00l\x00g\x00u\x00n\x00o\x00\
s\x00 \x00j\x00u\x00e\x00g\x00o\x00s\x00\
 \x00d\x00e\x00 \x00U\x00n\x00i\x00t\x00\
y\x08\x00\x00\x00\x00\x06\x00\x00\x00\x07Gensh\
in\x07\x00\x00\x00\x19SelectInt\
eractionListView\
\x01\x03\x00\x00\x00\x90\x00P\x00o\x00s\x00t\x00M\
\x00e\x00s\x00s\x00a\x00g\x00e\x00 \x00-\
\x00 \x00S\x00e\x00g\x00u\x00n\x00d\x00o\
\x00 \x00p\x00l\x00a\x00n\x00o\x00,\x00 \
\x00l\x00a\x00 \x00m\x00a\x00y\x00o\x00r\
\x00\xed\x00a\x00 \x00d\x00e\x00 \x00a\x00p\
\x00l\x00i\x00c\x00a\x00c\x00i\x00o\x00n\
\x00e\x00s\x00 \x00y\x00 \x00a\x00l\x00g\
\x00u\x00n\x00o\x00s\x00 \x00j\x00u\x00e\
\x00g\x00o\x00s\x08\x00\x00\x00\x00\x06\x00\x00\x00\x0b\
PostMessage\x07\x00\x00\x00\x19\
SelectInteractio\
nListView\x01\x03\x00\x00\x00V\x00\
P\x00y\x00D\x00i\x00r\x00e\x00c\x00t\x00\
 \x00-\x00 \x00P\x00r\x00i\x00m\x00e\x00\
r\x00 \x00p\x00l\x00a\x00n\x00o\x00,\x00\
 \x00r\x00e\x00s\x00p\x00a\x00l\x00d\x00\
o\x00 \x00d\x00e\x00 \x00P\x00y\x00n\x00\
p\x00u\x00t\x08\x00\x00\x00\x00\x06\x00\x00\x00\x08P\
yDirect\x07\x00\x00\x00\x19Sele\
ctInteractionLis\
tView\x01\x03\x00\x00\x00J\x00P\x00y\x00\
n\x00p\x00u\x00t\x00 \x00-\x00 \x00P\x00\
r\x00i\x00m\x00e\x00r\x00 \x00p\x00l\x00\
a\x00n\x00o\x00,\x00 \x00m\x00\xe1\x00s\x00\
 \x00c\x00o\x00m\x00p\x00a\x00t\x00i\x00\
b\x00l\x00e\x08\x00\x00\x00\x00\x06\x00\x00\x00\x06P\
ynput\x07\x00\x00\x00\x19Select\
InteractionListV\
iew\x01\x03\x00\x00\x00\x12\x00A\x00c\x00e\x00\
r\x00c\x00a\x00 \x00d\x00e\x08\x00\x00\x00\x00\
\x06\x00\x00\x00\x05About\x07\x00\x00\x00\x0aS\
ettingTab\x01\x03\x00\x00\x00.\x00\
C\x00o\x00n\x00f\x00i\x00g\x00u\x00r\x00\
a\x00c\x00i\x00\xf3\x00n\x00 \x00d\x00e\x00\
 \x00l\x00a\x00 \x00a\x00p\x00p\x08\x00\x00\
\x00\x00\x06\x00\x00\x00\x0aApp Confi\
g\x07\x00\x00\x00\x0aSettingTab\
\x01\x03\x00\x00\x00\x22\x00A\x00j\x00u\x00s\x00t\
\x00e\x00s\x00 \x00d\x00e\x00 \x00l\x00a\
\x00 \x00a\x00p\x00p\x08\x00\x00\x00\x00\x06\x00\x00\
\x00\x0cApp Settings\x07\x00\
\x00\x00\x0aSettingTab\x01\x03\x00\
\x00\x00*\x00T\x00e\x00m\x00a\x00 \x00d\x00\
e\x00 \x00l\x00a\x00 \x00a\x00p\x00l\x00\
i\x00c\x00a\x00c\x00i\x00\xf3\x00n\x08\x00\x00\
\x00\x00\x06\x00\x00\x00\x11Applicati\
on Theme\x07\x00\x00\x00\x0aSet\
tingTab\x01\x03\x00\x00\x00L\x00C\x00\
a\x00m\x00b\x00i\x00a\x00r\x00 \x00l\x00\
a\x00 \x00a\x00p\x00a\x00r\x00i\x00e\x00\
n\x00c\x00i\x00a\x00 \x00d\x00e\x00 \x00\
t\x00u\x00 \x00a\x00p\x00l\x00i\x00c\x00\
a\x00c\x00i\x00\xf3\x00n\x08\x00\x00\x00\x00\x06\x00\
\x00\x00(Change the ap\
pearance of the \
application\x07\x00\x00\x00\x0a\
SettingTab\x01\x03\x00\x00\x00,\
\x00B\x00u\x00s\x00c\x00a\x00r\x00 \x00a\
\x00c\x00t\x00u\x00a\x00l\x00i\x00z\x00a\
\x00c\x00i\x00o\x00n\x00e\x00s\x08\x00\x00\x00\
\x00\x06\x00\x00\x00\x0cCheck upda\
te\x07\x00\x00\x00\x0aSettingTa\
b\x01\x03\x00\x00\x00b\x00L\x00a\x00 \x00c\x00\
o\x00n\x00f\x00i\x00g\x00u\x00r\x00a\x00\
c\x00i\x00\xf3\x00n\x00 \x00s\x00e\x00 \x00\
a\x00p\x00l\x00i\x00c\x00a\x00r\x00\xe1\x00\
 \x00d\x00e\x00s\x00p\x00u\x00\xe9\x00s\x00\
 \x00d\x00e\x00 \x00r\x00e\x00i\x00n\x00\
i\x00c\x00i\x00a\x00r\x08\x00\x00\x00\x00\x06\x00\
\x00\x00(Configuration\
 takes effect af\
ter restart\x07\x00\x00\x00\x0a\
SettingTab\x01\x03\x00\x00\x00\x0c\
\x00O\x00s\x00c\x00u\x00r\x00o\x08\x00\x00\x00\
\x00\x06\x00\x00\x00\x04Dark\x07\x00\x00\x00\x0aS\
ettingTab\x01\x03\x00\x00\x00\x9a\x00\
D\x00e\x00s\x00c\x00u\x00b\x00r\x00e\x00\
 \x00n\x00u\x00e\x00v\x00a\x00s\x00 \x00\
f\x00u\x00n\x00c\x00i\x00o\x00n\x00e\x00\
s\x00 \x00y\x00 \x00a\x00p\x00r\x00e\x00\
n\x00d\x00e\x00 \x00c\x00o\x00n\x00s\x00\
e\x00j\x00o\x00s\x00 \x00\xfa\x00t\x00i\x00\
l\x00e\x00s\x00 \x00s\x00o\x00b\x00r\x00\
e\x00 \x00P\x00y\x00Q\x00t\x00-\x00F\x00\
l\x00u\x00e\x00n\x00t\x00-\x00W\x00i\x00\
d\x00g\x00e\x00t\x00s\x08\x00\x00\x00\x00\x06\x00\
\x00\x00EDiscover new \
features and lea\
rn useful tips a\
bout PyQt-Fluent\
-Widgets\x07\x00\x00\x00\x0aSet\
tingTab\x01\x03\x00\x00\x00\x0a\x00A\x00\
y\x00u\x00d\x00a\x08\x00\x00\x00\x00\x06\x00\x00\x00\
\x04Help\x07\x00\x00\x00\x0aSettin\
gTab\x01\x03\x00\x00\x00\x0c\x00I\x00d\x00i\
\x00o\x00m\x00a\x08\x00\x00\x00\x00\x06\x00\x00\x00\x08\
Language\x07\x00\x00\x00\x0aSet\
tingTab\x01\x03\x00\x00\x00\x0a\x00C\x00\
l\x00a\x00r\x00o\x08\x00\x00\x00\x00\x06\x00\x00\x00\
\x05Light\x07\x00\x00\x00\x0aSetti\
ngTab\x01\x03\x00\x00\x00*\x00A\x00b\x00\
r\x00i\x00r\x00 \x00p\x00\xe1\x00g\x00i\x00\
n\x00a\x00 \x00d\x00e\x00 \x00a\x00y\x00\
u\x00d\x00a\x08\x00\x00\x00\x00\x06\x00\x00\x00\x0eO\
pen help page\x07\x00\x00\
\x00\x0aSettingTab\x01\x03\x00\x00\
\x00:\x00E\x00s\x00t\x00a\x00b\x00l\x00e\
\x00c\x00e\x00 \x00t\x00u\x00 \x00i\x00d\
\x00i\x00o\x00m\x00a\x00 \x00p\x00r\x00e\
\x00f\x00e\x00r\x00i\x00d\x00o\x08\x00\x00\x00\
\x00\x06\x00\x00\x00\x1bSet your p\
referred languag\
e\x07\x00\x00\x00\x0aSettingTab\
\x01\x03\x00\x00\x00\x5c\x00E\x00s\x00t\x00a\x00b\
\x00l\x00e\x00c\x00e\x00 \x00t\x00u\x00 \
\x00i\x00d\x00i\x00o\x00m\x00a\x00 \x00p\
\x00r\x00e\x00f\x00e\x00r\x00i\x00d\x00o\
\x00 \x00p\x00a\x00r\x00a\x00 \x00l\x00a\
\x00 \x00i\x00n\x00t\x00e\x00r\x00f\x00a\
\x00z\x08\x00\x00\x00\x00\x06\x00\x00\x00\x22Set \
your preferred l\
anguage for UI\x07\x00\
\x00\x00\x0aSettingTab\x01\x03\x00\
\x00\x00\x0e\x00A\x00j\x00u\x00s\x00t\x00e\x00\
s\x08\x00\x00\x00\x00\x06\x00\x00\x00\x08Setti\
ngs\x07\x00\x00\x00\x0aSettingT\
ab\x01\x03\x00\x00\x00*\x00A\x00c\x00t\x00u\
\x00a\x00l\x00i\x00z\x00a\x00d\x00o\x00 \
\x00c\x00o\x00n\x00 \x00\xe9\x00x\x00i\x00t\
\x00o\x08\x00\x00\x00\x00\x06\x00\x00\x00\x14Upda\
ted successfully\
\x07\x00\x00\x00\x0aSettingTab\x01\
\x03\x00\x00\x00<\x00U\x00s\x00a\x00r\x00 \x00\
c\x00o\x00n\x00f\x00i\x00g\x00u\x00r\x00\
a\x00c\x00i\x00\xf3\x00n\x00 \x00d\x00e\x00\
l\x00 \x00s\x00i\x00s\x00t\x00e\x00m\x00\
a\x08\x00\x00\x00\x00\x06\x00\x00\x00\x12Use s\
ystem setting\x07\x00\x00\
\x00\x0aSettingTab\x01\x03\x00\x00\
\x00\x0e\x00V\x00e\x00r\x00s\x00i\x00\xf3\x00n\
\x08\x00\x00\x00\x00\x06\x00\x00\x00\x07Versio\
n\x07\x00\x00\x00\x0aSettingTab\
\x01\x03\x00\x00\x00\x16\x00P\x00a\x00u\x00s\x00a\
\x00r\x00 \x00t\x00o\x00d\x00o\x08\x00\x00\x00\
\x00\x06\x00\x00\x00\x09Pause All\x07\
\x00\x00\x00\x0bStartButton\x01\
\x03\x00\x00\x00\x18\x00I\x00n\x00i\x00c\x00i\x00\
a\x00r\x00 \x00t\x00o\x00d\x00o\x08\x00\x00\
\x00\x00\x06\x00\x00\x00\x09Start All\
\x07\x00\x00\x00\x0bStartButton\
\x01\x03\x00\x00\x00\x0e\x00C\x00a\x00p\x00t\x00u\
\x00r\x00a\x08\x00\x00\x00\x00\x06\x00\x00\x00\x07Ca\
pture\x07\x00\x00\x00\x09StartC\
ard\x01\x03\x00\x00\x00\x14\x00E\x00x\x00p\x00\
e\x00d\x00i\x00t\x00i\x00o\x00n\x08\x00\x00\
\x00\x00\x06\x00\x00\x00\x0aExpeditio\
n\x07\x00\x00\x00\x09StartCard\x01\
\x03\x00\x00\x00$\x00E\x00x\x00p\x00o\x00r\x00\
t\x00a\x00r\x00 \x00r\x00e\x00g\x00i\x00\
s\x00t\x00r\x00o\x00s\x08\x00\x00\x00\x00\x06\x00\
\x00\x00\x0bExport Logs\x07\x00\
\x00\x00\x09StartCard\x01\x03\x00\x00\
\x00<\x00V\x00e\x00n\x00t\x00a\x00n\x00a\
\x00 \x00d\x00e\x00l\x00 \x00j\x00u\x00e\
\x00g\x00o\x00 \x00d\x00e\x00s\x00c\x00o\
\x00n\x00e\x00c\x00t\x00a\x00d\x00a\x08\x00\
\x00\x00\x00\x06\x00\x00\x00\x18Game Win\
dow Disconnected\
\x07\x00\x00\x00\x09StartCard\x01\x03\
\x00\x00\x00,\x00C\x00a\x00r\x00p\x00e\x00t\
\x00a\x00 \x00d\x00e\x00 \x00i\x00n\x00s\
\x00t\x00a\x00l\x00a\x00c\x00i\x00\xf3\x00n\
\x08\x00\x00\x00\x00\x06\x00\x00\x00\x0eInstal\
l Folder\x07\x00\x00\x00\x09Sta\
rtCard\x01\x03\x00\x00\x00\x0c\x00P\x00a\
\x00u\x00s\x00a\x00r\x08\x00\x00\x00\x00\x06\x00\x00\
\x00\x05Pause\x07\x00\x00\x00\x09Star\
tCard\x01\x03\x00\x00\x00\x80\x00P\x00a\x00\
u\x00s\x00a\x00d\x00o\x00:\x00 \x00\xa1\x00\
L\x00a\x00 \x00v\x00e\x00n\x00t\x00a\x00\
n\x00a\x00 \x00d\x00e\x00l\x00 \x00j\x00\
u\x00e\x00g\x00o\x00 \x00d\x00e\x00 \x00\
P\x00C\x00 \x00d\x00e\x00b\x00e\x00 \x00\
e\x00s\x00t\x00a\x00r\x00 \x00e\x00n\x00\
 \x00p\x00r\x00i\x00m\x00e\x00r\x00 \x00\
p\x00l\x00a\x00n\x00o\x00!\x08\x00\x00\x00\x00\
\x06\x00\x00\x00(Paused: PC \
Game Window Must\
 Be in Front!\x07\x00\x00\
\x00\x09StartCard\x01\x03\x00\x00\x00\
\x14\x00A\x00c\x00t\x00u\x00a\x00l\x00i\x00\
z\x00a\x00r\x08\x00\x00\x00\x00\x06\x00\x00\x00\x07R\
efresh\x07\x00\x00\x00\x09Start\
Card\x01\x03\x00\x00\x00\x18\x00E\x00n\x00 \
\x00e\x00j\x00e\x00c\x00u\x00c\x00i\x00\xf3\
\x00n\x08\x00\x00\x00\x00\x06\x00\x00\x00\x07Runn\
ing\x07\x00\x00\x00\x09StartCar\
d\x01\x03\x00\x00\x00\x0e\x00S\x00t\x00a\x00m\x00\
i\x00n\x00a\x08\x00\x00\x00\x00\x06\x00\x00\x00\x07S\
tamina\x07\x00\x00\x00\x09Start\
Card\x01\x03\x00\x00\x00\x0e\x00I\x00n\x00i\
\x00c\x00i\x00a\x00r\x08\x00\x00\x00\x00\x06\x00\x00\
\x00\x05Start\x07\x00\x00\x00\x09Star\
tCard\x01\x03\x00\x00\x00\x1a\x00I\x00n\x00\
i\x00c\x00i\x00a\x00r\x00 \x00j\x00u\x00\
e\x00g\x00o\x08\x00\x00\x00\x00\x06\x00\x00\x00\x0aS\
tart Game\x07\x00\x00\x00\x09St\
artCard\x01\x03\x00\x00\x00\x18\x00I\x00\
n\x00i\x00c\x00i\x00a\x00n\x00d\x00o\x00\
.\x00.\x00.\x08\x00\x00\x00\x00\x06\x00\x00\x00\x0bS\
tarting...\x07\x00\x00\x00\x09S\
tartCard\x01\x03\x00\x00\x00\x10\x00T\
\x00r\x00a\x00i\x00n\x00i\x00n\x00g\x08\x00\
\x00\x00\x00\x06\x00\x00\x00\x08Training\
\x07\x00\x00\x00\x09StartCard\x01\x03\
\x00\x00\x00(\x00T\x00a\x00r\x00e\x00a\x00s\
\x00 \x00d\x00e\x00 \x00d\x00i\x00s\x00p\
\x00a\x00r\x00a\x00d\x00o\x00r\x08\x00\x00\x00\
\x00\x06\x00\x00\x00\x0dTrigger Ta\
sks\x07\x00\x00\x00\x09StartCar\
d\x01\x03\x00\x00\x00F\x00E\x00s\x00p\x00e\x00\
r\x00a\x00n\x00d\x00o\x00 \x00a\x00 \x00\
q\x00u\x00e\x00 \x00s\x00e\x00 \x00a\x00\
c\x00t\x00i\x00v\x00e\x00 \x00u\x00n\x00\
a\x00 \x00t\x00a\x00r\x00e\x00a\x08\x00\x00\
\x00\x00\x06\x00\x00\x00\x1eWaiting f\
or task to be en\
abled\x07\x00\x00\x00\x09StartC\
ard\x01\x03\x00\x00\x00\xb6\x00,\x00 \x00c\x00\
o\x00m\x00p\x00r\x00u\x00e\x00b\x00a\x00\
 \x00s\x00i\x00 \x00l\x00a\x00 \x00v\x00\
e\x00n\x00t\x00a\x00n\x00a\x00 \x00d\x00\
e\x00l\x00 \x00j\x00u\x00e\x00g\x00o\x00\
 \x00e\x00s\x00t\x00\xe1\x00 \x00m\x00i\x00\
n\x00i\x00m\x00i\x00z\x00a\x00d\x00a\x00\
,\x00 \x00r\x00e\x00d\x00i\x00m\x00e\x00\
n\x00s\x00i\x00o\x00n\x00a\x00d\x00a\x00\
 \x00o\x00 \x00f\x00u\x00e\x00r\x00a\x00\
 \x00d\x00e\x00 \x00l\x00a\x00 \x00p\x00\
a\x00n\x00t\x00a\x00l\x00l\x00a\x00.\x08\
\x00\x00\x00\x00\x06\x00\x00\x00?, check\
 if game windows\
 is minimized, r\
esized or out of\
 screen.\x07\x00\x00\x00\x0fSta\
rtController\x01\x03\x00\x00\
\x00Z\x00,\x00 \x00l\x00a\x00 \x00r\x00e\
\x00s\x00o\x00l\x00u\x00c\x00i\x00\xf3\x00n\
\x00 \x00m\x00\xed\x00n\x00i\x00m\x00a\x00 \
\x00a\x00d\x00m\x00i\x00t\x00i\x00d\x00a\
\x00 \x00e\x00s\x00 \x00{\x00m\x00i\x00n\
\x00_\x00s\x00i\x00z\x00e\x00}\x08\x00\x00\x00\
\x00\x06\x00\x00\x00,, the supp\
orted min resolu\
tion is {min_siz\
e}\x07\x00\x00\x00\x0fStartCont\
roller\x01\x03\x00\x00\x00Z\x00,\x00 \
\x00l\x00a\x00 \x00p\x00r\x00o\x00p\x00o\
\x00r\x00c\x00i\x00\xf3\x00n\x00 \x00a\x00d\
\x00m\x00i\x00t\x00i\x00d\x00a\x00 \x00e\
\x00s\x00 \x00{\x00s\x00u\x00p\x00p\x00o\
\x00r\x00t\x00e\x00d\x00_\x00r\x00a\x00t\
\x00i\x00o\x00}\x08\x00\x00\x00\x00\x06\x00\x00\x00*\
, the supported \
ratio is {suppor\
ted_ratio}\x07\x00\x00\x00\x0fS\
tartController\x01\x03\
\x00\x00\x00\x80\x00E\x00l\x00 \x00H\x00D\x00R\
\x00 \x00a\x00u\x00t\x00o\x00m\x00\xe1\x00t\
\x00i\x00c\x00o\x00 \x00e\x00s\x00t\x00\xe1\
\x00 \x00a\x00c\x00t\x00i\x00v\x00a\x00d\
\x00o\x00,\x00 \x00p\x00o\x00r\x00 \x00f\
\x00a\x00v\x00o\x00r\x00,\x00 \x00d\x00e\
\x00s\x00a\x00c\x00t\x00\xed\x00v\x00a\x00l\
\x00o\x00 \x00p\x00r\x00i\x00m\x00e\x00r\
\x00o\x00.\x08\x00\x00\x00\x00\x06\x00\x00\x00.Au\
to HDR is enable\
d, please turn i\
t off first.\x07\x00\x00\x00\
\x0fStartController\
\x01\x03\x00\x00\x00\xa0\x00E\x00l\x00 \x00H\x00D\
\x00R\x00 \x00a\x00u\x00t\x00o\x00m\x00\xe1\
\x00t\x00i\x00c\x00o\x00 \x00e\x00s\x00t\
\x00\xe1\x00 \x00a\x00c\x00t\x00i\x00v\x00a\
\x00d\x00o\x00,\x00 \x00\xa1\x00l\x00a\x00s\
\x00 \x00t\x00a\x00r\x00e\x00a\x00s\x00 \
\x00p\x00o\x00d\x00r\x00\xed\x00a\x00n\x00 \
\x00n\x00o\x00 \x00f\x00u\x00n\x00c\x00i\
\x00o\x00n\x00a\x00r\x00 \x00c\x00o\x00r\
\x00r\x00e\x00c\x00t\x00a\x00m\x00e\x00n\
\x00t\x00e\x00!\x08\x00\x00\x00\x00\x06\x00\x00\x004\
Auto HDR is enab\
led, tasks might\
 not work correc\
tly!\x07\x00\x00\x00\x0fStartCo\
ntroller\x01\x03\x00\x00\x00\x8c\x00N\
\x00o\x00 \x00s\x00e\x00 \x00p\x00u\x00e\
\x00d\x00e\x00 \x00i\x00n\x00i\x00c\x00i\
\x00a\x00r\x00 \x00e\x00l\x00 \x00j\x00u\
\x00e\x00g\x00o\x00,\x00 \x00a\x00s\x00e\
\x00g\x00\xfa\x00r\x00a\x00t\x00e\x00 \x00d\
\x00e\x00 \x00q\x00u\x00e\x00 \x00e\x00l\
\x00 \x00j\x00u\x00e\x00g\x00o\x00 \x00e\
\x00s\x00t\x00\xe1\x00 \x00i\x00n\x00s\x00t\
\x00a\x00l\x00a\x00d\x00o\x08\x00\x00\x00\x00\x06\
\x00\x00\x001Can't start \
game, make sure \
the game is inst\
alled\x07\x00\x00\x00\x0fStartC\
ontroller\x01\x03\x00\x00\x00t\x00\
C\x00a\x00p\x00t\x00u\x00r\x00a\x00 \x00\
f\x00a\x00l\x00l\x00i\x00d\x00a\x00,\x00\
 \x00p\x00o\x00r\x00 \x00f\x00a\x00v\x00\
o\x00r\x00,\x00 \x00c\x00o\x00m\x00p\x00\
r\x00u\x00e\x00b\x00a\x00 \x00l\x00a\x00\
 \x00v\x00e\x00n\x00t\x00a\x00n\x00a\x00\
 \x00d\x00e\x00l\x00 \x00j\x00u\x00e\x00\
g\x00o\x08\x00\x00\x00\x00\x06\x00\x00\x00(Cap\
ture failed, ple\
ase check game w\
indow\x07\x00\x00\x00\x0fStartC\
ontroller\x01\x03\x00\x00\x00v\x00\
E\x00l\x00 \x00e\x00m\x00u\x00l\x00a\x00\
d\x00o\x00r\x00 \x00n\x00o\x00 \x00e\x00\
s\x00t\x00\xe1\x00 \x00c\x00o\x00n\x00e\x00\
c\x00t\x00a\x00d\x00o\x00,\x00 \x00\xa1\x00\
i\x00n\x00i\x00c\x00i\x00a\x00 \x00e\x00\
l\x00 \x00e\x00m\x00u\x00l\x00a\x00d\x00\
o\x00r\x00 \x00p\x00r\x00i\x00m\x00e\x00\
r\x00o\x00!\x08\x00\x00\x00\x00\x06\x00\x00\x004E\
mulator is not c\
onnected, start \
the emulator fir\
st!\x07\x00\x00\x00\x0fStartCon\
troller\x01\x03\x00\x00\x00D\x00A\x00\
d\x00v\x00e\x00r\x00t\x00e\x00n\x00c\x00\
i\x00a\x00 \x00d\x00e\x00l\x00 \x00c\x00\
o\x00n\x00t\x00r\x00o\x00l\x00a\x00d\x00\
o\x00r\x00 \x00d\x00e\x00 \x00G\x00P\x00\
U\x08\x00\x00\x00\x00\x06\x00\x00\x00\x12GPU D\
river Warning\x07\x00\x00\
\x00\x0fStartControlle\
r\x01\x03\x00\x00\x00\x86\x00L\x00a\x00 \x00r\x00\
u\x00t\x00a\x00 \x00d\x00e\x00l\x00 \x00\
j\x00u\x00e\x00g\x00o\x00 \x00n\x00o\x00\
 \x00e\x00x\x00i\x00s\x00t\x00e\x00,\x00\
 \x00\xa1\x00p\x00o\x00r\x00 \x00f\x00a\x00\
v\x00o\x00r\x00,\x00 \x00a\x00b\x00r\x00\
e\x00 \x00e\x00l\x00 \x00j\x00u\x00e\x00\
g\x00o\x00 \x00m\x00a\x00n\x00u\x00a\x00\
l\x00m\x00e\x00n\x00t\x00e\x00!\x08\x00\x00\
\x00\x00\x06\x00\x00\x004Game path\
 does not exist,\
 Please open gam\
e manually!\x07\x00\x00\x00\x0f\
StartController\x01\
\x03\x00\x00\x00j\x00L\x00a\x00 \x00r\x00e\x00\
s\x00o\x00l\x00u\x00c\x00i\x00\xf3\x00n\x00\
 \x00d\x00e\x00l\x00 \x00j\x00u\x00e\x00\
g\x00o\x00 \x00{\x00r\x00e\x00s\x00o\x00\
l\x00u\x00t\x00i\x00o\x00n\x00}\x00 \x00\
n\x00o\x00 \x00e\x00s\x00 \x00c\x00o\x00\
m\x00p\x00a\x00t\x00i\x00b\x00l\x00e\x08\
\x00\x00\x00\x00\x06\x00\x00\x00-Game re\
solution {resolu\
tion} is not sup\
ported\x07\x00\x00\x00\x0fStart\
Controller\x01\x03\x00\x00\x01\x00\
\x00F\x00a\x00l\x00l\x00\xf3\x00 \x00l\x00a\
\x00 \x00c\x00a\x00r\x00g\x00a\x00 \x00d\
\x00e\x00l\x00 \x00r\x00e\x00c\x00u\x00r\
\x00s\x00o\x00 \x00d\x00e\x00 \x00i\x00m\
\x00a\x00g\x00e\x00n\x00,\x00 \x00p\x00o\
\x00r\x00 \x00f\x00a\x00v\x00o\x00r\x00,\
\x00 \x00i\x00n\x00t\x00e\x00n\x00t\x00a\
\x00 \x00i\x00n\x00s\x00t\x00a\x00l\x00a\
\x00r\x00 \x00d\x00e\x00 \x00n\x00u\x00e\
\x00v\x00o\x00.\x00 \x00(\x00N\x00o\x00 \
\x00p\x00o\x00n\x00g\x00a\x00s\x00 \x00l\
\x00a\x00 \x00a\x00p\x00l\x00i\x00c\x00a\
\x00c\x00i\x00\xf3\x00n\x00 \x00e\x00n\x00 \
\x00l\x00a\x00 \x00c\x00a\x00r\x00p\x00e\
\x00t\x00a\x00 \x00d\x00e\x00 \x00D\x00e\
\x00s\x00c\x00a\x00r\x00g\x00a\x00s\x00)\
\x08\x00\x00\x00\x00\x06\x00\x00\x00\x5cImage \
resource load fa\
iled, please try\
 install again.(\
Don't put the ap\
p in Downloads f\
older)\x07\x00\x00\x00\x0fStart\
Controller\x01\x03\x00\x00\x00H\
\x00\xa1\x00N\x00o\x00 \x00s\x00e\x00 \x00h\
\x00a\x00 \x00s\x00e\x00l\x00e\x00c\x00c\
\x00i\x00o\x00n\x00a\x00d\x00o\x00 \x00n\
\x00i\x00n\x00g\x00\xfa\x00n\x00 \x00j\x00u\
\x00e\x00g\x00o\x00!\x08\x00\x00\x00\x00\x06\x00\x00\
\x00\x11No game select\
ed!\x07\x00\x00\x00\x0fStartCon\
troller\x01\x03\x00\x00\x00\xfc\x00L\x00\
a\x00 \x00v\x00e\x00r\x00s\x00i\x00\xf3\x00\
n\x00 \x00d\x00e\x00 \x00P\x00C\x00 \x00\
r\x00e\x00q\x00u\x00i\x00e\x00r\x00e\x00\
 \x00p\x00r\x00i\x00v\x00i\x00l\x00e\x00\
g\x00i\x00o\x00s\x00 \x00d\x00e\x00 \x00\
a\x00d\x00m\x00i\x00n\x00i\x00s\x00t\x00\
r\x00a\x00d\x00o\x00r\x00,\x00 \x00\xa1\x00\
p\x00o\x00r\x00 \x00f\x00a\x00v\x00o\x00\
r\x00,\x00 \x00r\x00e\x00i\x00n\x00i\x00\
c\x00i\x00a\x00 \x00e\x00s\x00t\x00a\x00\
 \x00a\x00p\x00l\x00i\x00c\x00a\x00c\x00\
i\x00\xf3\x00n\x00 \x00c\x00o\x00n\x00 \x00\
p\x00r\x00i\x00v\x00i\x00l\x00e\x00g\x00\
i\x00o\x00s\x00 \x00d\x00e\x00 \x00a\x00\
d\x00m\x00i\x00n\x00i\x00s\x00t\x00r\x00\
a\x00d\x00o\x00r\x00!\x08\x00\x00\x00\x00\x06\x00\
\x00\x00TPC version re\
quires admin pri\
vileges, Please \
restart this app\
 with admin priv\
ileges!\x07\x00\x00\x00\x0fStar\
tController\x01\x03\x00\x00\x00\
\xd0\x00L\x00a\x00 \x00c\x00o\x00m\x00p\x00\
r\x00o\x00b\x00a\x00c\x00i\x00\xf3\x00n\x00\
 \x00d\x00e\x00 \x00l\x00a\x00 \x00r\x00\
e\x00s\x00o\x00l\x00u\x00c\x00i\x00\xf3\x00\
n\x00 \x00{\x00r\x00e\x00s\x00o\x00l\x00\
u\x00t\x00i\x00o\x00n\x00}\x00 \x00f\x00\
a\x00l\x00l\x00\xf3\x00,\x00 \x00\xa1\x00a\x00\
l\x00g\x00u\x00n\x00a\x00s\x00 \x00t\x00\
a\x00r\x00e\x00a\x00s\x00 \x00p\x00o\x00\
d\x00r\x00\xed\x00a\x00n\x00 \x00n\x00o\x00\
 \x00f\x00u\x00n\x00c\x00i\x00o\x00n\x00\
a\x00r\x00 \x00c\x00o\x00r\x00r\x00e\x00\
c\x00t\x00a\x00m\x00e\x00n\x00t\x00e\x00\
!\x08\x00\x00\x00\x00\x06\x00\x00\x00JResol\
ution {resolutio\
n} check failed,\
 some tasks migh\
t not work corre\
ctly!\x07\x00\x00\x00\x0fStartC\
ontroller\x01\x03\x00\x00\x00\x9c\x00\
\xa1\x00E\x00l\x00 \x00m\x00\xe9\x00t\x00o\x00\
d\x00o\x00 \x00d\x00e\x00 \x00c\x00a\x00\
p\x00t\x00u\x00r\x00a\x00 \x00s\x00e\x00\
l\x00e\x00c\x00c\x00i\x00o\x00n\x00a\x00\
d\x00o\x00 \x00n\x00o\x00 \x00e\x00s\x00\
 \x00c\x00o\x00m\x00p\x00a\x00t\x00i\x00\
b\x00l\x00e\x00 \x00c\x00o\x00n\x00 \x00\
e\x00l\x00 \x00j\x00u\x00e\x00g\x00o\x00\
 \x00o\x00 \x00t\x00u\x00 \x00s\x00i\x00\
s\x00t\x00e\x00m\x00a\x00!\x08\x00\x00\x00\x00\
\x06\x00\x00\x00DSelected ca\
pture method is \
not supported by\
 the game or you\
r system!\x07\x00\x00\x00\x0fSt\
artController\x01\x03\x00\
\x00\x00z\x00E\x00r\x00r\x00o\x00r\x00 \x00\
a\x00l\x00 \x00i\x00n\x00i\x00c\x00i\x00\
a\x00r\x00 \x00e\x00l\x00 \x00j\x00u\x00\
e\x00g\x00o\x00,\x00 \x00p\x00o\x00r\x00\
 \x00f\x00a\x00v\x00o\x00r\x00,\x00 \x00\
i\x00n\x00i\x00c\x00i\x00a\x00 \x00e\x00\
l\x00 \x00j\x00u\x00e\x00g\x00o\x00 \x00\
p\x00r\x00i\x00m\x00e\x00r\x00o\x08\x00\x00\
\x00\x00\x06\x00\x00\x00*Start gam\
e failed, please\
 start game firs\
t\x07\x00\x00\x00\x0fStartContr\
oller\x01\x03\x00\x00\x00H\x00\xa1\x00T\x00\
i\x00e\x00m\x00p\x00o\x00 \x00d\x00e\x00\
 \x00i\x00n\x00i\x00c\x00i\x00o\x00 \x00\
d\x00e\x00l\x00 \x00j\x00u\x00e\x00g\x00\
o\x00 \x00a\x00g\x00o\x00t\x00a\x00d\x00\
o\x00!\x08\x00\x00\x00\x00\x06\x00\x00\x00\x13Sta\
rt game timeout!\
\x07\x00\x00\x00\x0fStartContro\
ller\x01\x03\x00\x00\x00\xb4\x00L\x00a\x00 \
\x00v\x00e\x00n\x00t\x00a\x00n\x00a\x00 \
\x00e\x00s\x00t\x00\xe1\x00 \x00m\x00i\x00n\
\x00i\x00m\x00i\x00z\x00a\x00d\x00a\x00 \
\x00o\x00 \x00f\x00u\x00e\x00r\x00a\x00 \
\x00d\x00e\x00 \x00l\x00a\x00 \x00p\x00a\
\x00n\x00t\x00a\x00l\x00l\x00a\x00,\x00 \
\x00\xa1\x00y\x00 \x00N\x00O\x00 \x00u\x00s\
\x00e\x00s\x00 \x00p\x00a\x00n\x00t\x00a\
\x00l\x00l\x00a\x00 \x00c\x00o\x00m\x00p\
\x00l\x00e\x00t\x00a\x00 \x00e\x00x\x00c\
\x00l\x00u\x00s\x00i\x00v\x00a\x00!\x08\x00\
\x00\x00\x00\x06\x00\x00\x00KWindow i\
s minimized or o\
ut of screen, an\
d do NOT use ful\
l-screen exclusi\
ve!\x07\x00\x00\x00\x0fStartCon\
troller\x01\x03\x00\x00\x00\xca\x00L\x00\
a\x00 \x00v\x00e\x00n\x00t\x00a\x00n\x00\
a\x00 \x00e\x00s\x00t\x00\xe1\x00 \x00m\x00\
i\x00n\x00i\x00m\x00i\x00z\x00a\x00d\x00\
a\x00 \x00o\x00 \x00f\x00u\x00e\x00r\x00\
a\x00 \x00d\x00e\x00 \x00l\x00a\x00 \x00\
p\x00a\x00n\x00t\x00a\x00l\x00l\x00a\x00\
,\x00 \x00\xa1\x00y\x00 \x00n\x00o\x00 \x00\
u\x00s\x00e\x00s\x00 \x00e\x00l\x00 \x00\
m\x00o\x00d\x00o\x00 \x00d\x00e\x00 \x00\
p\x00a\x00n\x00t\x00a\x00l\x00l\x00a\x00\
 \x00c\x00o\x00m\x00p\x00l\x00e\x00t\x00\
a\x00 \x00e\x00x\x00c\x00l\x00u\x00s\x00\
i\x00v\x00a\x00!\x08\x00\x00\x00\x00\x06\x00\x00\x00\
OWindow is minim\
ized or out of s\
creen, and don't\
 use full-screen\
 exclusive mode!\
\x07\x00\x00\x00\x0fStartContro\
ller\x01\x03\x00\x00\x00\x92\x00L\x00a\x00 \
\x00l\x00u\x00z\x00 \x00n\x00o\x00c\x00t\
\x00u\x00r\x00n\x00a\x00 \x00d\x00e\x00 \
\x00W\x00i\x00n\x00d\x00o\x00w\x00s\x00 \
\x00e\x00s\x00t\x00\xe1\x00 \x00a\x00c\x00t\
\x00i\x00v\x00a\x00d\x00a\x00,\x00 \x00p\
\x00o\x00r\x00 \x00f\x00a\x00v\x00o\x00r\
\x00,\x00 \x00d\x00e\x00s\x00a\x00c\x00t\
\x00\xed\x00v\x00a\x00l\x00a\x00 \x00p\x00r\
\x00i\x00m\x00e\x00r\x00o\x00.\x08\x00\x00\x00\
\x00\x06\x00\x00\x009Windows ni\
ght light is ena\
bled, please tur\
n it off first.\x07\
\x00\x00\x00\x0fStartControl\
ler\x01\x03\x00\x00\x00\xb2\x00L\x00a\x00 \x00\
l\x00u\x00z\x00 \x00n\x00o\x00c\x00t\x00\
u\x00r\x00n\x00a\x00 \x00d\x00e\x00 \x00\
W\x00i\x00n\x00d\x00o\x00w\x00s\x00 \x00\
e\x00s\x00t\x00\xe1\x00 \x00a\x00c\x00t\x00\
i\x00v\x00a\x00d\x00a\x00,\x00 \x00\xa1\x00\
l\x00a\x00s\x00 \x00t\x00a\x00r\x00e\x00\
a\x00s\x00 \x00p\x00o\x00d\x00r\x00\xed\x00\
a\x00n\x00 \x00n\x00o\x00 \x00f\x00u\x00\
n\x00c\x00i\x00o\x00n\x00a\x00r\x00 \x00\
c\x00o\x00r\x00r\x00e\x00c\x00t\x00a\x00\
m\x00e\x00n\x00t\x00e\x00!\x08\x00\x00\x00\x00\
\x06\x00\x00\x00?Windows nig\
ht light is enab\
led, tasks might\
 not work correc\
tly!\x07\x00\x00\x00\x0fStartCo\
ntroller\x01\x03\x00\x00\x00\x96\x00\xa1\
\x00S\x00e\x00 \x00h\x00a\x00 \x00a\x00c\
\x00t\x00i\x00v\x00a\x00d\x00o\x00 \x00{\
\x00v\x00e\x00n\x00d\x00o\x00r\x00}\x00 \
\x00{\x00f\x00e\x00a\x00t\x00u\x00r\x00e\
\x00}\x00 \x00y\x00 \x00p\x00u\x00e\x00d\
\x00e\x00 \x00c\x00a\x00u\x00s\x00a\x00r\
\x00 \x00f\x00a\x00l\x00l\x00o\x00s\x00 \
\x00d\x00e\x00 \x00f\x00u\x00n\x00c\x00i\
\x00o\x00n\x00a\x00m\x00i\x00e\x00n\x00t\
\x00o\x00!\x08\x00\x00\x00\x00\x06\x00\x00\x009{v\
endor} {feature}\
 is enabled and \
may cause malfun\
ctions!\x07\x00\x00\x00\x0fStar\
tController\x01\x03\x00\x00\x00\
\xb0\x00{\x00}\x00 \x00n\x00o\x00 \x00e\x00\
s\x00t\x00\xe1\x00 \x00c\x00o\x00n\x00e\x00\
c\x00t\x00a\x00d\x00a\x00,\x00 \x00p\x00\
o\x00r\x00 \x00f\x00a\x00v\x00o\x00r\x00\
,\x00 \x00s\x00e\x00l\x00e\x00c\x00c\x00\
i\x00o\x00n\x00a\x00 \x00l\x00a\x00 \x00\
v\x00e\x00n\x00t\x00a\x00n\x00a\x00 \x00\
d\x00e\x00l\x00 \x00j\x00u\x00e\x00g\x00\
o\x00 \x00y\x00 \x00e\x00l\x00 \x00m\x00\
\xe9\x00t\x00o\x00d\x00o\x00 \x00d\x00e\x00\
 \x00c\x00a\x00p\x00t\x00u\x00r\x00a\x00\
.\x08\x00\x00\x00\x00\x06\x00\x00\x003{} is\
 not connected, \
please select th\
e game window.\x07\x00\
\x00\x00\x0fStartControll\
er\x01\x03\x00\x00\x00\x10\x00C\x00a\x00r\x00g\
\x00a\x00n\x00d\x00o\x08\x00\x00\x00\x00\x06\x00\x00\
\x00\x07Loading\x07\x00\x00\x00\x12St\
artLoadingDialog\
\x01\x03\x00\x00\x00n\x00I\x00n\x00i\x00c\x00i\
\x00a\x00n\x00d\x00o\x00,\x00 \x00t\x00i\
\x00e\x00m\x00p\x00o\x00 \x00d\x00e\x00 \
\x00e\x00s\x00p\x00e\x00r\x00a\x00 \x00e\
\x00n\x00 \x00{\x00s\x00e\x00c\x00o\x00n\
\x00d\x00s\x00_\x00l\x00e\x00f\x00t\x00}\
\x00 \x00s\x00e\x00g\x00u\x00n\x00d\x00o\
\x00s\x00.\x08\x00\x00\x00\x00\x06\x00\x00\x00/St\
arting, timeout \
after {seconds_l\
eft} seconds.\x07\x00\x00\
\x00\x12StartLoadingDi\
alog\x01\x03\x00\x00\x00\x0e\x00A\x00n\x00d\
\x00r\x00o\x00i\x00d\x08\x00\x00\x00\x00\x06\x00\x00\
\x00\x07Android\x07\x00\x00\x00\x08St\
artTab\x01\x03\x00\x00\x00\x0e\x00C\x00a\
\x00p\x00t\x00u\x00r\x00a\x08\x00\x00\x00\x00\x06\
\x00\x00\x00\x07Capture\x07\x00\x00\x00\x08\
StartTab\x01\x03\x00\x00\x00\x22\x00M\
\x00\xe9\x00t\x00o\x00d\x00o\x00 \x00d\x00e\
\x00 \x00c\x00a\x00p\x00t\x00u\x00r\x00a\
\x08\x00\x00\x00\x00\x06\x00\x00\x00\x0eCaptur\
e Method\x07\x00\x00\x00\x08Sta\
rtTab\x01\x03\x00\x00\x00$\x00E\x00l\x00\
e\x00g\x00i\x00r\x00 \x00i\x00n\x00t\x00\
e\x00r\x00a\x00c\x00c\x00i\x00\xf3\x00n\x08\
\x00\x00\x00\x00\x06\x00\x00\x00\x12Choose \
Interaction\x07\x00\x00\x00\x08\
StartTab\x01\x03\x00\x00\x00\x1c\x00E\
\x00l\x00e\x00g\x00i\x00r\x00 \x00v\x00e\
\x00n\x00t\x00a\x00n\x00a\x08\x00\x00\x00\x00\x06\
\x00\x00\x00\x0dChoose Windo\
w\x07\x00\x00\x00\x08StartTab\x01\x03\
\x00\x00\x00\x12\x00C\x00o\x00n\x00e\x00c\x00t\
\x00a\x00d\x00o\x08\x00\x00\x00\x00\x06\x00\x00\x00\x09\
Connected\x07\x00\x00\x00\x08St\
artTab\x01\x03\x00\x00\x00\x0e\x00D\x00e\
\x00p\x00u\x00r\x00a\x00r\x08\x00\x00\x00\x00\x06\
\x00\x00\x00\x05Debug\x07\x00\x00\x00\x08St\
artTab\x01\x03\x00\x00\x006\x00S\x00u\
\x00p\x00e\x00r\x00p\x00o\x00s\x00i\x00c\
\x00i\x00\xf3\x00n\x00 \x00d\x00e\x00 \x00d\
\x00e\x00p\x00u\x00r\x00a\x00c\x00i\x00\xf3\
\x00n\x08\x00\x00\x00\x00\x06\x00\x00\x00\x0dDebu\
g Overlay\x07\x00\x00\x00\x08St\
artTab\x01\x03\x00\x00\x00$\x00D\x00e\
\x00s\x00a\x00c\x00t\x00i\x00v\x00a\x00r\
\x00 \x00c\x00u\x00a\x00d\x00r\x00o\x00s\
\x08\x00\x00\x00\x00\x06\x00\x00\x00\x0dDisabl\
e Boxes\x07\x00\x00\x00\x08Star\
tTab\x01\x03\x00\x00\x00\x18\x00D\x00e\x00s\
\x00c\x00o\x00n\x00e\x00c\x00t\x00a\x00d\
\x00o\x08\x00\x00\x00\x00\x06\x00\x00\x00\x0cDisc\
onnected\x07\x00\x00\x00\x08Sta\
rtTab\x01\x03\x00\x00\x00\x10\x00E\x00m\x00\
u\x00l\x00a\x00d\x00o\x00r\x08\x00\x00\x00\x00\
\x06\x00\x00\x00\x08Emulator\x07\x00\x00\
\x00\x08StartTab\x01\x03\x00\x00\x00\x1e\
\x00A\x00c\x00t\x00i\x00v\x00a\x00r\x00 \
\x00c\x00u\x00a\x00d\x00r\x00o\x00s\x08\x00\
\x00\x00\x00\x06\x00\x00\x00\x0cEnable B\
oxes\x07\x00\x00\x00\x08StartTa\
b\x01\x03\x00\x00\x00$\x00E\x00x\x00p\x00o\x00\
r\x00t\x00a\x00r\x00 \x00r\x00e\x00g\x00\
i\x00s\x00t\x00r\x00o\x00s\x08\x00\x00\x00\x00\
\x06\x00\x00\x00\x0bExport Logs\
\x07\x00\x00\x00\x08StartTab\x01\x03\x00\
\x00\x00B\x00O\x00c\x00u\x00l\x00t\x00a\x00\
r\x00 \x00r\x00e\x00g\x00i\x00s\x00t\x00\
r\x00o\x00 \x00e\x00n\x00 \x00s\x00u\x00\
p\x00e\x00r\x00p\x00o\x00s\x00i\x00c\x00\
i\x00\xf3\x00n\x08\x00\x00\x00\x00\x06\x00\x00\x00\x13H\
ide Log on Overl\
ay\x07\x00\x00\x00\x08StartTab\x01\
\x03\x00\x00\x00,\x00C\x00a\x00r\x00p\x00e\x00\
t\x00a\x00 \x00d\x00e\x00 \x00i\x00n\x00\
s\x00t\x00a\x00l\x00a\x00c\x00i\x00\xf3\x00\
n\x08\x00\x00\x00\x00\x06\x00\x00\x00\x0eInsta\
ll Folder\x07\x00\x00\x00\x08St\
artTab\x01\x03\x00\x00\x00(\x00C\x00a\
\x00r\x00p\x00e\x00t\x00a\x00 \x00d\x00e\
\x00 \x00r\x00e\x00g\x00i\x00s\x00t\x00r\
\x00o\x00s\x08\x00\x00\x00\x00\x06\x00\x00\x00\x0aLo\
g Folder\x07\x00\x00\x00\x08Sta\
rtTab\x01\x03\x00\x00\x00\x06\x00O\x00C\x00\
R\x08\x00\x00\x00\x00\x06\x00\x00\x00\x03OCR\x07\x00\
\x00\x00\x08StartTab\x01\x03\x00\x00\x00\
@\x00O\x00C\x00R\x00 \x00\xe9\x00x\x00i\x00\
t\x00o\x00 \x00(\x00r\x00e\x00g\x00i\x00\
s\x00t\x00r\x00a\x00d\x00o\x00)\x00:\x00\
 \x00{\x00r\x00e\x00s\x00u\x00l\x00t\x00\
}\x08\x00\x00\x00\x00\x06\x00\x00\x00\x1eOCR s\
uccess (Logged):\
 {result}\x07\x00\x00\x00\x08St\
artTab\x01\x03\x00\x00\x00\x1e\x00A\x00b\
\x00r\x00i\x00r\x00 \x00r\x00e\x00g\x00i\
\x00s\x00t\x00r\x00o\x00s\x08\x00\x00\x00\x00\x06\
\x00\x00\x00\x09Open Logs\x07\x00\x00\
\x00\x08StartTab\x01\x03\x00\x00\x00\x04\
\x00P\x00C\x08\x00\x00\x00\x00\x06\x00\x00\x00\x02PC\
\x07\x00\x00\x00\x08StartTab\x01\x03\x00\
\x00\x00\x14\x00A\x00c\x00t\x00u\x00a\x00l\x00\
i\x00z\x00a\x00r\x08\x00\x00\x00\x00\x06\x00\x00\x00\
\x07Refresh\x07\x00\x00\x00\x08Sta\
rtTab\x01\x03\x00\x00\x00\x18\x00A\x00c\x00\
t\x00u\x00a\x00l\x00i\x00z\x00a\x00n\x00\
d\x00o\x08\x00\x00\x00\x00\x06\x00\x00\x00\x0aRef\
reshing\x07\x00\x00\x00\x08Star\
tTab\x01\x03\x00\x00\x00&\x00C\x00a\x00r\
\x00p\x00e\x00t\x00a\x00 \x00d\x00e\x00 \
\x00c\x00a\x00p\x00t\x00u\x00r\x00a\x00s\
\x08\x00\x00\x00\x00\x06\x00\x00\x00\x11Screen\
shot Folder\x07\x00\x00\x00\x08\
StartTab\x01\x03\x00\x00\x00B\x00M\
\x00o\x00s\x00t\x00r\x00a\x00r\x00 \x00r\
\x00e\x00g\x00i\x00s\x00t\x00r\x00o\x00 \
\x00e\x00n\x00 \x00s\x00u\x00p\x00e\x00r\
\x00p\x00o\x00s\x00i\x00c\x00i\x00\xf3\x00n\
\x08\x00\x00\x00\x00\x06\x00\x00\x00\x13Show L\
og on Overlay\x07\x00\x00\
\x00\x08StartTab\x01\x03\x00\x00\x00\x18\
\x00V\x00e\x00r\x00 \x00r\x00e\x00g\x00i\
\x00s\x00t\x00r\x00o\x08\x00\x00\x00\x00\x06\x00\x00\
\x00\x08View Log\x07\x00\x00\x00\x08S\
tartTab\x01\x03\x00\x00\x00\xca\x00\xa1\x00\
E\x00r\x00r\x00o\x00r\x00 \x00d\x00e\x00\
 \x00i\x00n\x00f\x00e\x00r\x00e\x00n\x00\
c\x00i\x00a\x00 \x00d\x00e\x00 \x00l\x00\
a\x00 \x00N\x00P\x00U\x00,\x00 \x00e\x00\
s\x00 \x00p\x00o\x00s\x00i\x00b\x00l\x00\
e\x00 \x00q\x00u\x00e\x00 \x00n\x00e\x00\
c\x00e\x00s\x00i\x00t\x00e\x00 \x00a\x00\
c\x00t\x00u\x00a\x00l\x00i\x00z\x00a\x00\
r\x00 \x00e\x00l\x00 \x00c\x00o\x00n\x00\
t\x00r\x00o\x00l\x00a\x00d\x00o\x00r\x00\
 \x00d\x00e\x00 \x00l\x00a\x00 \x00N\x00\
P\x00U\x00 \x00d\x00e\x00 \x00I\x00n\x00\
t\x00e\x00l\x00!\x08\x00\x00\x00\x00\x06\x00\x00\x00\
CNPU inferring E\
rror, you might \
need to update t\
he Intel NPU dri\
ver!\x07\x00\x00\x00\x04Task\x01\x03\x00\
\x00\x00\x0a\x00E\x00r\x00r\x00o\x00r\x08\x00\x00\
\x00\x00\x06\x00\x00\x00\x05Error\x07\x00\x00\x00\
\x0bTaskButtons\x01\x03\x00\x00\
\x00\xd4\x00L\x00a\x00 \x00v\x00e\x00n\x00t\
\x00a\x00n\x00a\x00 \x00d\x00e\x00l\x00 \
\x00j\x00u\x00e\x00g\x00o\x00 \x00n\x00o\
\x00 \x00e\x00s\x00t\x00\xe1\x00 \x00c\x00o\
\x00n\x00e\x00c\x00t\x00a\x00d\x00a\x00,\
\x00 \x00p\x00o\x00r\x00 \x00f\x00a\x00v\
\x00o\x00r\x00,\x00 \x00s\x00e\x00l\x00e\
\x00c\x00c\x00i\x00o\x00n\x00a\x00 \x00l\
\x00a\x00 \x00v\x00e\x00n\x00t\x00a\x00n\
\x00a\x00 \x00d\x00e\x00l\x00 \x00j\x00u\
\x00e\x00g\x00o\x00 \x00y\x00 \x00e\x00l\
\x00 \x00m\x00\xe9\x00t\x00o\x00d\x00o\x00 \
\x00d\x00e\x00 \x00c\x00a\x00p\x00t\x00u\
\x00r\x00a\x00.\x08\x00\x00\x00\x00\x06\x00\x00\x00O\
Game window is n\
ot connected, pl\
ease select the \
game window and \
capture method.\x07\
\x00\x00\x00\x0bTaskButtons\x01\
\x03\x00\x00\x00\x0c\x00P\x00a\x00u\x00s\x00a\x00\
r\x08\x00\x00\x00\x00\x06\x00\x00\x00\x05Pause\
\x07\x00\x00\x00\x0bTaskButtons\
\x01\x03\x00\x00\x00\x10\x00R\x00e\x00a\x00n\x00u\
\x00d\x00a\x00r\x08\x00\x00\x00\x00\x06\x00\x00\x00\x06\
Resume\x07\x00\x00\x00\x0bTaskB\
uttons\x01\x03\x00\x00\x00\x0e\x00I\x00n\
\x00i\x00c\x00i\x00a\x00r\x08\x00\x00\x00\x00\x06\
\x00\x00\x00\x05Start\x07\x00\x00\x00\x0bTa\
skButtons\x01\x03\x00\x00\x00\x0e\x00\
D\x00e\x00t\x00e\x00n\x00e\x00r\x08\x00\x00\
\x00\x00\x06\x00\x00\x00\x04Stop\x07\x00\x00\x00\x0b\
TaskButtons\x01\x03\x00\x00\x00\
R\x00\xbf\x00E\x00s\x00t\x00\xe1\x00s\x00 \x00\
s\x00e\x00g\x00u\x00r\x00o\x00 \x00d\x00\
e\x00 \x00q\x00u\x00e\x00 \x00q\x00u\x00\
i\x00e\x00r\x00e\x00s\x00 \x00e\x00l\x00\
i\x00m\x00i\x00n\x00a\x00r\x00 \x00{\x00\
}\x00?\x08\x00\x00\x00\x00\x06\x00\x00\x00\x22Are\
 you sure you wa\
nt to delete {}\x07\
\x00\x00\x00\x08TaskCard\x01\x03\x00\x00\
\x00\x10\x00E\x00l\x00i\x00m\x00i\x00n\x00a\
\x00r\x08\x00\x00\x00\x00\x06\x00\x00\x00\x06Dele\
te\x07\x00\x00\x00\x08TaskCard\x01\
\x03\x00\x00\x00\x1c\x00E\x00l\x00i\x00m\x00i\x00\
n\x00a\x00r\x00 \x00t\x00a\x00r\x00e\x00\
a\x08\x00\x00\x00\x00\x06\x00\x00\x00\x0bDelet\
e Task\x07\x00\x00\x00\x08TaskC\
ard\x01\x03\x00\x00\x00\x1a\x00D\x00e\x00s\x00\
h\x00a\x00b\x00i\x00l\x00i\x00t\x00a\x00\
d\x00o\x08\x00\x00\x00\x00\x06\x00\x00\x00\x08Dis\
abled\x07\x00\x00\x00\x08TaskCa\
rd\x01\x03\x00\x00\x00\x0c\x00E\x00d\x00i\x00t\
\x00a\x00r\x08\x00\x00\x00\x00\x06\x00\x00\x00\x04Ed\
it\x07\x00\x00\x00\x08TaskCard\x01\
\x03\x00\x00\x00\x14\x00H\x00a\x00b\x00i\x00l\x00\
i\x00t\x00a\x00d\x00o\x08\x00\x00\x00\x00\x06\x00\
\x00\x00\x07Enabled\x07\x00\x00\x00\x08T\
askCard\x01\x03\x00\x00\x00\x1a\x00I\x00\
n\x00s\x00t\x00r\x00u\x00c\x00c\x00i\x00\
o\x00n\x00e\x00s\x08\x00\x00\x00\x00\x06\x00\x00\x00\
\x0cInstructions\x07\x00\x00\
\x00\x08TaskCard\x01\x03\x00\x00\x00\x0c\
\x00P\x00a\x00u\x00s\x00a\x00r\x08\x00\x00\x00\
\x00\x06\x00\x00\x00\x05Pause\x07\x00\x00\x00\x08\
TaskCard\x01\x03\x00\x00\x002\x00R\
\x00e\x00s\x00t\x00a\x00b\x00l\x00e\x00c\
\x00e\x00r\x00 \x00c\x00o\x00n\x00f\x00i\
\x00g\x00u\x00r\x00a\x00c\x00i\x00\xf3\x00n\
\x08\x00\x00\x00\x00\x06\x00\x00\x00\x0cReset \
Config\x07\x00\x00\x00\x08TaskC\
ard\x01\x03\x00\x00\x00\x10\x00R\x00e\x00a\x00\
n\x00u\x00d\x00a\x00r\x08\x00\x00\x00\x00\x06\x00\
\x00\x00\x06Resume\x07\x00\x00\x00\x08Ta\
skCard\x01\x03\x00\x00\x00\x0e\x00I\x00n\
\x00i\x00c\x00i\x00a\x00r\x08\x00\x00\x00\x00\x06\
\x00\x00\x00\x05Start\x07\x00\x00\x00\x08Ta\
skCard\x01\x03\x00\x00\x00\x0e\x00D\x00e\
\x00t\x00e\x00n\x00e\x00r\x08\x00\x00\x00\x00\x06\
\x00\x00\x00\x04Stop\x07\x00\x00\x00\x08Tas\
kCard\x01\x03\x00\x00\x00`\x00E\x00s\x00\
p\x00e\x00r\x00a\x00n\x00d\x00o\x00 \x00\
a\x00 \x00q\x00u\x00e\x00 \x00s\x00e\x00\
 \x00c\x00o\x00m\x00p\x00l\x00e\x00t\x00\
e\x00 \x00l\x00a\x00 \x00t\x00a\x00r\x00\
e\x00a\x00 \x00{\x00t\x00a\x00s\x00k\x00\
_\x00n\x00a\x00m\x00e\x00}\x08\x00\x00\x00\x00\
\x06\x00\x00\x00,Waiting for\
 {task_name} tas\
k to be complete\
d\x07\x00\x00\x00\x08TaskCard\x01\x03\
\x00\x00\x00\x18\x00D\x00e\x00s\x00h\x00a\x00b\
\x00i\x00l\x00i\x00t\x00a\x00r\x08\x00\x00\x00\
\x00\x06\x00\x00\x00\x07Disable\x07\x00\x00\
\x00\x0cTaskOpButton\x01\x03\
\x00\x00\x00\x12\x00H\x00a\x00b\x00i\x00l\x00i\
\x00t\x00a\x00r\x08\x00\x00\x00\x00\x06\x00\x00\x00\x06\
Enable\x07\x00\x00\x00\x0cTaskO\
pButton\x01\x03\x00\x00\x00\x1c\x00E\x00\
l\x00e\x00g\x00i\x00r\x00 \x00v\x00e\x00\
n\x00t\x00a\x00n\x00a\x08\x00\x00\x00\x00\x06\x00\
\x00\x00\x0dChoose Window\
\x07\x00\x00\x00\x07TaskTab\x01\x03\x00\x00\
\x00\x14\x00C\x00o\x00m\x00p\x00l\x00e\x00t\
\x00a\x00d\x00o\x08\x00\x00\x00\x00\x06\x00\x00\x00\x09\
Completed\x07\x00\x00\x00\x07Ta\
skTab\x01\x03\x00\x00\x00\x16\x00C\x00r\x00\
e\x00a\x00r\x00 \x00t\x00a\x00r\x00e\x00\
a\x08\x00\x00\x00\x00\x06\x00\x00\x00\x0bCreat\
e Task\x07\x00\x00\x00\x07TaskT\
ab\x01\x03\x00\x00\x00\x16\x00I\x00n\x00f\x00o\
\x00r\x00m\x00a\x00c\x00i\x00\xf3\x00n\x08\x00\
\x00\x00\x00\x06\x00\x00\x00\x04Info\x07\x00\x00\x00\
\x07TaskTab\x01\x03\x00\x00\x00\x18\x00E\
\x00n\x00 \x00e\x00j\x00e\x00c\x00u\x00c\
\x00i\x00\xf3\x00n\x08\x00\x00\x00\x00\x06\x00\x00\x00\x07\
Running\x07\x00\x00\x00\x07Task\
Tab\x01\x03\x00\x00\x00&\x00T\x00i\x00e\x00\
m\x00p\x00o\x00 \x00t\x00r\x00a\x00n\x00\
s\x00c\x00u\x00r\x00r\x00i\x00d\x00o\x08\
\x00\x00\x00\x00\x06\x00\x00\x00\x0cTime El\
apsed\x07\x00\x00\x00\x07TaskTa\
b\x01\x03\x00\x00\x00\x0a\x00V\x00a\x00l\x00o\x00\
r\x08\x00\x00\x00\x00\x06\x00\x00\x00\x05Value\
\x07\x00\x00\x00\x07TaskTab\x01\x03\x00\x00\
\x00\x10\x00C\x00a\x00n\x00c\x00e\x00l\x00a\
\x00r\x08\x00\x00\x00\x00\x06\x00\x00\x00\x06Canc\
el\x07\x00\x00\x00\x13TemplateI\
nputDialog\x01\x03\x00\x00\x00\x12\
\x00C\x00o\x00n\x00f\x00i\x00r\x00m\x00a\
\x00r\x08\x00\x00\x00\x00\x06\x00\x00\x00\x07Conf\
irm\x07\x00\x00\x00\x13Template\
InputDialog\x01\x03\x00\x00\x00\
P\x00\xbf\x00E\x00s\x00t\x00\xe1\x00 \x00s\x00\
e\x00g\x00u\x00r\x00o\x00 \x00d\x00e\x00\
 \x00q\x00u\x00e\x00 \x00d\x00e\x00s\x00\
e\x00a\x00 \x00e\x00l\x00i\x00m\x00i\x00\
n\x00a\x00r\x00 \x00'\x00{\x00}\x00'\x00\
?\x08\x00\x00\x00\x00\x06\x00\x00\x00%Are y\
ou sure you want\
 to delete '{}'?\
\x07\x00\x00\x00\x0bTemplateTab\
\x01\x03\x00\x00\x00\x10\x00C\x00a\x00n\x00c\x00e\
\x00l\x00a\x00r\x08\x00\x00\x00\x00\x06\x00\x00\x00\x06\
Cancel\x07\x00\x00\x00\x0bTempl\
ateTab\x01\x03\x00\x00\x00*\x00C\x00o\
\x00n\x00f\x00i\x00r\x00m\x00a\x00r\x00 \
\x00e\x00l\x00i\x00m\x00i\x00n\x00a\x00c\
\x00i\x00\xf3\x00n\x08\x00\x00\x00\x00\x06\x00\x00\x00\x0e\
Confirm Delete\x07\x00\
\x00\x00\x0bTemplateTab\x01\x03\
\x00\x00\x00\x10\x00E\x00l\x00i\x00m\x00i\x00n\
\x00a\x00r\x08\x00\x00\x00\x00\x06\x00\x00\x00\x06De\
lete\x07\x00\x00\x00\x0bTemplat\
eTab\x01\x03\x00\x00\x00>\x00E\x00r\x00r\
\x00o\x00r\x00 \x00a\x00l\x00 \x00c\x00a\
\x00p\x00t\x00u\x00r\x00a\x00r\x00 \x00e\
\x00l\x00 \x00f\x00o\x00t\x00o\x00g\x00r\
\x00a\x00m\x00a\x00.\x08\x00\x00\x00\x00\x06\x00\x00\
\x00\x18Failed to capt\
ure frame.\x07\x00\x00\x00\x0bT\
emplateTab\x01\x03\x00\x00\x00B\
\x00G\x00e\x00n\x00e\x00r\x00a\x00r\x00 \
\x00a\x00r\x00c\x00h\x00i\x00v\x00o\x00 \
\x00e\x00n\x00u\x00m\x00 \x00d\x00e\x00 \
\x00e\x00t\x00i\x00q\x00u\x00e\x00t\x00a\
\x00s\x08\x00\x00\x00\x00\x06\x00\x00\x00\x18Gene\
rate label enum \
file\x07\x00\x00\x00\x0bTemplat\
eTab\x01\x03\x00\x00\x00\x22\x00I\x00m\x00a\
\x00g\x00e\x00n\x00 \x00e\x00l\x00i\x00m\
\x00i\x00n\x00a\x00d\x00a\x00.\x08\x00\x00\x00\
\x00\x06\x00\x00\x00\x0eImage dele\
ted.\x07\x00\x00\x00\x0bTemplat\
eTab\x01\x03\x00\x00\x00n\x00R\x00u\x00t\
\x00a\x00 \x00r\x00e\x00l\x00a\x00t\x00i\
\x00v\x00a\x00 \x00n\x00o\x00 \x00v\x00\xe1\
\x00l\x00i\x00d\x00a\x00.\x00 \x00E\x00j\
\x00e\x00m\x00p\x00l\x00o\x00:\x00 \x00o\
\x00k\x00_\x00t\x00a\x00s\x00k\x00s\x00/\
\x00L\x00a\x00b\x00e\x00l\x00E\x00n\x00u\
\x00m\x00.\x00p\x00y\x08\x00\x00\x00\x00\x06\x00\x00\
\x005Invalid relati\
ve path. Example\
: ok_tasks/Label\
Enum.py\x07\x00\x00\x00\x0bTemp\
lateTab\x01\x03\x00\x00\x00\x0e\x00M\x00\
a\x00r\x00c\x00a\x00d\x00o\x08\x00\x00\x00\x00\
\x06\x00\x00\x00\x06Markup\x07\x00\x00\x00\x0b\
TemplateTab\x01\x03\x00\x00\x00\
@\x00N\x00o\x00 \x00h\x00a\x00y\x00 \x00\
a\x00n\x00o\x00t\x00a\x00c\x00i\x00o\x00\
n\x00e\x00s\x00 \x00p\x00a\x00r\x00a\x00\
 \x00g\x00u\x00a\x00r\x00d\x00a\x00r\x00\
.\x08\x00\x00\x00\x00\x06\x00\x00\x00\x17No an\
notations to sav\
e.\x07\x00\x00\x00\x0bTemplateT\
ab\x01\x03\x00\x00\x00~\x00N\x00o\x00 \x00h\
\x00a\x00y\x00 \x00m\x00\xe9\x00t\x00o\x00d\
\x00o\x00 \x00d\x00e\x00 \x00c\x00a\x00p\
\x00t\x00u\x00r\x00a\x00 \x00d\x00i\x00s\
\x00p\x00o\x00n\x00i\x00b\x00l\x00e\x00.\
\x00 \x00I\x00n\x00i\x00c\x00i\x00e\x00 \
\x00l\x00a\x00 \x00c\x00a\x00p\x00t\x00u\
\x00r\x00a\x00 \x00p\x00r\x00i\x00m\x00e\
\x00r\x00o\x00.\x08\x00\x00\x00\x00\x06\x00\x00\x008\
No capture metho\
d available. Ple\
ase start captur\
e first.\x07\x00\x00\x00\x0bTem\
plateTab\x01\x03\x00\x00\x00$\x00S\
\x00i\x00n\x00 \x00p\x00l\x00a\x00n\x00t\
\x00i\x00l\x00l\x00a\x00s\x00 \x00a\x00\xfa\
\x00n\x08\x00\x00\x00\x00\x06\x00\x00\x00\x10No t\
emplates yet\x07\x00\x00\x00\
\x0bTemplateTab\x01\x03\x00\x00\
\x00\x0e\x00A\x00c\x00e\x00p\x00t\x00a\x00r\
\x08\x00\x00\x00\x00\x06\x00\x00\x00\x02OK\x07\x00\x00\x00\
\x0bTemplateTab\x01\x03\x00\x00\
\x00j\x00L\x00a\x00 \x00r\x00u\x00t\x00a\
\x00 \x00e\x00s\x00 \x00r\x00e\x00l\x00a\
\x00t\x00i\x00v\x00a\x00 \x00a\x00 \x00l\
\x00a\x00 \x00r\x00a\x00\xed\x00z\x00 \x00d\
\x00e\x00l\x00 \x00e\x00s\x00p\x00a\x00c\
\x00i\x00o\x00 \x00d\x00e\x00 \x00t\x00r\
\x00a\x00b\x00a\x00j\x00o\x00.\x08\x00\x00\x00\
\x00\x06\x00\x00\x00'Path is re\
lative to the wo\
rkspace root.\x07\x00\x00\
\x00\x0bTemplateTab\x01\x03\x00\
\x00\x00V\x00R\x00u\x00t\x00a\x00 \x00r\x00\
e\x00l\x00a\x00t\x00i\x00v\x00a\x00,\x00\
 \x00p\x00.\x00 \x00e\x00j\x00.\x00 \x00\
o\x00k\x00_\x00t\x00a\x00s\x00k\x00s\x00\
/\x00L\x00a\x00b\x00e\x00l\x00E\x00n\x00\
u\x00m\x00.\x00p\x00y\x08\x00\x00\x00\x00\x06\x00\
\x00\x00)Relative path\
, e.g. ok_tasks/\
LabelEnum.py\x07\x00\x00\x00\
\x0bTemplateTab\x01\x03\x00\x00\
\x00\x0e\x00G\x00u\x00a\x00r\x00d\x00a\x00r\
\x08\x00\x00\x00\x00\x06\x00\x00\x00\x04Save\x07\x00\
\x00\x00\x0bTemplateTab\x01\x03\
\x00\x00\x00\x14\x00G\x00u\x00a\x00r\x00d\x00a\
\x00r\x00 \x00e\x00n\x08\x00\x00\x00\x00\x06\x00\x00\
\x00\x07Save To\x07\x00\x00\x00\x0bTe\
mplateTab\x01\x03\x00\x00\x00H\x00\
G\x00u\x00a\x00r\x00d\x00a\x00d\x00o\x00\
 \x00c\x00o\x00m\x00p\x00l\x00e\x00t\x00\
a\x00d\x00o\x00 \x00c\x00o\x00n\x00 \x00\
\xe9\x00x\x00i\x00t\x00o\x00 \x00e\x00n\x00\
:\x00 \x00{\x00}\x08\x00\x00\x00\x00\x06\x00\x00\x00\
\x22Save completed \
successfully to:\
 {}\x07\x00\x00\x00\x0bTemplate\
Tab\x01\x03\x00\x00\x00&\x00C\x00a\x00p\x00\
t\x00u\x00r\x00a\x00 \x00d\x00e\x00 \x00\
p\x00a\x00n\x00t\x00a\x00l\x00l\x00a\x08\
\x00\x00\x00\x00\x06\x00\x00\x00\x0aScreens\
hot\x07\x00\x00\x00\x0bTemplate\
Tab\x01\x03\x00\x00\x00(\x00C\x00a\x00p\x00\
t\x00u\x00r\x00a\x00 \x00g\x00u\x00a\x00\
r\x00d\x00a\x00d\x00a\x00:\x00 \x00{\x00\
}\x08\x00\x00\x00\x00\x06\x00\x00\x00\x14Scree\
nshot saved: {}\x07\
\x00\x00\x00\x0bTemplateTab\x01\
\x03\x00\x00\x00@\x00B\x00u\x00s\x00c\x00a\x00\
r\x00 \x00p\x00o\x00r\x00 \x00n\x00o\x00\
m\x00b\x00r\x00e\x00 \x00o\x00 \x00c\x00\
a\x00t\x00e\x00g\x00o\x00r\x00\xed\x00a\x00\
.\x00.\x00.\x08\x00\x00\x00\x00\x06\x00\x00\x00\x1dS\
earch by name or\
 category...\x07\x00\x00\x00\
\x0bTemplateTab\x01\x03\x00\x00\
\x00\x0a\x00\xc9\x00x\x00i\x00t\x00o\x08\x00\x00\x00\
\x00\x06\x00\x00\x00\x07Success\x07\x00\x00\
\x00\x0bTemplateTab\x01\x03\x00\
\x00\x002\x00T\x00o\x00m\x00a\x00r\x00 \x00\
c\x00a\x00p\x00t\x00u\x00r\x00a\x00 \x00\
d\x00e\x00 \x00p\x00a\x00n\x00t\x00a\x00\
l\x00l\x00a\x08\x00\x00\x00\x00\x06\x00\x00\x00\x0fT\
ake Screenshot\x07\x00\
\x00\x00\x0bTemplateTab\x01\x03\
\x00\x00\x00B\x00a\x00s\x00s\x00e\x00t\x00s\
\x00 \x00(\x00a\x00p\x00l\x00i\x00c\x00a\
\x00c\x00i\x00\xf3\x00n\x00 \x00i\x00n\x00d\
\x00e\x00p\x00e\x00n\x00d\x00i\x00e\x00n\
\x00t\x00e\x00)\x08\x00\x00\x00\x00\x06\x00\x00\x00\x17\
assets (standalo\
ne app)\x07\x00\x00\x00\x0bTemp\
lateTab\x01\x03\x00\x00\x00P\x00o\x00\
k\x00_\x00t\x00a\x00s\x00k\x00s\x00/\x00\
a\x00s\x00s\x00e\x00t\x00s\x00 \x00(\x00\
s\x00c\x00r\x00i\x00p\x00t\x00s\x00 \x00\
p\x00e\x00r\x00s\x00o\x00n\x00a\x00l\x00\
i\x00z\x00a\x00d\x00o\x00s\x00)\x08\x00\x00\
\x00\x00\x06\x00\x00\x00 ok_tasks/\
assets (custom s\
cripts)\x07\x00\x00\x00\x0bTemp\
lateTab\x01\x03\x00\x00\x00v\x00\xbf\x00\
E\x00s\x00t\x00\xe1\x00s\x00 \x00s\x00e\x00\
g\x00u\x00r\x00o\x00 \x00d\x00e\x00 \x00\
q\x00u\x00e\x00 \x00q\x00u\x00i\x00e\x00\
r\x00e\x00s\x00 \x00a\x00c\x00t\x00u\x00\
a\x00l\x00i\x00z\x00a\x00r\x00 \x00a\x00\
 \x00{\x00v\x00e\x00r\x00s\x00i\x00o\x00\
n\x00}\x00 \x00{\x00t\x00y\x00p\x00e\x00\
}\x00?\x08\x00\x00\x00\x00\x06\x00\x00\x004Are\
 you sure you wa\
nt to update to \
{version} {type}\
?\x07\x00\x00\x00\x0bVersionCar\
d\x01\x03\x00\x00\x00B\x00\xa1\x00E\x00r\x00r\x00\
o\x00r\x00 \x00a\x00l\x00 \x00b\x00u\x00\
s\x00c\x00a\x00r\x00 \x00a\x00c\x00t\x00\
u\x00a\x00l\x00i\x00z\x00a\x00c\x00i\x00\
o\x00n\x00e\x00s\x00!\x08\x00\x00\x00\x00\x06\x00\
\x00\x00\x17Check for upd\
ate error!\x07\x00\x00\x00\x0bV\
ersionCard\x01\x03\x00\x00\x00,\
\x00B\x00u\x00s\x00c\x00a\x00r\x00 \x00a\
\x00c\x00t\x00u\x00a\x00l\x00i\x00z\x00a\
\x00c\x00i\x00o\x00n\x00e\x00s\x08\x00\x00\x00\
\x00\x06\x00\x00\x00\x11Check for \
updates\x07\x00\x00\x00\x0bVers\
ionCard\x01\x03\x00\x00\x000\x00B\x00\
u\x00s\x00c\x00a\x00n\x00d\x00o\x00 \x00\
a\x00c\x00t\x00u\x00a\x00l\x00i\x00z\x00\
a\x00c\x00i\x00o\x00n\x00e\x00s\x08\x00\x00\
\x00\x00\x06\x00\x00\x00\x14Checking \
for updates\x07\x00\x00\x00\x0b\
VersionCard\x01\x03\x00\x00\x00\
\x14\x00D\x00e\x00p\x00u\x00r\x00a\x00c\x00\
i\x00\xf3\x00n\x08\x00\x00\x00\x00\x06\x00\x00\x00\x05D\
ebug\x07\x00\x00\x00\x0bVersion\
Card\x01\x03\x00\x00\x00B\x00D\x00e\x00s\
\x00c\x00a\x00r\x00g\x00a\x00n\x00d\x00o\
\x00 \x00{\x00p\x00r\x00o\x00g\x00r\x00e\
\x00s\x00s\x00}\x00 \x00{\x00p\x00e\x00r\
\x00c\x00e\x00n\x00t\x00}\x00%\x08\x00\x00\x00\
\x00\x06\x00\x00\x00!Downloadin\
g {progress} {pe\
rcent}%\x07\x00\x00\x00\x0bVers\
ionCard\x01\x03\x00\x00\x004\x00\xa1\x00\
N\x00u\x00e\x00v\x00a\x00 \x00v\x00e\x00\
r\x00s\x00i\x00\xf3\x00n\x00 \x00e\x00n\x00\
c\x00o\x00n\x00t\x00r\x00a\x00d\x00a\x00\
!\x08\x00\x00\x00\x00\x06\x00\x00\x00\x12Found\
 new version!\x07\x00\x00\
\x00\x0bVersionCard\x01\x03\x00\
\x00\x00\x16\x00I\x00n\x00f\x00o\x00r\x00m\x00\
a\x00c\x00i\x00\xf3\x00n\x08\x00\x00\x00\x00\x06\x00\
\x00\x00\x04Info\x07\x00\x00\x00\x0bVers\
ionCard\x01\x03\x00\x00\x00\x0e\x00E\x00\
s\x00t\x00a\x00b\x00l\x00e\x08\x00\x00\x00\x00\
\x06\x00\x00\x00\x07Release\x07\x00\x00\x00\
\x0bVersionCard\x01\x03\x00\x00\
\x00B\x00\xa1\x00E\x00s\x00t\x00a\x00 \x00e\
\x00s\x00 \x00l\x00a\x00 \x00v\x00e\x00r\
\x00s\x00i\x00\xf3\x00n\x00 \x00m\x00\xe1\x00s\
\x00 \x00r\x00e\x00c\x00i\x00e\x00n\x00t\
\x00e\x00!\x08\x00\x00\x00\x00\x06\x00\x00\x00\x1bTh\
is is the newest\
 version!\x07\x00\x00\x00\x0bVe\
rsionCard\x01\x03\x00\x00\x00 \x00\
A\x00c\x00t\x00u\x00a\x00l\x00i\x00z\x00\
a\x00r\x00 \x00a\x00h\x00o\x00r\x00a\x08\
\x00\x00\x00\x00\x06\x00\x00\x00\x0aUpdate \
Now\x07\x00\x00\x00\x0bVersionC\
ard\x01\x03\x00\x00\x00:\x00A\x00c\x00t\x00\
u\x00a\x00l\x00i\x00z\x00a\x00r\x00 \x00\
a\x00 \x00{\x00v\x00e\x00r\x00s\x00i\x00\
o\x00n\x00}\x00 \x00{\x00t\x00y\x00p\x00\
e\x00}\x08\x00\x00\x00\x00\x06\x00\x00\x00\x1aUpd\
ate to {version}\
 {type}\x07\x00\x00\x00\x0bVers\
ionCard\x01\x03\x00\x00\x00\x0c\x00A\x00\
l\x00e\x00r\x00t\x00a\x08\x00\x00\x00\x00\x06\x00\
\x00\x00\x05Alert\x07\x00\x00\x00\x03app\
\x01\x03\x00\x00\x008\x00Y\x00a\x00 \x00a\x00c\
\x00t\x00u\x00a\x00l\x00i\x00z\x00a\x00d\
\x00o\x00 \x00a\x00 \x00l\x00a\x00 \x00v\
\x00e\x00r\x00s\x00i\x00\xf3\x00n\x00:\x08\x00\
\x00\x00\x00\x06\x00\x00\x00\x1bAlready \
updated to versi\
on:\x07\x00\x00\x00\x03app\x01\x03\x00\x00\x00\
D\x00Y\x00a\x00 \x00h\x00a\x00y\x00 \x00\
o\x00t\x00r\x00a\x00 \x00i\x00n\x00s\x00\
t\x00a\x00n\x00c\x00i\x00a\x00 \x00e\x00\
n\x00 \x00e\x00j\x00e\x00c\x00u\x00c\x00\
i\x00\xf3\x00n\x08\x00\x00\x00\x00\x06\x00\x00\x00#A\
nother instance \
is already runni\
ng\x07\x00\x00\x00\x03app\x01\x03\x00\x00\x000\
\x00L\x00a\x00n\x00z\x00a\x00d\x00o\x00r\
\x00 \x00d\x00e\x00 \x00a\x00p\x00l\x00i\
\x00c\x00a\x00c\x00i\x00o\x00n\x00e\x00s\
\x08\x00\x00\x00\x00\x06\x00\x00\x00\x0cApp La\
uncher\x07\x00\x00\x00\x03app\x01\x03\
\x00\x00\x00\xfe\x00E\x00r\x00r\x00o\x00r\x00 \
\x00d\x00e\x00 \x00i\x00n\x00i\x00c\x00i\
\x00o\x00 \x00d\x00e\x00 \x00l\x00a\x00 \
\x00a\x00p\x00l\x00i\x00c\x00a\x00c\x00i\
\x00\xf3\x00n\x00.\x00 \x00P\x00o\x00r\x00 \
\x00f\x00a\x00v\x00o\x00r\x00,\x00 \x00a\
\x00\xf1\x00a\x00d\x00e\x00 \x00l\x00a\x00 \
\x00c\x00a\x00r\x00p\x00e\x00t\x00a\x00 \
\x00d\x00e\x00 \x00i\x00n\x00s\x00t\x00a\
\x00l\x00a\x00c\x00i\x00\xf3\x00n\x00 \x00a\
\x00 \x00l\x00a\x00 \x00l\x00i\x00s\x00t\
\x00a\x00 \x00b\x00l\x00a\x00n\x00c\x00a\
\x00 \x00d\x00e\x00 \x00W\x00i\x00n\x00d\
\x00o\x00w\x00s\x00 \x00D\x00e\x00f\x00e\
\x00n\x00d\x00e\x00r\x00 \x00y\x00 \x00r\
\x00e\x00i\x00n\x00s\x00t\x00a\x00l\x00a\
\x00:\x08\x00\x00\x00\x00\x06\x00\x00\x00fApp \
startup error. P\
lease add the in\
stallation folde\
r to the Windows\
 Defender whitel\
ist and reinstal\
l:\x07\x00\x00\x00\x03app\x01\x03\x00\x00\x00\x14\
\x00A\x00u\x00t\x00o\x00m\x00\xe1\x00t\x00i\
\x00c\x00o\x08\x00\x00\x00\x00\x06\x00\x00\x00\x04Au\
to\x07\x00\x00\x00\x03app\x01\x03\x00\x00\x00d\
\x00R\x00e\x00d\x00i\x00m\x00e\x00n\x00s\
\x00i\x00o\x00n\x00a\x00r\x00 \x00a\x00u\
\x00t\x00o\x00m\x00\xe1\x00t\x00i\x00c\x00a\
\x00m\x00e\x00n\x00t\x00e\x00 \x00l\x00a\
\x00 \x00v\x00e\x00n\x00t\x00a\x00n\x00a\
\x00 \x00d\x00e\x00l\x00 \x00j\x00u\x00e\
\x00g\x00o\x08\x00\x00\x00\x00\x06\x00\x00\x00\x17Au\
to Resize Game W\
indow\x07\x00\x00\x00\x03app\x01\x03\x00\
\x00\x00:\x00I\x00n\x00i\x00c\x00i\x00a\x00\
r\x00 \x00j\x00u\x00e\x00g\x00o\x00 \x00\
a\x00u\x00t\x00o\x00m\x00\xe1\x00t\x00i\x00\
c\x00a\x00m\x00e\x00n\x00t\x00e\x08\x00\x00\
\x00\x00\x06\x00\x00\x00\x0fAuto Star\
t Game\x07\x00\x00\x00\x03app\x01\x03\
\x00\x00\x00n\x00I\x00n\x00i\x00c\x00i\x00a\
\x00r\x00 \x00e\x00l\x00 \x00j\x00u\x00e\
\x00g\x00o\x00 \x00a\x00u\x00t\x00o\x00m\
\x00\xe1\x00t\x00i\x00c\x00a\x00m\x00e\x00n\
\x00t\x00e\x00 \x00a\x00l\x00 \x00a\x00b\
\x00r\x00i\x00r\x00 \x00l\x00a\x00 \x00a\
\x00p\x00l\x00i\x00c\x00a\x00c\x00i\x00\xf3\
\x00n\x08\x00\x00\x00\x00\x06\x00\x00\x00\x1fAuto\
 Start Game When\
 App Starts\x07\x00\x00\x00\x03\
app\x01\x03\x00\x00\x00D\x00I\x00n\x00i\x00\
c\x00i\x00a\x00r\x00 \x00{\x00a\x00p\x00\
p\x00_\x00n\x00a\x00m\x00e\x00}\x00 \x00\
a\x00u\x00t\x00o\x00m\x00\xe1\x00t\x00i\x00\
c\x00a\x00m\x00e\x00n\x00t\x00e\x08\x00\x00\
\x00\x00\x06\x00\x00\x00\x15Auto Star\
t {app_name}\x07\x00\x00\x00\
\x03app\x01\x03\x00\x00\x000\x00A\x00c\x00t\
\x00u\x00a\x00l\x00i\x00z\x00a\x00c\x00i\
\x00\xf3\x00n\x00 \x00a\x00u\x00t\x00o\x00m\
\x00\xe1\x00t\x00i\x00c\x00a\x08\x00\x00\x00\x00\x06\
\x00\x00\x00\x0bAuto Update\x07\
\x00\x00\x00\x03app\x01\x03\x00\x00\x00T\x00C\x00\
i\x00e\x00r\x00r\x00e\x00 \x00a\x00u\x00\
t\x00o\x00m\x00\xe1\x00t\x00i\x00c\x00o\x00\
 \x00p\x00o\x00r\x00q\x00u\x00e\x00 \x00\
e\x00l\x00 \x00j\x00u\x00e\x00g\x00o\x00\
 \x00s\x00e\x00 \x00c\x00e\x00r\x00r\x00\
\xf3\x08\x00\x00\x00\x00\x06\x00\x00\x00\x1dAuto \
exit because gam\
e exited\x07\x00\x00\x00\x03app\
\x01\x03\x00\x00\x00Z\x00A\x00c\x00t\x00u\x00a\
\x00l\x00i\x00z\x00a\x00c\x00i\x00\xf3\x00n\
\x00 \x00a\x00u\x00t\x00o\x00m\x00\xe1\x00t\
\x00i\x00c\x00a\x00 \x00(\x00v\x00e\x00r\
\x00s\x00i\x00\xf3\x00n\x00 \x00p\x00r\x00e\
\x00l\x00i\x00m\x00i\x00n\x00a\x00r\x00)\
\x08\x00\x00\x00\x00\x06\x00\x00\x00\x1eAutoma\
tic Update (Pre-\
release)\x07\x00\x00\x00\x03app\
\x01\x03\x00\x00\x00d\x00A\x00c\x00t\x00u\x00a\
\x00l\x00i\x00z\x00a\x00c\x00i\x00\xf3\x00n\
\x00 \x00a\x00u\x00t\x00o\x00m\x00\xe1\x00t\
\x00i\x00c\x00a\x00 \x00(\x00s\x00o\x00l\
\x00o\x00 \x00v\x00e\x00r\x00s\x00i\x00o\
\x00n\x00e\x00s\x00 \x00e\x00s\x00t\x00a\
\x00b\x00l\x00e\x00s\x00)\x08\x00\x00\x00\x00\x06\
\x00\x00\x00\x1eAutomatic Up\
date(Release Onl\
y)\x07\x00\x00\x00\x03app\x01\x03\x00\x00\x00 \
\x00O\x00p\x00c\x00i\x00o\x00n\x00e\x00s\
\x00 \x00b\x00\xe1\x00s\x00i\x00c\x00a\x00s\
\x08\x00\x00\x00\x00\x06\x00\x00\x00\x0dBasic \
Options\x07\x00\x00\x00\x03app\x01\
\x03\x00\x00\x00\x18\x00V\x00e\x00r\x00s\x00i\x00\
\xf3\x00n\x00 \x00B\x00e\x00t\x00a\x08\x00\x00\
\x00\x00\x06\x00\x00\x00\x0cBeta Vers\
ion\x07\x00\x00\x00\x03app\x01\x03\x00\x00\x00\
\x14\x00D\x00e\x00s\x00e\x00n\x00f\x00o\x00\
q\x00u\x00e\x08\x00\x00\x00\x00\x06\x00\x00\x00\x04B\
lur\x07\x00\x00\x00\x03app\x01\x03\x00\x00\x00\
.\x00A\x00l\x00g\x00o\x00r\x00i\x00t\x00\
m\x00o\x00 \x00d\x00e\x00 \x00o\x00c\x00\
u\x00l\x00t\x00a\x00c\x00i\x00\xf3\x00n\x08\
\x00\x00\x00\x00\x06\x00\x00\x00\x0eBlur Al\
gorithm\x07\x00\x00\x00\x03app\x01\
\x03\x00\x00\x00\x98\x00D\x00e\x00s\x00e\x00n\x00\
f\x00o\x00c\x00a\x00 \x00e\x00l\x00 \x00\
U\x00I\x00D\x00 \x00d\x00e\x00l\x00 \x00\
j\x00u\x00e\x00g\x00o\x00 \x00y\x00 \x00\
o\x00t\x00r\x00o\x00s\x00 \x00e\x00l\x00\
e\x00m\x00e\x00n\x00t\x00o\x00s\x00 \x00\
p\x00a\x00r\x00a\x00 \x00p\x00r\x00o\x00\
l\x00o\x00n\x00g\x00a\x00r\x00 \x00l\x00\
a\x00 \x00v\x00i\x00d\x00a\x00 \x00d\x00\
e\x00l\x00 \x00O\x00L\x00E\x00D\x08\x00\x00\
\x00\x00\x06\x00\x00\x00&Blur Game\
 UID etc to enha\
nce OLED life\x07\x00\x00\
\x00\x03app\x01\x03\x00\x00\x00T\x00I\x00n\x00\
t\x00e\x00r\x00v\x00a\x00l\x00o\x00 \x00\
d\x00e\x00 \x00c\x00o\x00m\x00p\x00r\x00\
o\x00b\x00a\x00c\x00i\x00o\x00n\x00 \x00\
d\x00e\x00l\x00 \x00o\x00c\x00u\x00l\x00\
t\x00a\x00m\x00i\x00e\x00n\x00t\x00o\x08\
\x00\x00\x00\x00\x06\x00\x00\x00\x0dBlur In\
terval\x07\x00\x00\x00\x03app\x01\x03\
\x00\x00\x00N\x00N\x00o\x00 \x00s\x00e\x00 \
\x00p\x00u\x00e\x00d\x00e\x00 \x00e\x00n\
\x00c\x00o\x00n\x00t\x00r\x00a\x00r\x00 \
\x00e\x00l\x00 \x00v\x00e\x00n\x00v\x00 \
\x00d\x00e\x00 \x00p\x00y\x00t\x00h\x00o\
\x00n\x08\x00\x00\x00\x00\x06\x00\x00\x00\x16Can'\
t find python ve\
nv\x07\x00\x00\x00\x03app\x01\x03\x00\x00\x00\x10\
\x00C\x00a\x00n\x00c\x00e\x00l\x00a\x00r\
\x08\x00\x00\x00\x00\x06\x00\x00\x00\x06Cancel\
\x07\x00\x00\x00\x03app\x01\x03\x00\x00\x00:\x00T\
\x00a\x00s\x00a\x00 \x00d\x00e\x00 \x00f\
\x00o\x00t\x00o\x00g\x00r\x00a\x00m\x00a\
\x00s\x00 \x00d\x00e\x00 \x00c\x00a\x00p\
\x00t\x00u\x00r\x00a\x08\x00\x00\x00\x00\x06\x00\x00\
\x00\x12Capture Frame \
Rate\x07\x00\x00\x00\x03app\x01\x03\x00\x00\
\x00&\x00L\x00a\x00t\x00e\x00n\x00c\x00i\
\x00a\x00 \x00d\x00e\x00 \x00c\x00a\x00p\
\x00t\x00u\x00r\x00a\x08\x00\x00\x00\x00\x06\x00\x00\
\x00\x0fCapture Latenc\
y\x07\x00\x00\x00\x03app\x01\x03\x00\x00\x00\x0a\x00\
C\x00h\x00i\x00n\x00a\x08\x00\x00\x00\x00\x06\x00\
\x00\x00\x05China\x07\x00\x00\x00\x03app\
\x01\x03\x00\x00\x00d\x00E\x00l\x00i\x00g\x00e\
\x00 \x00c\x00\xf3\x00m\x00o\x00 \x00i\x00n\
\x00s\x00t\x00a\x00l\x00a\x00 \x00l\x00a\
\x00s\x00 \x00a\x00c\x00t\x00u\x00a\x00l\
\x00i\x00z\x00a\x00c\x00i\x00o\x00n\x00e\
\x00s\x00 \x00e\x00l\x00 \x00l\x00a\x00n\
\x00z\x00a\x00d\x00o\x00r\x08\x00\x00\x00\x00\x06\
\x00\x00\x00(Choose how t\
he launcher inst\
alls updates\x07\x00\x00\x00\
\x03app\x01\x03\x00\x00\x00L\x00C\x00o\x00n\
\x00f\x00i\x00g\x00u\x00r\x00a\x00r\x00 \
\x00e\x00l\x00 \x00l\x00a\x00n\x00z\x00a\
\x00d\x00o\x00r\x00 \x00d\x00e\x00 \x00a\
\x00p\x00l\x00i\x00c\x00a\x00c\x00i\x00o\
\x00n\x00e\x00s\x08\x00\x00\x00\x00\x06\x00\x00\x00\x1a\
Configure the ap\
p launcher\x07\x00\x00\x00\x03a\
pp\x01\x03\x00\x00\x00\x12\x00C\x00o\x00n\x00f\
\x00i\x00r\x00m\x00a\x00r\x08\x00\x00\x00\x00\x06\
\x00\x00\x00\x07Confirm\x07\x00\x00\x00\x03\
app\x01\x03\x00\x00\x006\x00F\x00a\x00l\x00\
l\x00\xf3\x00 \x00l\x00a\x00 \x00c\x00r\x00\
e\x00a\x00c\x00i\x00\xf3\x00n\x00 \x00d\x00\
e\x00l\x00 \x00v\x00e\x00n\x00v\x00.\x08\
\x00\x00\x00\x00\x06\x00\x00\x00\x13Create \
venv failed.\x07\x00\x00\x00\
\x03app\x01\x03\x00\x00\x00F\x00\xa1\x00D\x00e\
\x00p\x00e\x00n\x00d\x00e\x00n\x00c\x00i\
\x00a\x00s\x00 \x00e\x00l\x00i\x00m\x00i\
\x00n\x00a\x00d\x00a\x00s\x00 \x00c\x00o\
\x00n\x00 \x00\xe9\x00x\x00i\x00t\x00o\x00!\
\x08\x00\x00\x00\x00\x06\x00\x00\x00\x1cDelete\
 dependencies su\
ccess!\x07\x00\x00\x00\x03app\x01\x03\
\x00\x00\x00\x16\x00D\x00i\x00a\x00g\x00n\x00\xf3\
\x00s\x00t\x00i\x00c\x00o\x08\x00\x00\x00\x00\x06\
\x00\x00\x00\x09Diagnosis\x07\x00\x00\
\x00\x03app\x01\x03\x00\x00\x00$\x00A\x00c\x00\
t\x00i\x00v\x00a\x00r\x00 \x00d\x00e\x00\
s\x00e\x00n\x00f\x00o\x00q\x00u\x00e\x08\
\x00\x00\x00\x00\x06\x00\x00\x00\x0bEnable \
Blur\x07\x00\x00\x00\x03app\x01\x03\x00\x00\
\x00\x0a\x00E\x00r\x00r\x00o\x00r\x08\x00\x00\x00\
\x00\x06\x00\x00\x00\x05Error\x07\x00\x00\x00\x03\
app\x01\x03\x00\x00\x002\x00S\x00a\x00l\x00\
i\x00r\x00 \x00d\x00e\x00s\x00p\x00u\x00\
\xe9\x00s\x00 \x00d\x00e\x00 \x00l\x00a\x00\
 \x00t\x00a\x00r\x00e\x00a\x08\x00\x00\x00\x00\
\x06\x00\x00\x00\x0fExit After \
Task\x07\x00\x00\x00\x03app\x01\x03\x00\x00\
\x00R\x00S\x00a\x00l\x00i\x00r\x00 \x00d\
\x00e\x00 \x00l\x00a\x00 \x00a\x00p\x00p\
\x00 \x00c\x00u\x00a\x00n\x00d\x00o\x00 \
\x00e\x00l\x00 \x00j\x00u\x00e\x00g\x00o\
\x00 \x00s\x00e\x00 \x00c\x00i\x00e\x00r\
\x00r\x00e\x08\x00\x00\x00\x00\x06\x00\x00\x00\x18Ex\
it App when Game\
 Exits\x07\x00\x00\x00\x03app\x01\x03\
\x00\x00\x00B\x00S\x00a\x00l\x00i\x00e\x00n\
\x00d\x00o\x00 \x00p\x00o\x00r\x00q\x00u\
\x00e\x00 \x00e\x00l\x00 \x00j\x00u\x00e\
\x00g\x00o\x00 \x00s\x00e\x00 \x00c\x00e\
\x00r\x00r\x00\xf3\x08\x00\x00\x00\x00\x06\x00\x00\x00\x18\
Exit because gam\
e exited\x07\x00\x00\x00\x03app\
\x01\x03\x00\x00\x00\x92\x00S\x00a\x00l\x00i\x00r\
\x00 \x00d\x00e\x00l\x00 \x00j\x00u\x00e\
\x00g\x00o\x00 \x00y\x00 \x00d\x00e\x00 \
\x00l\x00a\x00 \x00a\x00p\x00l\x00i\x00c\
\x00a\x00c\x00i\x00\xf3\x00n\x00 \x00d\x00e\
\x00s\x00p\x00u\x00\xe9\x00s\x00 \x00d\x00e\
\x00 \x00e\x00j\x00e\x00c\x00u\x00t\x00a\
\x00r\x00 \x00l\x00a\x00 \x00t\x00a\x00r\
\x00e\x00a\x00 \x00c\x00o\x00n\x00 \x00\xe9\
\x00x\x00i\x00t\x00o\x08\x00\x00\x00\x00\x06\x00\x00\
\x00?Exit the Game \
and the App afte\
r Successfully E\
xecuting the Tas\
k\x07\x00\x00\x00\x03app\x01\x03\x00\x00\x00:\x00\
S\x00a\x00l\x00i\x00r\x00_\x00d\x00e\x00\
s\x00p\x00u\x00\xe9\x00s\x00_\x00d\x00e\x00\
_\x00l\x00a\x00_\x00e\x00j\x00e\x00c\x00\
u\x00c\x00i\x00\xf3\x00n\x08\x00\x00\x00\x00\x06\x00\
\x00\x00\x14Exit_After_Ex\
ecution\x07\x00\x00\x00\x03app\x01\
\x03\x00\x00\x00`\x00\xa1\x00E\x00r\x00r\x00o\x00\
r\x00 \x00a\x00l\x00 \x00o\x00b\x00t\x00\
e\x00n\x00e\x00r\x00 \x00l\x00a\x00 \x00\
l\x00i\x00s\x00t\x00a\x00 \x00d\x00e\x00\
 \x00v\x00e\x00r\x00s\x00i\x00o\x00n\x00\
e\x00s\x00 \x00r\x00e\x00m\x00o\x00t\x00\
a\x00s\x00!\x08\x00\x00\x00\x00\x06\x00\x00\x00 F\
etch remote vers\
ion list error!\x07\
\x00\x00\x00\x03app\x01\x03\x00\x00\x00(\x00C\x00\
o\x00n\x00t\x00e\x00o\x00 \x00d\x00e\x00\
 \x00f\x00o\x00t\x00o\x00g\x00r\x00a\x00\
m\x00a\x00s\x08\x00\x00\x00\x00\x06\x00\x00\x00\x0bF\
rame Count\x07\x00\x00\x00\x03a\
pp\x01\x03\x00\x00\x00(\x00R\x00e\x00s\x00o\
\x00l\x00u\x00c\x00i\x00\xf3\x00n\x00 \x00d\
\x00e\x00l\x00 \x00j\x00u\x00e\x00g\x00o\
\x08\x00\x00\x00\x00\x06\x00\x00\x00\x0fGame R\
esolution\x07\x00\x00\x00\x03ap\
p\x01\x03\x00\x00\x00 \x00S\x00o\x00n\x00i\x00\
d\x00o\x00 \x00d\x00e\x00l\x00 \x00j\x00\
u\x00e\x00g\x00o\x08\x00\x00\x00\x00\x06\x00\x00\x00\
\x0aGame Sound\x07\x00\x00\x00\x03\
app\x01\x03\x00\x00\x00\x0c\x00G\x00l\x00o\x00\
b\x00a\x00l\x08\x00\x00\x00\x00\x06\x00\x00\x00\x06G\
lobal\x07\x00\x00\x00\x03app\x01\x03\x00\
\x00\x00\x0a\x00A\x00t\x00a\x00j\x00o\x08\x00\x00\
\x00\x00\x06\x00\x00\x00\x06HotKey\x07\x00\x00\
\x00\x03app\x01\x03\x00\x00\x00\xb8\x00A\x00u\x00\
m\x00e\x00n\x00t\x00a\x00r\x00 \x00e\x00\
l\x00 \x00r\x00e\x00t\x00r\x00a\x00s\x00\
o\x00 \x00e\x00n\x00t\x00r\x00e\x00 \x00\
t\x00a\x00r\x00e\x00a\x00s\x00 \x00d\x00\
e\x00 \x00d\x00i\x00s\x00p\x00a\x00r\x00\
a\x00d\x00o\x00r\x00 \x00p\x00a\x00r\x00\
a\x00 \x00r\x00e\x00d\x00u\x00c\x00i\x00\
r\x00 \x00e\x00l\x00 \x00u\x00s\x00o\x00\
 \x00d\x00e\x00 \x00C\x00P\x00U\x00/\x00\
G\x00P\x00U\x00 \x00(\x00m\x00i\x00l\x00\
i\x00s\x00e\x00g\x00u\x00n\x00d\x00o\x00\
s\x00)\x08\x00\x00\x00\x00\x06\x00\x00\x00JInc\
rease Delay betw\
een Trigger Task\
s to Reduce CPU/\
GPU Usage(Millis\
econds)\x07\x00\x00\x00\x03app\x01\
\x03\x00\x00\x00\x16\x00I\x00n\x00f\x00o\x00r\x00\
m\x00a\x00c\x00i\x00\xf3\x00n\x08\x00\x00\x00\x00\
\x06\x00\x00\x00\x04Info\x07\x00\x00\x00\x03ap\
p\x01\x03\x00\x00\x00&\x00R\x00e\x00l\x00l\x00\
e\x00n\x00o\x00 \x00i\x00n\x00t\x00e\x00\
l\x00i\x00g\x00e\x00n\x00t\x00e\x08\x00\x00\
\x00\x00\x06\x00\x00\x00\x07Inpaint\x07\x00\
\x00\x00\x03app\x01\x03\x00\x00\x00\xf6\x00\xa1\x00F\
\x00a\x00l\x00l\x00\xf3\x00 \x00l\x00a\x00 \
\x00i\x00n\x00s\x00t\x00a\x00l\x00a\x00c\
\x00i\x00\xf3\x00n\x00 \x00d\x00e\x00 \x00d\
\x00e\x00p\x00e\x00n\x00d\x00e\x00n\x00c\
\x00i\x00a\x00s\x00,\x00 \x00i\x00n\x00t\
\x00e\x00n\x00t\x00a\x00 \x00c\x00a\x00m\
\x00b\x00i\x00a\x00r\x00 \x00l\x00a\x00 \
\x00f\x00u\x00e\x00n\x00t\x00e\x00 \x00d\
\x00e\x00 \x00a\x00c\x00t\x00u\x00a\x00l\
\x00i\x00z\x00a\x00c\x00i\x00\xf3\x00n\x00 \
\x00o\x00 \x00v\x00u\x00e\x00l\x00v\x00e\
\x00 \x00a\x00 \x00d\x00e\x00s\x00c\x00a\
\x00r\x00g\x00a\x00r\x00 \x00l\x00a\x00 \
\x00v\x00e\x00r\x00s\x00i\x00\xf3\x00n\x00 \
\x00c\x00o\x00m\x00p\x00l\x00e\x00t\x00a\
\x00!\x08\x00\x00\x00\x00\x06\x00\x00\x00]Inst\
all dependencies\
 failed, try cha\
nging the update\
 source, or re-d\
ownload the full\
 version!\x07\x00\x00\x00\x03ap\
p\x01\x03\x00\x00\x00\xcc\x00L\x00a\x00 \x00r\x00\
u\x00t\x00a\x00 \x00d\x00e\x00 \x00i\x00\
n\x00s\x00t\x00a\x00l\x00a\x00c\x00i\x00\
\xf3\x00n\x00 \x00{\x00p\x00a\x00t\x00h\x00\
}\x00 \x00d\x00e\x00b\x00e\x00 \x00c\x00\
o\x00n\x00t\x00e\x00n\x00e\x00r\x00 \x00\
s\x00o\x00l\x00o\x00 \x00c\x00a\x00r\x00\
a\x00c\x00t\x00e\x00r\x00e\x00s\x00 \x00\
e\x00n\x00 \x00i\x00n\x00g\x00l\x00\xe9\x00\
s\x00,\x00 \x00p\x00o\x00r\x00 \x00f\x00\
a\x00v\x00o\x00r\x00,\x00 \x00m\x00u\x00\
\xe9\x00v\x00e\x00l\x00o\x00 \x00a\x00 \x00\
o\x00t\x00r\x00a\x00 \x00r\x00u\x00t\x00\
a\x00.\x08\x00\x00\x00\x00\x06\x00\x00\x00AIns\
tall dir {path} \
must be an Engli\
sh path, move to\
 another path.\x07\x00\
\x00\x00\x03app\x01\x03\x00\x00\x00J\x00C\x00e\
\x00r\x00r\x00a\x00r\x00 \x00e\x00l\x00 \
\x00l\x00a\x00n\x00z\x00a\x00d\x00o\x00r\
\x00 \x00d\x00e\x00s\x00p\x00u\x00\xe9\x00s\
\x00 \x00d\x00e\x00 \x00i\x00n\x00i\x00c\
\x00i\x00a\x00r\x08\x00\x00\x00\x00\x06\x00\x00\x00\x19\
Kill Launcher Af\
ter Start\x07\x00\x00\x00\x03ap\
p\x01\x03\x00\x00\x00 \x00I\x00n\x00i\x00c\x00\
i\x00a\x00r\x00 \x00c\x00o\x00n\x00 \x00\
D\x00X\x001\x001\x08\x00\x00\x00\x00\x06\x00\x00\x00\
\x10Launch with DX1\
1\x07\x00\x00\x00\x03app\x01\x03\x00\x00\x00\x10\x00\
L\x00a\x00n\x00z\x00a\x00d\x00o\x00r\x08\
\x00\x00\x00\x00\x06\x00\x00\x00\x08Launche\
r\x07\x00\x00\x00\x03app\x01\x03\x00\x00\x00(\x00\
A\x00c\x00t\x00u\x00a\x00l\x00i\x00z\x00\
a\x00c\x00i\x00\xf3\x00n\x00 \x00m\x00a\x00\
n\x00u\x00a\x00l\x08\x00\x00\x00\x00\x06\x00\x00\x00\
\x0dManual Update\x07\x00\
\x00\x00\x03app\x01\x03\x00\x00\x00\x0e\x00M\x00e\
\x00m\x00o\x00r\x00i\x00a\x08\x00\x00\x00\x00\x06\
\x00\x00\x00\x06Memory\x07\x00\x00\x00\x03a\
pp\x01\x03\x00\x00\x00h\x00M\x00\xe9\x00t\x00o\
\x00d\x00o\x00 \x00u\x00t\x00i\x00l\x00i\
\x00z\x00a\x00d\x00o\x00 \x00p\x00a\x00r\
\x00a\x00 \x00o\x00c\x00u\x00l\x00t\x00a\
\x00r\x00 \x00l\x00a\x00s\x00 \x00\xe1\x00r\
\x00e\x00a\x00s\x00 \x00c\x00o\x00n\x00f\
\x00i\x00g\x00u\x00r\x00a\x00d\x00a\x00s\
\x08\x00\x00\x00\x00\x06\x00\x00\x00'Method\
 used to obscure\
 configured area\
s\x07\x00\x00\x00\x03app\x01\x03\x00\x00\x00X\x00\
M\x00i\x00n\x00i\x00m\x00i\x00z\x00a\x00\
r\x00 \x00a\x00 \x00l\x00a\x00 \x00b\x00\
a\x00n\x00d\x00e\x00j\x00a\x00 \x00d\x00\
e\x00l\x00 \x00s\x00i\x00s\x00t\x00e\x00\
m\x00a\x00 \x00a\x00l\x00 \x00c\x00e\x00\
r\x00r\x00a\x00r\x08\x00\x00\x00\x00\x06\x00\x00\x00\
+Minimize Window\
 to System Tray \
when Closing\x07\x00\x00\x00\
\x03app\x01\x03\x00\x00\x00F\x00S\x00i\x00l\
\x00e\x00n\x00c\x00i\x00a\x00r\x00 \x00e\
\x00l\x00 \x00j\x00u\x00e\x00g\x00o\x00 \
\x00e\x00n\x00 \x00s\x00e\x00g\x00u\x00n\
\x00d\x00o\x00 \x00p\x00l\x00a\x00n\x00o\
\x08\x00\x00\x00\x00\x06\x00\x00\x00\x1dMute G\
ame while in Bac\
kground\x07\x00\x00\x00\x03app\x01\
\x03\x00\x00\x006\x00N\x00u\x00e\x00v\x00a\x00\
 \x00v\x00e\x00r\x00s\x00i\x00\xf3\x00n\x00\
 \x00{\x00}\x00 \x00d\x00i\x00s\x00p\x00\
o\x00n\x00i\x00b\x00l\x00e\x08\x00\x00\x00\x00\
\x06\x00\x00\x00\x18New Version\
 {} Available\x07\x00\x00\
\x00\x03app\x01\x03\x00\x00\x00\x04\x00N\x00o\x08\
\x00\x00\x00\x00\x06\x00\x00\x00\x02No\x07\x00\x00\x00\x03\
app\x01\x03\x00\x00\x00\x0e\x00N\x00i\x00n\x00\
g\x00u\x00n\x00o\x08\x00\x00\x00\x00\x06\x00\x00\x00\
\x04None\x07\x00\x00\x00\x03app\x01\x03\x00\
\x00\x00\x1e\x00L\x00a\x00t\x00e\x00n\x00c\x00\
i\x00a\x00 \x00d\x00e\x00 \x00O\x00C\x00\
R\x08\x00\x00\x00\x00\x06\x00\x00\x00\x0bOCR L\
atency\x07\x00\x00\x00\x03app\x01\x03\
\x00\x00\x00\x22\x00A\x00b\x00r\x00i\x00r\x00 \
\x00e\x00l\x00 \x00l\x00a\x00n\x00z\x00a\
\x00d\x00o\x00r\x08\x00\x00\x00\x00\x06\x00\x00\x00\x0d\
Open Launcher\x07\x00\x00\
\x00\x03app\x01\x03\x00\x00\x00\x86\x00A\x00b\x00\
r\x00e\x00 \x00e\x00l\x00 \x00l\x00a\x00\
n\x00z\x00a\x00d\x00o\x00r\x00 \x00d\x00\
e\x00 \x00a\x00p\x00l\x00i\x00c\x00a\x00\
c\x00i\x00o\x00n\x00e\x00s\x00 \x00p\x00\
a\x00r\x00a\x00 \x00g\x00e\x00s\x00t\x00\
i\x00o\x00n\x00a\x00r\x00 \x00l\x00a\x00\
s\x00 \x00a\x00c\x00t\x00u\x00a\x00l\x00\
i\x00z\x00a\x00c\x00i\x00o\x00n\x00e\x00\
s\x08\x00\x00\x00\x00\x06\x00\x00\x00'Open \
the app launcher\
 to manage updat\
es\x07\x00\x00\x00\x03app\x01\x03\x00\x00\x00\x12\
\x00O\x00p\x00e\x00r\x00a\x00c\x00i\x00\xf3\
\x00n\x08\x00\x00\x00\x00\x06\x00\x00\x00\x09Oper\
ation\x07\x00\x00\x00\x03app\x01\x03\x00\
\x00\x00@\x00P\x00a\x00u\x00s\x00a\x00d\x00\
o\x00 \x00p\x00o\x00r\x00q\x00u\x00e\x00\
 \x00e\x00l\x00 \x00j\x00u\x00e\x00g\x00\
o\x00 \x00s\x00e\x00 \x00c\x00e\x00r\x00\
r\x00\xf3\x08\x00\x00\x00\x00\x06\x00\x00\x00\x1aPau\
sed because game\
 exited\x07\x00\x00\x00\x03app\x01\
\x03\x00\x00\x00\x98\x00\xa1\x00P\x00a\x00u\x00s\x00\
a\x00d\x00o\x00 \x00p\x00o\x00r\x00q\x00\
u\x00e\x00 \x00l\x00a\x00 \x00v\x00e\x00\
n\x00t\x00a\x00n\x00a\x00 \x00d\x00e\x00\
l\x00 \x00j\x00u\x00e\x00g\x00o\x00 \x00\
e\x00s\x00t\x00\xe1\x00 \x00m\x00i\x00n\x00\
i\x00m\x00i\x00z\x00a\x00d\x00a\x00 \x00\
o\x00 \x00f\x00u\x00e\x00r\x00a\x00 \x00\
d\x00e\x00 \x00l\x00a\x00 \x00p\x00a\x00\
n\x00t\x00a\x00l\x00l\x00a\x00!\x08\x00\x00\
\x00\x00\x06\x00\x00\x009Paused be\
cause game windo\
w is minimized o\
r out of screen!\
\x07\x00\x00\x00\x03app\x01\x03\x00\x00\x00*\x00P\
\x00r\x00u\x00e\x00b\x00a\x00 \x00d\x00e\
\x00 \x00r\x00e\x00n\x00d\x00i\x00m\x00i\
\x00e\x00n\x00t\x00o\x08\x00\x00\x00\x00\x06\x00\x00\
\x00\x10Performance Te\
st\x07\x00\x00\x00\x03app\x01\x03\x00\x00\x00\xa8\
\x00P\x00o\x00r\x00 \x00f\x00a\x00v\x00o\
\x00r\x00,\x00 \x00d\x00e\x00s\x00a\x00c\
\x00t\x00i\x00v\x00a\x00 \x00\x22\x00M\x00a\
\x00n\x00t\x00e\x00n\x00e\x00r\x00 \x00a\
\x00c\x00t\x00i\x00v\x00o\x00 \x00e\x00n\
\x00 \x00s\x00e\x00g\x00u\x00n\x00d\x00o\
\x00 \x00p\x00l\x00a\x00n\x00o\x00\x22\x00 \
\x00e\x00n\x00 \x00l\x00o\x00s\x00 \x00a\
\x00j\x00u\x00s\x00t\x00e\x00s\x00 \x00d\
\x00e\x00 \x00M\x00u\x00M\x00u\x00P\x00l\
\x00a\x00y\x00e\x00r\x08\x00\x00\x00\x00\x06\x00\x00\
\x00CPlease turn of\
f enable backgro\
und keep alive i\
n MuMuPlayer set\
tings\x07\x00\x00\x00\x03app\x01\x03\x00\
\x00\x00:\x00T\x00a\x00s\x00a\x00 \x00d\x00\
e\x00 \x00f\x00o\x00t\x00o\x00g\x00r\x00\
a\x00m\x00a\x00s\x00 \x00p\x00r\x00o\x00\
c\x00e\x00s\x00a\x00d\x00o\x00s\x08\x00\x00\
\x00\x00\x06\x00\x00\x00\x12Process F\
rame Rate\x07\x00\x00\x00\x03ap\
p\x01\x03\x00\x00\x00x\x00S\x00e\x00g\x00u\x00\
n\x00d\x00o\x00s\x00 \x00e\x00n\x00t\x00\
r\x00e\x00 \x00a\x00c\x00t\x00u\x00a\x00\
l\x00i\x00z\x00a\x00c\x00i\x00o\x00n\x00\
e\x00s\x00 \x00d\x00e\x00 \x00l\x00a\x00\
 \x00s\x00u\x00p\x00e\x00r\x00p\x00o\x00\
s\x00i\x00c\x00i\x00o\x00n\x00 \x00p\x00\
r\x00o\x00c\x00e\x00s\x00a\x00d\x00a\x08\
\x00\x00\x00\x00\x06\x00\x00\x00)Seconds\
 between process\
ed overlay updat\
es\x07\x00\x00\x00\x03app\x01\x03\x00\x00\x00\x1e\
\x00V\x00e\x00r\x00s\x00i\x00\xf3\x00n\x00 \
\x00E\x00s\x00t\x00a\x00b\x00l\x00e\x08\x00\
\x00\x00\x00\x06\x00\x00\x00\x0eStable V\
ersion\x07\x00\x00\x00\x03app\x01\x03\
\x00\x00\x008\x00E\x00x\x00c\x00e\x00p\x00c\
\x00i\x00\xf3\x00n\x00 \x00a\x00l\x00 \x00i\
\x00n\x00i\x00c\x00i\x00a\x00r\x00 \x00l\
\x00a\x00 \x00a\x00p\x00p\x00:\x08\x00\x00\x00\
\x00\x06\x00\x00\x00\x14Start App \
Exception:\x07\x00\x00\x00\x03a\
pp\x01\x03\x00\x00\x00$\x00I\x00n\x00i\x00c\
\x00i\x00a\x00n\x00d\x00o\x00 \x00d\x00e\
\x00s\x00c\x00a\x00r\x00g\x00a\x08\x00\x00\x00\
\x00\x06\x00\x00\x00\x11Start down\
loading\x07\x00\x00\x00\x03app\x01\
\x03\x00\x00\x00h\x00I\x00n\x00i\x00c\x00i\x00\
a\x00 \x00a\x00u\x00t\x00o\x00m\x00\xe1\x00\
t\x00i\x00c\x00a\x00m\x00e\x00n\x00t\x00\
e\x00 \x00e\x00l\x00 \x00l\x00a\x00n\x00\
z\x00a\x00d\x00o\x00r\x00 \x00a\x00l\x00\
 \x00i\x00n\x00i\x00c\x00i\x00a\x00r\x00\
 \x00s\x00e\x00s\x00i\x00\xf3\x00n\x08\x00\x00\
\x00\x00\x06\x00\x00\x001Start the\
 launcher automa\
tically when you\
 sign in\x07\x00\x00\x00\x03app\
\x01\x03\x00\x00\x00\x1e\x00I\x00n\x00i\x00c\x00i\
\x00a\x00r\x00/\x00D\x00e\x00t\x00e\x00n\
\x00e\x00r\x08\x00\x00\x00\x00\x06\x00\x00\x00\x0aSt\
art/Stop\x07\x00\x00\x00\x03app\
\x01\x03\x00\x00\x00\x10\x00D\x00e\x00t\x00e\x00n\
\x00i\x00d\x00o\x08\x00\x00\x00\x00\x06\x00\x00\x00\x07\
Stopped\x07\x00\x00\x00\x03app\x01\
\x03\x00\x00\x00\x84\x00\xa1\x00T\x00a\x00r\x00e\x00\
a\x00 \x00e\x00j\x00e\x00c\x00u\x00t\x00\
a\x00d\x00a\x00 \x00c\x00o\x00n\x00 \x00\
\xe9\x00x\x00i\x00t\x00o\x00,\x00 \x00s\x00\
a\x00l\x00i\x00e\x00n\x00d\x00o\x00 \x00\
d\x00e\x00l\x00 \x00j\x00u\x00e\x00g\x00\
o\x00 \x00y\x00 \x00d\x00e\x00 \x00l\x00\
a\x00 \x00a\x00p\x00l\x00i\x00c\x00a\x00\
c\x00i\x00\xf3\x00n\x00!\x08\x00\x00\x00\x00\x06\x00\
\x00\x001Successfully \
Executed Task, E\
xiting Game and \
App!\x07\x00\x00\x00\x03app\x01\x03\x00\x00\
\x00l\x00C\x00a\x00m\x00b\x00i\x00a\x00r\
\x00 \x00e\x00n\x00t\x00r\x00e\x00 \x00d\
\x00i\x00f\x00e\x00r\x00e\x00n\x00t\x00e\
\x00s\x00 \x00m\x00\xe9\x00t\x00o\x00d\x00o\
\x00s\x00 \x00d\x00e\x00 \x00c\x00a\x00p\
\x00t\x00u\x00r\x00a\x00 \x00d\x00e\x00 \
\x00W\x00i\x00n\x00d\x00o\x00w\x00s\x08\x00\
\x00\x00\x00\x06\x00\x00\x000Switch b\
etween different\
 Windows capture\
 methods\x07\x00\x00\x00\x03app\
\x01\x03\x00\x00\x00\x5c\x00V\x00e\x00n\x00t\x00a\
\x00n\x00a\x00 \x00d\x00e\x00 \x00d\x00e\
\x00s\x00t\x00i\x00n\x00o\x00 \x00a\x00c\
\x00t\x00i\x00v\x00a\x00:\x00 \x00G\x00r\
\x00a\x00b\x00a\x00c\x00i\x00\xf3\x00n\x00 \
\x00r\x00e\x00a\x00n\x00u\x00d\x00a\x00d\
\x00a\x08\x00\x00\x00\x00\x06\x00\x00\x00'Targ\
et window active\
: Recording resu\
med\x07\x00\x00\x00\x03app\x01\x03\x00\x00\x00\
\x5c\x00V\x00e\x00n\x00t\x00a\x00n\x00a\x00\
 \x00d\x00e\x00 \x00d\x00e\x00s\x00t\x00\
i\x00n\x00o\x00 \x00i\x00n\x00a\x00c\x00\
t\x00i\x00v\x00a\x00:\x00 \x00G\x00r\x00\
a\x00b\x00a\x00c\x00i\x00\xf3\x00n\x00 \x00\
p\x00a\x00u\x00s\x00a\x00d\x00a\x08\x00\x00\
\x00\x00\x06\x00\x00\x00(Target wi\
ndow inactive: R\
ecording paused\x07\
\x00\x00\x00\x03app\x01\x03\x00\x00\x00\x0c\x00T\x00\
e\x00x\x00t\x00o\x00s\x08\x00\x00\x00\x00\x06\x00\
\x00\x00\x05Texts\x07\x00\x00\x00\x03app\
\x01\x03\x00\x00\x00R\x00L\x00a\x00 \x00v\x00e\
\x00r\x00s\x00i\x00\xf3\x00n\x00 \x00a\x00c\
\x00t\x00u\x00a\x00l\x00 \x00{\x00}\x00 \
\x00d\x00e\x00b\x00e\x00 \x00s\x00e\x00r\
\x00 \x00a\x00c\x00t\x00u\x00a\x00l\x00i\
\x00z\x00a\x00d\x00a\x08\x00\x00\x00\x00\x06\x00\x00\
\x00&The current ve\
rsion {} must be\
 updated\x07\x00\x00\x00\x03app\
\x01\x03\x00\x00\x000\x00I\x00n\x00t\x00e\x00r\
\x00v\x00a\x00l\x00o\x00 \x00d\x00e\x00l\
\x00 \x00d\x00i\x00s\x00p\x00a\x00r\x00a\
\x00d\x00o\x00r\x08\x00\x00\x00\x00\x06\x00\x00\x00\x10\
Trigger Interval\
\x07\x00\x00\x00\x03app\x01\x03\x00\x00\x00 \x00A\
\x00c\x00t\x00u\x00a\x00l\x00i\x00z\x00a\
\x00c\x00i\x00o\x00n\x00e\x00s\x00:\x08\x00\
\x00\x00\x00\x06\x00\x00\x00\x08Updates:\
\x07\x00\x00\x00\x03app\x01\x03\x00\x00\x00\x1a\x00U\
\x00s\x00a\x00r\x00 \x00D\x00i\x00r\x00e\
\x00c\x00t\x00M\x00L\x08\x00\x00\x00\x00\x06\x00\x00\
\x00\x0cUse DirectML\x07\x00\
\x00\x00\x03app\x01\x03\x00\x00\x00H\x00U\x00s\
\x00a\x00r\x00 \x00G\x00P\x00U\x00 \x00p\
\x00a\x00r\x00a\x00 \x00m\x00e\x00j\x00o\
\x00r\x00a\x00r\x00 \x00e\x00l\x00 \x00r\
\x00e\x00n\x00d\x00i\x00m\x00i\x00e\x00n\
\x00t\x00o\x08\x00\x00\x00\x00\x06\x00\x00\x00\x1eUs\
e GPU to Improve\
 Performance\x07\x00\x00\x00\
\x03app\x01\x03\x00\x00\x000\x00C\x00o\x00n\
\x00f\x00i\x00g\x00u\x00r\x00a\x00c\x00i\
\x00\xf3\x00n\x00 \x00d\x00e\x00 \x00v\x00e\
\x00n\x00t\x00a\x00n\x00a\x08\x00\x00\x00\x00\x06\
\x00\x00\x00\x0dWindow Confi\
g\x07\x00\x00\x00\x03app\x01\x03\x00\x00\x00$\x00\
C\x00a\x00p\x00t\x00u\x00r\x00a\x00 \x00\
d\x00e\x00 \x00W\x00i\x00n\x00d\x00o\x00\
w\x00s\x08\x00\x00\x00\x00\x06\x00\x00\x00\x0fWin\
dows Capture\x07\x00\x00\x00\
\x03app\x01\x03\x00\x00\x00\x04\x00S\x00\xed\x08\x00\
\x00\x00\x00\x06\x00\x00\x00\x03Yes\x07\x00\x00\x00\x03\
app\x01\x03\x00\x00\x00\x1c\x00L\x00a\x00n\x00\
z\x00a\x00d\x00o\x00r\x00 \x00d\x00e\x00\
 \x00{\x00}\x08\x00\x00\x00\x00\x06\x00\x00\x00\x0b{\
} Launcher\x07\x00\x00\x00\x03a\
pp\x01\x88\x00\x00\x00\x02\x01\x01\
\x00\x00\xc2t\
<\
\xb8d\x18\xca\xef\x9c\x95\xcd!\x1c\xbf`\xa1\xbd\xdd\xa7\
\x00\x00\x00\x05zh_TWB\x00\x00\x15\x18\x00\x00\
\x05;\x00\x00\x08q\x00\x00\x05;\x00\x00'\xae\x00\x00\
\x05;\x00\x00\x8f\x00\x00\x00\x05C\x00\x00\x84\x00\x00\x00\
\x05O\x00\x00E\xc1\x00\x00\x05O\x00\x00\xa4\xdd\x00\x00\
\x07\xb2\x00\x00>\xad\x00\x005\xa8\x00\x00\x0ai\x00\x00\
5\xa8\x00\x00R\x86\x00\x00E\x82\x00\x00\x1fr\x00\x00\
G\xa4\x00\x00\x05U\x00\x00G\xa4\x00\x00O\xb3\x00\x00\
Ih\x00\x00\x1f\xf4\x00\x00Ja\x00\x00FN\x00\x00\
Q\xc9\x00\x00&)\x00\x00S\x82\x00\x00\x18\xbd\x00\x00\
S\x82\x00\x00'\x85\x00\x00S\x82\x00\x00\x83A\x00\x00\
V\xfe\x00\x00H\x80\x00\x00Y\xbe\x00\x00*5\x00\x00\
[\xb3\x00\x00g\xc0\x00\x00_\xc3\x00\x00E\xee\x00\x00\
_\xc3\x00\x00\xac\xec\x00\x00hp\x00\x00Y\x7f\x00\x00\
ih\x00\x001#\x00\x00u\xa2\x00\x00;\xd6\x00\x04\
<4\x00\x00\x8e\xc8\x00\x04\x8c\xaf\x00\x00\x97\xc8\x00\x04\
\x93\xc2\x00\x00\x9aW\x00\x04\x98,\x00\x00\x11\x86\x00\x04\
\x9c\xb9\x00\x00f1\x00\x04\xa6y\x00\x00\x13\xe8\x00\x04\
\xa8\x8b\x00\x00\x06\x84\x00\x04\xa8\x8b\x00\x00l\x1e\x00\x04\
\xa9\x03\x00\x00\x0cx\x00\x04\xa9\x03\x00\x00T\x11\x00\x04\
\xb8w\x00\x00G\xca\x00\x04\xbb\x04\x00\x00\x87\xfe\x00\x04\
\xcf\x04\x00\x00J\x82\x00\x04\xd0%\x00\x00#\xde\x00\x04\
\xec0\x00\x00l\xf1\x00\x04\xf6\xc2\x00\x00\x0c\xab\x00\x04\
\xf6\xc2\x00\x00TD\x00\x05\x04\xcf\x00\x00J\xa9\x00\x05\
\x04\xcf\x00\x00XZ\x00\x05\x04\xcf\x00\x00\x8a\x98\x00\x05\
\x04\xcf\x00\x00\x94\xc1\x00\x05\x04\xcf\x00\x00\xa1\x1b\x00\x05\
VE\x00\x00\xa4\xf9\x00\x05d\x95\x00\x00\x0d\xd0\x00\x05\
d\x95\x00\x00U\xa2\x00\x05d\x95\x00\x00b\xf7\x00\x05\
\x98\xc5\x00\x00*\x5c\x00\x05\x98\xc5\x00\x00\x90\x08\x00\x05\
\xab`\x00\x00,m\x00\x05\xab`\x00\x00\x86\xfd\x00\x05\
\xab`\x00\x00\x89\x22\x00\x06\x87\x9b\x00\x000\xfb\x00\x06\
\xd0D\x00\x004\xbd\x00\x07F\xc5\x00\x00;\x11\x00\x0a\
\xf2\xce\x00\x00h\x0b\x00\x0bN\x8e\x00\x00}\x0e\x00\x16\
\xad\x8d\x00\x00\x19N\x00\x18Y\x81\x00\x00|g\x00\x18\
\xed\xf2\x00\x00\x9c\x96\x00&\x9ed\x00\x007\xda\x00+\
d\x91\x00\x00p\xa5\x00=G\xa5\x00\x00m\xa4\x00=\
\xfa\x15\x00\x00\x07\xab\x00C\x00\xa7\x00\x00v\xcd\x00D\
'\xc5\x00\x00;=\x00G\x96\xc4\x00\x00I\xa4\x00G\
\x96\xc4\x00\x00jq\x00H,\x94\x00\x00\x95\xf7\x00I\
\xf0A\x00\x00\x9c\x1d\x00J+\x82\x00\x00G|\x00J\
6\x95\x00\x00G\xa3\x00Jd\x95\x00\x006 \x00J\
\x809\x00\x00\x0cB\x00J\x809\x00\x00S\xdb\x00J\
\x809\x00\x00a\x9a\x00J\xb9\xb7\x00\x00J.\x00J\
\xb9\xb7\x00\x00\x81R\x00J\xb9\xb7\x00\x00\x93\xe5\x00K\
Q\x15\x00\x00\x19\xa2\x00L\x99b\x00\x00JZ\x00L\
\x99b\x00\x00\x5cD\x00L\x99b\x00\x00\x85\xbf\x00L\
\x99b\x00\x00\x9d\xd8\x00N\xbf\xa5\x00\x00$\x81\x00O\
l\x93\x00\x00\x0c\xe0\x00Ol\x93\x00\x00Ty\x00R\
\xfd\xf4\x00\x00\x06\xb0\x00R\xfd\xf4\x00\x00mC\x00T\
l\x95\x00\x00&\xea\x00V\x80\x04\x00\x00\xa1;\x00V\
\x8c\x95\x00\x00HY\x00V\x8c\x95\x00\x00p~\x00V\
\x8c\x95\x00\x00\x86\x81\x00V\x8c\x95\x00\x00\x88~\x00V\
\xae\xc2\x00\x00(b\x00X\xb7\xb9\x00\x00c%\x00Y\
\xe8\x85\x00\x00F\xa5\x00Z\x8a#\x00\x00L\x94\x00Z\
\xa8\x94\x00\x00q\x9c\x00Z\xa8\x94\x00\x00\x86\xd4\x00Z\
\xa8\x94\x00\x00\x88\xfc\x00Z\xcf\xb3\x00\x00\xab\x01\x00Z\
\xec5\x00\x00\x06\xdd\x00\x5cV\xfe\x00\x00H\xcd\x00\x5c\
\x83\xb5\x00\x00X\xb5\x00\x5c\x83\xb5\x00\x00\x8b\x17\x00i\
2\xb4\x00\x003S\x00j/\x9b\x00\x002z\x00v\
vN\x00\x00-O\x00v\x8c\x95\x00\x00<;\x00z\
+\xc0\x00\x00=\xbe\x00z\xe0e\x00\x00>N\x00}\
\x9e\x01\x00\x00v]\x00\x81(i\x00\x00d\x8d\x00\x85\
7\xe7\x00\x00E\x8a\x00\x8d\x9c\x0e\x00\x00hm\x00\x97\
\x96\x04\x00\x00a\xf9\x00\x97\x96\x04\x00\x00\x87\xd3\x00\xaf\
\x88w\x00\x00\x01q\x00\xc0\xb8\x84\x00\x005\x95\x00\xcd\
&\x11\x00\x00\x003\x01\x10\xaa^\x00\x00L]\x01!\
\xadg\x00\x00]\xf1\x01*\xd0\x97\x00\x00\x09\x0b\x01*\
\xd0\x97\x00\x00@\xb8\x01*\xd0\x97\x00\x00@\xf1\x01*\
\xd0\x97\x00\x00\x88\xa4\x016$q\x00\x00~Z\x01<\
\xdf5\x00\x00\xac\x16\x01?\xf9>\x00\x00\x9c\xfd\x01@\
\x1dG\x00\x00I&\x01C`n\x00\x00*\xee\x01L\
\x05#\x00\x00\x93j\x01c\xaa\x09\x00\x00\x0fx\x01c\
\xaa\x09\x00\x00W\x96\x01d\xa2o\x00\x00/.\x01t\
#\xfd\x00\x00\x90]\x01\x80\xad\x22\x00\x00pJ\x01\x80\
\xad\x22\x00\x00\x82\xdf\x01\xaa\xde>\x00\x00\xa2\x0f\x01\xb8\
\x13D\x00\x00\x1f&\x01\xc1\xf0\x05\x00\x00`\xaf\x01\xca\
E\x8f\x00\x00\x05\xe3\x01\xcaE\x8f\x00\x00\x8b\x9f\x01\xd4\
VT\x00\x00\xa5\xf5\x01\xd7k\xaa\x00\x00\xa8P\x01\xe7\
\xf5T\x00\x00k\xc5\x01\xfb0\xd4\x00\x00\x81\xe4\x02\x06\
F5\x00\x00>\x1a\x02\x0b\x08\x8e\x00\x00L\xe8\x02\x19\
\xde;\x00\x00[\x1e\x02\x1b7N\x00\x00ZZ\x02.\
@\xa1\x00\x00N\x1c\x021\xe1\x8e\x00\x00BO\x024\
\xfb\xbe\x00\x00%\x14\x026R\xd4\x00\x00\x17\xbc\x026\
R\xd4\x00\x00Y\xab\x028s\xd2\x00\x001L\x028\
\xd4R\x00\x00\x9d\xa9\x02;\xe2\x87\x00\x00\x96Y\x02C\
\x04~\x00\x00.(\x02l\x99\x03\x00\x00\xa7\xc7\x02q\
6u\x00\x00\x98)\x02v\xb8\x09\x00\x00g=\x02\xad\
pR\x00\x00O<\x02\xc1A\xe9\x00\x00\x18\x06\x02\xd9\
@\xf9\x00\x00\xa5\x17\x02\xdc Q\x00\x00\x9fs\x02\xe7\
 \xf5\x00\x00\x06I\x02\xe7 \xf5\x00\x00 {\x02\xe7\
 \xf5\x00\x00\x8c(\x02\xf6\xbc\x8a\x00\x00\x1b\xa1\x03\x00\
(\x14\x00\x00\xaaT\x03\x09\xa2\x9e\x00\x00-\xdf\x03\x15\
*u\x00\x00#\xa8\x03%\xdek\x00\x00^C\x03C\
L9\x00\x00$\x06\x03K\xef\xe5\x00\x00<\xef\x03O\
\x17\x85\x00\x00?c\x03P\xba\x9e\x00\x00J\xd0\x03S\
\xb0\xcb\x00\x00\x0bv\x03W\xb0\x17\x00\x00\x7fl\x03X\
\x11u\x00\x00k\x92\x03]\xe0\x17\x00\x00&P\x03d\
\xa1\xce\x00\x00G\xf0\x03v\xe01\x00\x00w\x13\x03\x81\
\xa9]\x00\x00\x1e\xbb\x03\x8d\x17\xe3\x00\x00\x82>\x03\x9d\
\xfdE\x00\x00iD\x03\xc5\xefz\x00\x00 E\x03\xcc\
\xfa\xa3\x00\x00\x02\x13\x03\xcdG\xa5\x00\x006P\x03\xee\
\xf3\xfa\x00\x00*\xb8\x04\x14S\xf5\x00\x00\x12\xc7\x04\x1b\
\xf0d\x00\x00\xa6\xb8\x04\x1d\xf6~\x00\x00Z\x04\x04(\
U\xc4\x00\x00\xaa\xa9\x046\x07\xc4\x00\x00\x15\xdb\x04K\
+\x03\x00\x00O\xdf\x04L\xedM\x00\x00\x95\x95\x04d\
`5\x00\x00:n\x04e\xafi\x00\x00\x0dM\x04e\
\xafi\x00\x00Uj\x04e\xafi\x00\x00b\x90\x04l\
u\x90\x00\x00Q,\x04r\x80\xd4\x00\x00X(\x04r\
\x80\xd4\x00\x00\x8a>\x04r\xd0\x03\x00\x00L\xbc\x04\x87\
p\xc8\x00\x005\xd7\x04\x8f\x07Y\x00\x00fw\x04\x90\
\x894\x00\x00e+\x04\x94\xa8\x84\x00\x00w\x87\x04\x98\
I\xbc\x00\x00\x05\x82\x04\x98I\xbc\x00\x00\x07\x82\x04\x98\
I\xbc\x00\x00\x09>\x04\x98I\xbc\x00\x00\x0b\x08\x04\x98\
I\xbc\x00\x00\x0f\xd2\x04\x98I\xbc\x00\x00 \x1b\x04\x98\
I\xbc\x00\x00A)\x04\x98I\xbc\x00\x00A\xea\x04\x98\
I\xbc\x00\x00P\x1d\x04\x98I\xbc\x00\x00S%\x04\x98\
I\xbc\x00\x00[z\x04\x98I\xbc\x00\x00\x8b:\x04\x98\
I\xbc\x00\x00\x8b\xfe\x04\x98I\xbc\x00\x00\x9b\x98\x04\x99\
n\x95\x00\x00D\x8d\x04\xa0\xb2*\x00\x00,$\x04\xa1\
L\x85\x00\x00+\xe6\x04\xa2\xcb\xd7\x00\x00j\x99\x04\xa8\
\xb8\xa5\x00\x00\x0b?\x04\xac,\xa5\x00\x00[\xdf\x04\xac\
,\xa5\x00\x00a\xc9\x04\xac,\xa5\x00\x00\x87|\x04\xac\
,\xa5\x00\x00\x8c^\x04\xac\xab]\x00\x00\x0b\xc3\x04\xac\
\xab]\x00\x00S\x5c\x04\xac\xab]\x00\x00ah\x04\xc2\
\x8f\xa2\x00\x00\x82\x13\x04\xc4y%\x00\x00\x89\xe2\x04\xcf\
v\x94\x00\x00\x22\xbe\x04\xd1\x1fR\x00\x00\x83\x12\x04\xd5\
P\xa4\x00\x007\xaa\x04\xd5Z\xc4\x00\x008J\x04\xd5\
n\xc4\x00\x008\xab\x04\xd5\xe9\xa9\x00\x00\x1c\x90\x04\xe0\
\x8f\xb2\x00\x00Fv\x04\xe3X|\x00\x00\xa0C\x04\xe6\
\xf1\xdf\x00\x00\x92\x97\x04\xedY\xc4\x00\x00\x17\x80\x04\xf4\
\x18N\x00\x00,\xc0\x04\xf6\x91\xc9\x00\x00\xa0e\x04\xfa\
\x12\xa3\x00\x00\xa3\x96\x05\x14\x8d9\x00\x00N\xf8\x05\x17\
60\x00\x00'\x13\x05\x1d\xcf\x09\x00\x00\x99\xb6\x05\x22\
?\xe9\x00\x00m\xea\x05#k\x81\x00\x00\x85)\x05(\
J\xd3\x00\x00GL\x051\x10\xbe\x00\x00=V\x056\
\x8ay\x00\x00\x9b\xee\x058\x92\xc0\x00\x00\x8d\xdf\x05<\
F\x99\x00\x00\xa3r\x05@\x5c\xa5\x00\x00\x0d\x16\x05@\
\x5c\xa5\x00\x00T\xaf\x05B\xdd\xac\x00\x00\xab\xdc\x05E\
\xaf\xd9\x00\x00P\xcb\x05E\xaf\xd9\x00\x00R\x0c\x05E\
\xaf\xd9\x00\x00T\xe6\x05E\xaf\xd9\x00\x00b`\x05K\
\xe0\xd4\x00\x00\x81&\x05_/R\x00\x008\x18\x05f\
j\xa7\x00\x00\xa8\x8a\x05o/\xe3\x00\x00\x5c\xfb\x05v\
*I\x00\x00VZ\x05{\x90\x15\x00\x00\x15>\x05\x80\
W\xc4\x00\x00j\x1b\x05\x8b\xa6\x84\x00\x00(\xf1\x05\x8c\
F\xc5\x00\x00Q\x5c\x05\x8c\xac5\x00\x00H\xa5\x05\x8c\
\xac5\x00\x00\x86\xaa\x05\x8c\xac5\x00\x00\x88\xd5\x05\x8e\
c\xb5\x00\x00\x98\xf8\x05\x93\xca\x17\x00\x00g\x00\x05\x9a\
\x90t\x00\x00L\x09\x05\x9c}.\x00\x00\x91%\x05\xa6\
\xecX\x00\x004\xe5\x05\xaa\x8b\xc3\x00\x00c\x8b\x05\xac\
\xdcQ\x00\x00\x046\x05\xb4\x98\xde\x00\x00(\x8b\x05\xbd\
\xf7S\x00\x006\xfe\x05\xc6\xa8\xa5\x00\x00M\xc6\x05\xd4\
\x8fX\x00\x002\xd2\x05\xd6\x03\xff\x00\x009\xd7\x05\xdb\
\xc29\x00\x00\x0fA\x05\xdb\xc29\x00\x00W_\x05\xdb\
\xc29\x00\x00d]\x05\xdd\xf9D\x00\x00$\xaa\x05\xdf\
\xba\xba\x00\x00\x08\x96\x05\xe0Kg\x00\x000!\x05\xe7\
\x0c5\x00\x00mk\x06\x09\xcd\xf4\x00\x00{\x11\x06#\
\xc0[\x00\x00=\xe7\x06,\xce\xa9\x00\x00'\xd4\x06.\
!\xe5\x00\x00>w\x06.\x8e)\x00\x00x\x02\x06C\
\x1f\x15\x00\x00\xa3E\x06K\x02\xa5\x00\x00\x16\x1c\x06Q\
V\xe9\x00\x00\xa0\x89\x06\x5c\xd6\x95\x00\x00Z\xdc\x06e\
2`\x00\x00=\x8b\x06e\xa0.\x00\x00Q\x8b\x06\x80\
\xab\x84\x00\x00$\xdf\x06\x816D\x00\x00\xa4N\x06\x95\
x>\x00\x00k9\x06\xa2\x1a]\x00\x00\x87%\x06\xa8\
\xa9\xaa\x00\x00\xab\xb2\x06\xacWc\x00\x006\xcc\x06\xae\
\xa4>\x00\x00\x8eR\x06\xb0\xbe\xae\x00\x00\x02F\x06\xb0\
\xbe\xae\x00\x00\xa8$\x06\xb5\x04\x22\x00\x007?\x06\xb8\
\x91\xde\x00\x00+\xa5\x06\xbb]a\x00\x00{\xc0\x06\xc4\
y%\x00\x004\x1c\x06\xc9\xb1\x80\x00\x00:\xe1\x06\xd0\
\xbaQ\x00\x00\xa1b\x06\xe3v\xd4\x00\x003\x82\x06\xe8\
\xc3G\x00\x00u\xf9\x07\x02\x06\x83\x00\x00\x9c>\x07\x05\
\xe4d\x00\x00\x9f\xbd\x07\x09W\xa2\x00\x009\x0d\x07\x0c\
HY\x00\x00\x1b\xeb\x07\x11\x5c$\x00\x00\x17-\x07\x1f\
\x97[\x00\x00!f\x074'\x12\x00\x00N\xc0\x077\
3\xdb\x00\x00\x9e\xc6\x07Io~\x00\x00\x9f\xe8\x07P\
\xb3\xaa\x00\x00$M\x07Wf\x07\x00\x00\x97\xe8\x07^\
\xb4t\x00\x00\xa0\x19\x07h\x80$\x00\x00\x11\xf2\x07\x85\
\x93\xd1\x00\x00\x93\x1f\x07\x9a\x96,\x00\x00<\xc5\x07\xa9\
\xbc\x84\x00\x00`\xfa\x07\xab\x06\x13\x00\x00a7\x07\xab\
\x08\x98\x00\x00?)\x07\xab\x1aR\x00\x00?\xa3\x07\xb4\
5q\x00\x00}\xab\x07\xb5\xe2\xfb\x00\x00\x09\x99\x07\xb5\
\xe2\xfb\x00\x00 \xdc\x07\xb7U\xe4\x00\x00r\x97\x07\xdf\
\x0e\xf3\x00\x00\x15\x97\x07\xe3\xfd\x9b\x00\x00]\x84\x07\xe5\
$\xf3\x00\x00\x9d\x84\x08\x03\xeft\x00\x00\x08\xc1\x08\x09\
\x7fd\x00\x00\x089\x08\x0abr\x00\x00@\x19\x08\x0f\
tN\x00\x00\xa8\xc3\x08\x18B%\x00\x00\xa4\x93\x087\
\x99\xfd\x00\x00\x98\xad\x08=\xe1s\x00\x00j\xca\x08B\
\xf3Q\x00\x00\x9d>\x08E=\x0e\x00\x00\x00\xaf\x08E\
=\x0e\x00\x00\x9a-\x08Fk\xe2\x00\x00\xad\x09\x08J\
\x95A\x00\x00t\xf4\x08K\x95\xb4\x00\x00\x80(\x08N\
\xb2\xf5\x00\x00m\x18\x08i5\xf4\x00\x00\xab*\x08i\
\x8d\x8c\x00\x000K\x08n\xd9n\x00\x00\x7f\xa0\x08u\
`l\x00\x00\xab\x80\x08\x80K\xf7\x00\x00r*\x08\x81\
(\x11\x00\x00z\x81\x08\x89)\xf9\x00\x00N\x8b\x08\x96\
\x1e\x8c\x00\x00o?\x08\x9aE\xee\x00\x007r\x08\xa2\
\x93\xc7\x00\x00\x95c\x08\xb3\xba}\x00\x00\x1d,\x08\xb4\
\xac\x0e\x00\x00r\xe5\x08\xbah\xc3\x00\x00I}\x08\xbd\
\x8c\xc8\x00\x00^\x8c\x08\xbd\x8c\xc8\x00\x00q\x11\x08\xbd\
\x8c\xc8\x00\x00\x84'\x08\xc2\xb8\xc5\x00\x00K}\x08\xc2\
\xb8\xc5\x00\x00\x94\xe9\x08\xc4\x9b\xe2\x00\x00\xa3\x1f\x08\xcc\
e\x97\x00\x00\x84S\x08\xce\x01\x9e\x00\x00;\xa6\x08\xd6\
t\x12\x00\x00\x84\x86\x08\xfd\xd9#\x00\x00M\x99\x09\x06\
\xb5i\x00\x00\x91\xda\x09\x0bI\xc9\x00\x00\x22N\x09\x16\
(\xb1\x00\x00y\x1b\x09)\xe2\x83\x00\x00o\xd5\x09)\
\xe2\x83\x00\x00\x82q\x09+`\xfc\x00\x00e}\x090\
\x8f%\x00\x00\x94\x10\x096vN\x00\x00-\x97\x09>\
\xbd\xfe\x00\x00\x13\x05\x09?h\x89\x00\x00\x0a\xa1\x09?\
h\x89\x00\x00R\xbe\x09J*\xb9\x00\x00\x03\x07\x09Q\
\xd8\xce\x00\x00\x8d\x12\x09Z\x7f\xad\x00\x00\x90\xdf\x09\x5c\
\xa9e\x00\x00\x00\x00\x09`\x06\xb5\x00\x00\x0eE\x09`\
\x06\xb5\x00\x00U\xd7\x09a~\xb5\x00\x00q\xc3\x09k\
\xd7]\x00\x00\x00\xde\x09m\xf9T\x00\x00\x22\xe8\x09q\
\x01\xe0\x00\x00\xa9(\x09\x87\xbc\xc5\x00\x00I\xcc\x09\x87\
\xbc\xc5\x00\x00op\x09\x87\xbc\xc5\x00\x00\x80^\x09\x88\
\xbd\xa3\x00\x00lE\x09\x8cu\xff\x00\x00\x900\x09\x91\
\xe0\x92\x00\x009?\x09\x9cu\xa3\x00\x00\x1ap\x09\x9d\
\x14\x84\x00\x00\x1a\x11\x09\xaa\xaa\x89\x00\x00\x8f\x85\x09\xb2\
\xf0\x1e\x00\x00:\xaf\x09\xb8\x9e\x89\x00\x00X\xdf\x09\xc5\
P\x17\x00\x00X\x85\x09\xc5P\x17\x00\x00cX\x09\xc5\
P\x17\x00\x00q>\x09\xc5P\x17\x00\x00\x8a\xbc\x09\xc5\
\xb8\x8a\x00\x00\x96\xee\x09\xd1\x8d\xf1\x00\x00{\x7f\x09\xd5\
\x1e\xb5\x00\x00\x11\x06\x09\xd5\x1e\xb5\x00\x00V\xa8\x09\xd5\
\x1e\xb5\x00\x00c\xbb\x09\xd7\xa4d\x00\x001\xc1\x09\xde\
\xd1\x8d\x00\x00sx\x09\xeb\xbf\xb5\x00\x00K\xda\x09\xfd\
]\xb5\x00\x00\x0f\x00\x09\xfd]\xb5\x00\x00W\x1e\x09\xfd\
]\xb5\x00\x00c\xf2\x0a\x10d-\x00\x00\x1c1\x0a\x1e\
e\xb4\x00\x00_\xf0\x0a!\xa6o\x00\x00\x1f\x9b\x0a\x22\
\xd2k\x00\x00<d\x0a/k\xbf\x00\x00\x1bZ\x0a0\
\xab\x94\x00\x00#\x1d\x0a<j+\x00\x00\x0e\x05\x0a=\
\x0e\x95\x00\x00D\xc0\x0a?#\x1b\x00\x00\x10\x85\x0a?\
#\x1b\x00\x00!\x9f\x0a?#\x1b\x00\x00[\xa8\x0a?\
#\x1b\x00\x00\x8ai\x0a?j[\x00\x00!\xd2\x0a?\
j[\x00\x00\x5c\x0d\x0a?j[\x00\x00\x87\xa3\x0aZ\
\xcc\xc5\x00\x00;v\x0a_\xbe\x83\x00\x005-\x0aa\
\x13>\x00\x00\x85\xe8\x0ad\xd0\xcd\x00\x00\x05\xb2\x0ad\
\xd0\xcd\x00\x00\x09k\x0ad\xd0\xcd\x00\x00\x10U\x0ad\
\xd0\xcd\x00\x00A\x88\x0ad\xd0\xcd\x00\x00B\x1c\x0ad\
\xd0\xcd\x00\x00O\x86\x0ad\xd0\xcd\x00\x00P\x9b\x0ad\
\xd0\xcd\x00\x00\x8bl\x0ad\xd0\xcd\x00\x00\x9c\xda\x0ae\
\xb9\x1c\x00\x00 \xb1\x0ah\xf6\xd5\x00\x005a\x0ai\
A\x82\x00\x00D\xfc\x0am\x82\xfc\x00\x00@O\x0at\
g\x19\x00\x00\x10\xbd\x0av\x1d\x99\x00\x00&{\x0av\
Z2\x00\x00G$\x0awr\xd7\x00\x00\x07\x0a\x0ay\
_\x07\x00\x00.p\x0a\x84\xfb\xa8\x00\x000\xc3\x0a\x95\
m\xe4\x00\x004J\x0a\x96ke\x00\x00\x0d\x85\x0a\x9a\
\xaaZ\x00\x00\x01\xa6\x0a\xa2\xfa7\x00\x00\xac\x80\x0a\xa7\
\xd1>\x00\x00B\xc9\x0a\xa8@\x11\x00\x00qi\x0a\xad\
gY\x00\x00\x84\xbc\x0a\xb6v\xe4\x00\x00\xa9T\x0a\xb9\
\x9c\xf3\x00\x00,\x95\x0a\xb9\x9c\xf3\x00\x00_/\x0a\xb9\
\x9c\xf3\x00\x00\x91x\x0a\xbe J\x00\x00\x07\xdf\x0a\xbe\
I\x9e\x00\x00q\xf3\x0a\xd0_d\x00\x00\x91\xa3\x0a\xd2\
\xc0\xe5\x00\x003\x1d\x0a\xd8\xc4\x11\x00\x00x\xd6\x0a\xdb\
\x09\xe4\x00\x00\xa2\xa2\x0a\xe1\xb0\x85\x00\x00\x9a\xa7\x0a\xe7\
\x93\x14\x00\x00p\x06\x0a\xe8\xd6\x1e\x00\x00\x8f&\x0a\xeb\
f\x09\x00\x00DG\x0a\xffe\xee\x00\x00\x8e\x09\x0b\x00\
\xf9\x94\x00\x00\x11\xab\x0b\x03\xc6\x94\x00\x00\x0e\xc8\x0b\x03\
\xc6\x94\x00\x00V\xe6\x0b\x09yE\x00\x003\xbd\x0b\x09\
ye\x00\x00\x89\xb6\x0b\x09\xa6\xc4\x00\x00F\x1c\x0b%\
\xf5\x11\x00\x00\x05 \x0b08\xf9\x00\x00\x14\xc8\x0b6\
\x01k\x00\x00\x5c\xb6\x0b6\x08+\x00\x00\x5cq\x0bH\
B\xd9\x00\x00\x0a\x1c\x0bHB\xd9\x00\x00R9\x0b`\
\xb6\xd5\x00\x00?\xe5\x0bc\xe2\x94\x00\x00u\x84\x0bd\
\xdd\xbd\x00\x00#R\x0b\x883H\x00\x002K\x0b\x8f\
\xdd\xb2\x00\x00>\xd3\x0b\x91\x1f\xcc\x00\x00\x14U\x0b\x92\
\x14 \x00\x000\x86\x0b\x997\x8e\x00\x00~\xf7\x0b\x9e\
\x96Y\x00\x00nl\x0b\xab\x94\x0e\x00\x00\x80\xb9\x0b\xb4\
a>\x00\x00o\x99\x0b\xb7p\xde\x00\x00'@\x0b\xbd\
\xf2c\x00\x00\x93\xa5\x0b\xc0\x05\xe4\x00\x00\x90\xb1\x0b\xc2\
\x05\xe4\x00\x00<\x97\x0b\xc5\x09q\x00\x00\x04\xeb\x0b\xcb\
\x00\xae\x00\x00+[\x0b\xdb\x22C\x00\x00\x98\x5c\x0b\xdd\
_i\x00\x00\x12Y\x0b\xe3\xea\x81\x00\x00\x95\x16\x0b\xee\
\x00\xe4\x00\x00F\xd3\x0c\x01\x9e\xd1\x00\x00\xa6;\x0c\x04\
\xa05\x00\x00K\xa9\x0c\x04\xa05\x00\x00Z\xad\x0c\x05\
\x83\x83\x00\x00\x19\xdd\x0c\x05\x83\x83\x00\x00H*\x0c\x05\
\x83\x83\x00\x00\x83\xd2\x0c\x10\xbf.\x00\x00\x8c\x88\x0c\x13\
\xf8\xce\x00\x00\x09\xcd\x0c\x15*\xee\x00\x00tv\x0c!\
\x99\xcb\x00\x00\x9d\xf9\x0c*$W\x00\x00AS\x0c*\
$W\x00\x00W\xf0\x0c*$W\x00\x00\x80\xf4\x0c*\
$W\x00\x00\x8a\x0d\x0cB\x17\xa3\x00\x00\x81\xb0\x0cC\
\xbb\xe2\x00\x00\x96\xbc\x0cG\x92\xf4\x00\x00b-\x0cG\
\x92\xf4\x00\x00\x88#\x0cJfY\x00\x00=&\x0cR\
V\x8e\x00\x00d,\x0cV\x8c\xe5\x00\x00>\xfe\x0cV\
\xb7\xad\x00\x00!\x0d\x0cX\x09e\x00\x00\xa7\x93\x0cZ\
\xcf\x1d\x00\x00\x18_\x0c^T\xf9\x00\x00\x10\x01\x0co\
\x11\x8b\x00\x00\x04\xb9\x0cu\x02\xbe\x00\x00P\xfa\x0cu\
K\x99\x00\x00\x81|\x0cz\xc3\x9e\x00\x00\x14\x11\x0cz\
\xdb7\x00\x00\xa3\xef\x0c{\x85\x9f\x00\x00.\xa9\x0c\x80\
\x8a\x83\x00\x00*\x84\x0c\x84\xfes\x00\x00\xa9\xe8\x0c\x88\
\xfa>\x00\x00\xa5\xd0\x0c\x90\xd8\xbc\x00\x00\x9b\x1b\x0c\x92\
\xbc\xa1\x00\x00y\xcd\x0c\x97\x12\xac\x00\x00o\x0e\x0c\x98\
\x96\x9d\x00\x00\x16\xf5\x0c\x9a\x01\xda\x00\x00/\xc8\x0c\xa1\
\xa9\x84\x00\x008\xdb\x0c\xa3\x80I\x00\x00NT\x0c\xa4\
\x91\xb5\x00\x006\x8b\x0c\xa8h\x87\x00\x00n\xa7\x0c\xa9\
_$\x00\x00A\xb3\x0c\xbb\x01s\x00\x00L2\x0c\xbb\
\x01s\x00\x00nA\x0c\xc9\xa0\x0e\x00\x00n\xe4\x0c\xce\
\x0f\x1f\x00\x00)\x1b\x0c\xdf\x8d\xc8\x00\x00\x07Q\x0c\xee\
\xd9[\x00\x00]?\x0c\xf6\x5c\xfe\x00\x00b\xc1\x0d\x04\
,\xaf\x00\x00<\x07\x0d\x05Rs\x00\x00\x12%\x0d\x18\
\x90\xf2\x00\x00EJ\x0d\x1fN\x94\x00\x00^\xbb\x0d1\
\x07\xc5\x00\x00\xac\xad\x0d4\xb3\xee\x00\x00@\x81\x0d9\
\xd2\xae\x00\x00\x1a\xa7\x0dGc\xb4\x00\x00\x80\x86\x0dL\
\xdb\xf1\x00\x00\xa9y\x0dM\xb0\x9d\x00\x00\x11<\x0dU\
\x94\xe2\x00\x008z\x0dZ\xca\xe7\x00\x009u\x0d\x5c\
\xa9\x15\x00\x002\x03\x0d\x5c\xec2\x00\x009\xa6\x0d_\
\xd6C\x00\x003\xec\x0d\x89P\x17\x00\x00/\xf6\x0d\x89\
P\x17\x00\x00D\x14\x0d\x93x%\x00\x00\x01\xdc\x0d\xa1\
\xc7\xc9\x00\x00\x82\xa1\x0d\xacz\xf3\x00\x00\x13O\x0d\xb0\
\x8e\xd4\x00\x00i\xb7\x0d\xc0\xcb\x94\x00\x00\x13\x92\x0d\xc5\
\x9e\xbe\x00\x00h\xdb\x0d\xd3\x034\x00\x00\x9et\x0d\xd5\
\xf0#\x00\x00Q\xcf\x0d\xd8\xc9)\x00\x00\x99l\x0d\xdf\
b-\x00\x00\x1dv\x0d\xfc\x13'\x00\x00:\x07\x0e\x0d\
Dn\x00\x00%\x88\x0e\x11\x9a\xe6\x00\x00\x9bL\x0e\x12\
\x05s\x00\x00\xa5u\x0e\x17\x01\x1d\x00\x00\x1e8\x0e!\
}d\x00\x00\x89G\x0e/\xa2t\x00\x00\x14\x84\x0e1\
\xac*\x00\x00\x96\x18\x0e;\xcd\x81\x00\x00\xa2\xe3\x0eD\
\xcd+\x00\x00U\x1d\x0eF\xc4\xc3\x00\x004\x83\x0eb\
\xa1\xae\x00\x00\x9f9\x0ee@\x89\x00\x00\x92+\x0eg\
\x84\xbb\x00\x00::\x0er\xa2\x0e\x00\x00)\x97\x0e\xaf\
o\xc3\x00\x00\x88M\x0e\xb17\x93\x00\x00^\xf5\x0e\xbf\
\xdf:\x00\x00\x08\x0d\x0e\xcb%\xa2\x00\x00I\xfa\x0e\xd3\
\x02\xed\x00\x00s\xf2\x0e\xe1~\xa3\x00\x00\x0e\x84\x0e\xe1\
~\xa3\x00\x00V\x16\x0e\xe5x\x19\x00\x00\x16W\x0e\xe8\
\x9b\xb2\x00\x00\xa5F\x0e\xf3\x11C\x00\x00\x9a\x00\x0f\x03\
\xb7\xa1\x00\x00\x94\x83\x0f\x07gi\x00\x00_^\x0f\x0e\
\x89.\x00\x00PL\x0f\x19\x22<\x00\x00\x0b\xfc\x0f\x19\
\x22<\x00\x00S\x95\x0f s\xf1\x00\x00\x03\xe1\x0f!\
o\xdd\x00\x00\x02w\x0f'\xf1\xfb\x00\x00\x03\xb9\x0f'\
\xf1\xfb\x00\x00M\xf3\x0f3\x9a\x85\x00\x00\x8c\xca\x0f9\
@\xe8\x00\x00\x04\x0e\x0fL\xa1\xb3\x00\x00&\xb2\x0fW\
\xb8i\x00\x00`e\x0fX\x1aC\x00\x00\xa6\xe8\x0fn\
1U\x00\x00e\xee\x0f\x85\xef\xbe\x00\x00-\x08\x0f\x8a\
3\xb5\x00\x00j\xfd\x0f\x93gi\x00\x00_\xa7\x0f\x96\
\xf2!\x00\x00K\x05\x0f\x98N\xf4\x00\x00\x8a\xe5\x0f\x99\
+e\x00\x00\x9b\xba\x0f\x9eH$\x00\x00\x99#\x0f\xa1\
3H\x00\x002\xa3\x0f\xadN]\x00\x00\x9aw\x0f\xc0\
w!\x00\x00\x04z\x0f\xc9X\x97\x00\x00H\xf8\x0f\xc9\
X\x97\x00\x00\x84\xfc\x0f\xcc\xa8\xc4\x00\x00\x22\x05\x0f\xd2\
\xbb\xbd\x00\x00\x18\xe7\x0f\xd2\xbb\xbd\x00\x00\x83k\x0f\xd4\
\x9eI\x00\x00\x8dL\x0f\xd5U\xb3\x00\x00r`\x0f\xef\
/\xd4\x00\x00`+\x0f\xf4\xee^\x00\x001\x8e\x0f\xf5\
]#\x00\x00\x9e*i\x00\x00\xad8\x03\x00\x00\x00\x08\
rHg,f\xf4e\xb0\x08\x00\x00\x00\x00\x06\x00\x00\
\x00\x0eVersion Update\
\x07\x00\x00\x00\x08@default\x01\x03\x00\
\x00\x00.\x00{\x00k\x00e\x00y\x00}\x00 \x90\
\x19z.c\x09\x93uf/q!eHv\x84\xff\
\x0c\x8a\xcbj\xa2g\xe5q\xb1\x93u\x8a-[\x9a\xff\
\x01\x08\x00\x00\x00\x00\x06\x00\x00\x001{key}\
 is invalid, ple\
ase check the ho\
tkey config!\x07\x00\x00\x00\
\x08@default\x01\x03\x00\x00\x00\x06n\
,\x8afrH\x08\x00\x00\x00\x00\x06\x00\x00\x00\x0cB\
eta Version\x07\x00\x00\x00\x08\
AboutTab\x01\x03\x00\x00\x00F\x96M\
}\x1ab\x10R\x9f\x00 \x00{\x00f\x00r\x00o\
\x00m\x00_\x00v\x00e\x00r\x00s\x00i\x00o\
\x00n\x00}\x00 \x00-\x00>\x00 \x00{\x00t\
\x00o\x00_\x00v\x00e\x00r\x00s\x00i\x00o\
\x00n\x00}\x08\x00\x00\x00\x00\x06\x00\x00\x000Do\
wngrade success \
{from_version} -\
> {to_version}\x07\x00\
\x00\x00\x08AboutTab\x01\x03\x00\x00\x00\
\x0aN\x0b\x8f\x09\x95\x8bv|rH\x08\x00\x00\x00\x00\
\x06\x00\x00\x00\x0eDownload De\
bug\x07\x00\x00\x00\x08AboutTab\
\x01\x03\x00\x00\x00\x0aN\x0b\x8f\x09\x93/\x8a\xa4\xff\x1a\
\x08\x00\x00\x00\x00\x06\x00\x00\x00\x0fDownlo\
ad Error:\x07\x00\x00\x00\x08Ab\
outTab\x01\x03\x00\x00\x00\x0aN\x0b\x8f\x09\
kc_\x0frH\x08\x00\x00\x00\x00\x06\x00\x00\x00\x10\
Download Release\
\x07\x00\x00\x00\x08AboutTab\x01\x03\x00\
\x00\x00\x08v\xf8\x95\xdc\x98\x05v\xee\x08\x00\x00\x00\x00\
\x06\x00\x00\x00\x0eOther Proje\
cts\x07\x00\x00\x00\x08AboutTab\
\x01\x03\x00\x00\x00\x06kc_\x0frH\x08\x00\x00\x00\
\x00\x06\x00\x00\x00\x0eStable Ver\
sion\x07\x00\x00\x00\x08AboutTa\
b\x01\x03\x00\x00\x00Ff\xf4e\xb0b\x10R\x9f\x00\
 \x00{\x00f\x00r\x00o\x00m\x00_\x00v\x00\
e\x00r\x00s\x00i\x00o\x00n\x00}\x00 \x00\
-\x00>\x00 \x00{\x00t\x00o\x00_\x00v\x00\
e\x00r\x00s\x00i\x00o\x00n\x00}\x08\x00\x00\
\x00\x00\x06\x00\x00\x00-Update su\
ccess {from_vers\
ion} -> {to_vers\
ion}\x07\x00\x00\x00\x08AboutTa\
b\x01\x03\x00\x00\x00H`\xa8v\x84\x90Jb2}\
\xe8\x86_\xff\x0cY\x82\x00 \x001\x000\x002\x00\
6\x003\x000\x006\x001\x002\x003\x004\x00\
5\xff\x0c\x5c\x07g\x03}\x81[\x9akd^3\x86\
_O\x7fu(N\x14q!l\xd5f\xf4e9\x08\
\x00\x00\x00\x00\x06\x00\x00\x00L\xe4\xbd\xa0\xe7\x9a\x84\xe6\
\xb8\xb8\xe6\x88\x8f\xe7\xbc\x96\xe5\x8f\xb7, \xe5\xa6\x82\
102630612345, \xe5\xb0\
\x86\xe4\xbc\x9a\xe7\xbb\x91\xe5\xae\x9a\xe6\xad\xa4\xe8\xb4\xa6\
\xe5\x8f\xb7\xe4\xbd\xbf\xe7\x94\xa8\xe6\x97\xa0\xe6\xb3\x95\xe6\
\x9b\xb4\xe6\x94\xb9\x07\x00\x00\x00\x09ActWin\
dow\x01\x03\x00\x00\x00\x04U_u(\x08\x00\x00\
\x00\x00\x06\x00\x00\x00\x06\xe6\xbf\x80\xe6\xb4\xbb\x07\x00\x00\
\x00\x09ActWindow\x01\x03\x00\x00\x00\
\x06U_u(x\xbc\x08\x00\x00\x00\x00\x06\x00\x00\x00\
\x09\xe6\xbf\x80\xe6\xb4\xbb\xe7\xa0\x81\x07\x00\x00\x00\x09A\
ctWindow\x01\x03\x00\x00\x00\x04\x8af\
u(\x08\x00\x00\x00\x00\x06\x00\x00\x00\x06\xe8\xaf\x95\xe7\
\x94\xa8\x07\x00\x00\x00\x09ActWindow\
\x01\x03\x00\x00\x00\x10\x8a\xcb\x8f8Qe\x90Jb2\
}\xe8\x86_\xff\x01\x08\x00\x00\x00\x00\x06\x00\x00\x00\x16\
\xe8\xaf\xb7\xe8\xbe\x93\xe5\x85\xa5\xe6\xb8\xb8\xe6\x88\x8f\xe7\
\xbc\x96\xe5\x8f\xb7!\x07\x00\x00\x00\x09ActWi\
ndow\x01\x03\x00\x00\x00\x0e\x8a\xcb\x8f8Qe\
U_u(x\xbc\xff\x01\x08\x00\x00\x00\x00\x06\x00\x00\
\x00\x13\xe8\xaf\xb7\xe8\xbe\x93\xe5\x85\xa5\xe6\xbf\x80\xe6\xb4\
\xbb\xe7\xa0\x81!\x07\x00\x00\x00\x09ActWin\
dow\x01\x03\x00\x00\x00\x08\x8e\xdf\x9a\xd4U_u\
(\x08\x00\x00\x00\x00\x06\x00\x00\x00\x0c\xe8\xbd\xaf\xe4\xbb\
\xb6\xe6\xbf\x80\xe6\xb4\xbb\x07\x00\x00\x00\x09ActW\
indow\x01\x03\x00\x00\x00\x0a\x9aW\x8bIY\
1eW\xff\x01\x08\x00\x00\x00\x00\x06\x00\x00\x00\x0d\xe9\
\xaa\x8c\xe8\xaf\x81\xe5\xa4\xb1\xe8\xb4\xa5!\x07\x00\x00\x00\
\x09ActWindow\x01\x03\x00\x00\x00\x0a\
\x9aW\x8bIb\x10R\x9f\xff\x01\x08\x00\x00\x00\x00\x06\
\x00\x00\x00\x0d\xe9\xaa\x8c\xe8\xaf\x81\xe6\x88\x90\xe5\x8a\x9f\
!\x07\x00\x00\x00\x09ActWindow\x01\
\x03\x00\x00\x00\x04e\xb0X\x9e\x08\x00\x00\x00\x00\x06\x00\
\x00\x00\x03Add\x07\x00\x00\x00\x11AddTe\
xtMessageBox\x01\x03\x00\x00\
\x00\x04S\xd6m\x88\x08\x00\x00\x00\x00\x06\x00\x00\x00\x06\
Cancel\x07\x00\x00\x00\x11AddTe\
xtMessageBox\x01\x03\x00\x00\
\x00\x04x\xba\x8a\x8d\x08\x00\x00\x00\x00\x06\x00\x00\x00\x07\
Confirm\x07\x00\x00\x00\x11AddT\
extMessageBox\x01\x03\x00\
\x00\x00\x1c`\xa8x\xba[\x9a\x89\x81R*\x96d\x00\
 \x00'\x00{\x00}\x00'\x00 U\xce\xff\x1f\x08\
\x00\x00\x00\x00\x06\x00\x00\x00%Are you\
 sure you want t\
o delete '{}'?\x07\x00\
\x00\x00\x10AnnotationCan\
vas\x01\x03\x00\x00\x00\x08x\xba\x8a\x8dR*\x96\
d\x08\x00\x00\x00\x00\x06\x00\x00\x00\x0eConfi\
rm Delete\x07\x00\x00\x00\x10An\
notationCanvas\x01\x03\
\x00\x00\x00\x04m\xf1\x82r\x08\x00\x00\x00\x00\x06\x00\x00\
\x00\x04Dark\x07\x00\x00\x00\x0fAppCo\
nfigWidget\x01\x03\x00\x00\x00\x04\
m\xfa\x82r\x08\x00\x00\x00\x00\x06\x00\x00\x00\x05Li\
ght\x07\x00\x00\x00\x0fAppConfi\
gWidget\x01\x03\x00\x00\x00\x04N;\x98\
L\x08\x00\x00\x00\x00\x06\x00\x00\x00\x05Theme\
\x07\x00\x00\x00\x0fAppConfigWi\
dget\x01\x03\x00\x00\x00\x12]\xf2[XW(\
e\xbc\x00 \x00'\x00{\x00}\x00'\x08\x00\x00\x00\
\x00\x06\x00\x00\x00\x16Already ex\
ists in '{}'\x07\x00\x00\x00\
\x0aBBoxDialog\x01\x03\x00\x00\x00\
\x06\x90\x8auLhF\x08\x00\x00\x00\x00\x06\x00\x00\x00\
\x0cBounding Box\x07\x00\x00\
\x00\x0aBBoxDialog\x01\x03\x00\x00\
\x00\x04S\xd6m\x88\x08\x00\x00\x00\x00\x06\x00\x00\x00\x06\
Cancel\x07\x00\x00\x00\x0aBBoxD\
ialog\x01\x03\x00\x00\x00\x08R\x06\x98^T\
\x0dz1\x08\x00\x00\x00\x00\x06\x00\x00\x00\x0dCat\
egory name\x07\x00\x00\x00\x0aB\
BoxDialog\x01\x03\x00\x00\x00\x06R\
\x06\x98^\x00:\x08\x00\x00\x00\x00\x06\x00\x00\x00\x09C\
ategory:\x07\x00\x00\x00\x0aBBo\
xDialog\x01\x03\x00\x00\x00\x06\x9a\xd8^\
\xa6\x00:\x08\x00\x00\x00\x00\x06\x00\x00\x00\x07Hei\
ght:\x07\x00\x00\x00\x0aBBoxDia\
log\x01\x03\x00\x00\x00\x0cT\x0dz1N\x0d\x80\
\xfdp\xbazz\x08\x00\x00\x00\x00\x06\x00\x00\x00\x0dN\
ame required\x07\x00\x00\x00\
\x0aBBoxDialog\x01\x03\x00\x00\x00\
\x04x\xba[\x9a\x08\x00\x00\x00\x00\x06\x00\x00\x00\x02O\
K\x07\x00\x00\x00\x0aBBoxDialog\
\x01\x03\x00\x00\x00\x06[\xec^\xa6\x00:\x08\x00\x00\x00\
\x00\x06\x00\x00\x00\x06Width:\x07\x00\x00\x00\
\x0aBBoxDialog\x01\x03\x00\x00\x00\
\x14e\xb0X\x9e\x81\xf3\x95\x8bY\xcbR\x9f\x80\xfd\x88\
hcw_\x91\x08\x00\x00\x00\x00\x06\x00\x00\x00\x17A\
dd Start Menu Sh\
ortcut\x07\x00\x00\x00\x0aConfi\
gCard\x01\x03\x00\x00\x00\x08\x91\xcd\x8a-\x8a\
-[\x9a\x08\x00\x00\x00\x00\x06\x00\x00\x00\x0cRes\
et Config\x07\x00\x00\x00\x0aCo\
nfigCard\x01\x03\x00\x00\x00\x04S\xd6\
m\x88\x08\x00\x00\x00\x00\x06\x00\x00\x00\x06Canc\
el\x07\x00\x00\x00\x0eCopyTaskD\
ialog\x01\x03\x00\x00\x00\x04x\xba\x8a\x8d\x08\
\x00\x00\x00\x00\x06\x00\x00\x00\x07Confirm\
\x07\x00\x00\x00\x0eCopyTaskDia\
log\x01\x03\x00\x00\x00\x08\x89\x07\x88\xfdN\xfbR\
\xd9\x08\x00\x00\x00\x00\x06\x00\x00\x00\x09Copy \
Task\x07\x00\x00\x00\x0eCopyTas\
kDialog\x01\x03\x00\x00\x00\x16\x90xd\
\xc7\x89\x81\x89\x07\x88\xfdv\x84N\xfbR\xd9\x00.\x00\
.\x00.\x08\x00\x00\x00\x00\x06\x00\x00\x00\x16Sel\
ect task to copy\
...\x07\x00\x00\x00\x0eCopyTask\
Dialog\x01\x03\x00\x00\x00\x12\x00(\x000\
\x00 \x00=\x00 ]\xf2y\x81u(\x00)\x08\x00\
\x00\x00\x00\x06\x00\x00\x00\x0e(0 = dis\
abled)\x07\x00\x00\x00\x18Creat\
eScheduleTaskDia\
log\x01\x03\x00\x00\x00\x08\x002\x004\x5c\x0ff\
B\x08\x00\x00\x00\x00\x06\x00\x00\x00\x0324h\x07\x00\
\x00\x00\x18CreateSchedul\
eTaskDialog\x01\x03\x00\x00\x00\
\x1cN\xfbR\xd9[\x8cb\x10_\x8c\x81\xeaR\xd5\x90\
\x00Q\xfa\x00 \x00(\x00-\x00e\x00)\x08\x00\x00\
\x00\x00\x06\x00\x00\x00\x1eAuto exit\
 after task done\
 (-e)\x07\x00\x00\x00\x18Create\
ScheduleTaskDial\
og\x01\x03\x00\x00\x00\x04S\xd6m\x88\x08\x00\x00\x00\
\x00\x06\x00\x00\x00\x06Cancel\x07\x00\x00\x00\
\x18CreateScheduleT\
askDialog\x01\x03\x00\x00\x00\x04R\
u^\xfa\x08\x00\x00\x00\x00\x06\x00\x00\x00\x06Cre\
ate\x07\x00\x00\x00\x18CreateSc\
heduleTaskDialog\
\x01\x03\x00\x00\x00\x0cRu^\xfa\x8a\x08R\x83N\xfb\
R\xd9\x08\x00\x00\x00\x00\x06\x00\x00\x00\x14Crea\
te Schedule Task\
\x07\x00\x00\x00\x18CreateSched\
uleTaskDialog\x01\x03\x00\
\x00\x00\x06\x81\xea[\x9a\x7f\xa9\x08\x00\x00\x00\x00\x06\x00\
\x00\x00\x06Custom\x07\x00\x00\x00\x18Cr\
eateScheduleTask\
Dialog\x01\x03\x00\x00\x00\x0a\x81\xea[\x9a\
\x7f\xa9\x95\x93\x96\x94\x08\x00\x00\x00\x00\x06\x00\x00\x00\x0f\
Custom Interval\x07\
\x00\x00\x00\x18CreateSchedu\
leTaskDialog\x01\x03\x00\x00\
\x00\x04k\xcfY)\x08\x00\x00\x00\x00\x06\x00\x00\x00\x05\
Daily\x07\x00\x00\x00\x18Create\
ScheduleTaskDial\
og\x01\x03\x00\x00\x00\x02Y)\x08\x00\x00\x00\x00\x06\
\x00\x00\x00\x04Days\x07\x00\x00\x00\x18Cre\
ateScheduleTaskD\
ialog\x01\x03\x00\x00\x00\x04\x5c\x0ffB\x08\
\x00\x00\x00\x00\x06\x00\x00\x00\x04Hour\x07\x00\x00\
\x00\x18CreateSchedule\
TaskDialog\x01\x03\x00\x00\x00\x04\
\x5c\x0ffB\x08\x00\x00\x00\x00\x06\x00\x00\x00\x05Ho\
urs\x07\x00\x00\x00\x18CreateSc\
heduleTaskDialog\
\x01\x03\x00\x00\x00\x04R\x06\x94\x18\x08\x00\x00\x00\x00\x06\
\x00\x00\x00\x06Minute\x07\x00\x00\x00\x18C\
reateScheduleTas\
kDialog\x01\x03\x00\x00\x00\x04k\xcfg\
\x08\x08\x00\x00\x00\x00\x06\x00\x00\x00\x07Month\
ly\x07\x00\x00\x00\x18CreateSch\
eduleTaskDialog\x01\
\x03\x00\x00\x00\x0cl\x92g\x09S\xefu(N\xfbR\
\xd9\x08\x00\x00\x00\x00\x06\x00\x00\x00\x12No ta\
sks available\x07\x00\x00\
\x00\x18CreateSchedule\
TaskDialog\x01\x03\x00\x00\x00\x04\
N\x00k!\x08\x00\x00\x00\x00\x06\x00\x00\x00\x04On\
ce\x07\x00\x00\x00\x18CreateSch\
eduleTaskDialog\x01\
\x03\x00\x00\x00\x08\x90xd\xc7N\xfbR\xd9\x08\x00\x00\
\x00\x00\x06\x00\x00\x00\x0bSelect Ta\
sk\x07\x00\x00\x00\x18CreateSch\
eduleTaskDialog\x01\
\x03\x00\x00\x00\x08\x95\x8bY\xcbfB\x95\x93\x08\x00\x00\
\x00\x00\x06\x00\x00\x00\x0aStart Tim\
e\x07\x00\x00\x00\x18CreateSche\
duleTaskDialog\x01\x03\
\x00\x00\x00\x08U_R\xd5\x90x\x98\x05\x08\x00\x00\x00\
\x00\x06\x00\x00\x00\x0fStartup Op\
tions\x07\x00\x00\x00\x18Create\
ScheduleTaskDial\
og\x01\x03\x00\x00\x00\x04\x8d\x85fB\x08\x00\x00\x00\
\x00\x06\x00\x00\x00\x07Timeout\x07\x00\x00\
\x00\x18CreateSchedule\
TaskDialog\x01\x03\x00\x00\x00\x08\
\x89\xf8v|\x98^W\x8b\x08\x00\x00\x00\x00\x06\x00\x00\
\x00\x0cTrigger Type\x07\x00\
\x00\x00\x18CreateSchedul\
eTaskDialog\x01\x03\x00\x00\x00\
\x04k\xcfTh\x08\x00\x00\x00\x00\x06\x00\x00\x00\x06W\
eekly\x07\x00\x00\x00\x18Create\
ScheduleTaskDial\
og\x01\x03\x00\x00\x00\x18\x5c\x0ffB\x00 \x00(\
\x000\x00 \x00=\x00 q!\x96PR6\x00)\
\x08\x00\x00\x00\x00\x06\x00\x00\x00\x15hours \
(0 = unlimited)\x07\
\x00\x00\x00\x18CreateSchedu\
leTaskDialog\x01\x03\x00\x00\
\x00\x04S\xd6m\x88\x08\x00\x00\x00\x00\x06\x00\x00\x00\x06\
Cancel\x07\x00\x00\x00\x10Creat\
eTaskDialog\x01\x03\x00\x00\x00\
\x16\x98^R%T\x0dz1\x00 \x00(P\xc5\x96\
P\x82\xf1e\x87\x00)\x08\x00\x00\x00\x00\x06\x00\x00\x00\
\x19Class Name (Eng\
lish only)\x07\x00\x00\x00\x10C\
reateTaskDialog\x01\
\x03\x00\x00\x00\x04x\xba\x8a\x8d\x08\x00\x00\x00\x00\x06\x00\
\x00\x00\x07Confirm\x07\x00\x00\x00\x10C\
reateTaskDialog\x01\
\x03\x00\x00\x00\x08^\xfaz\xcbN\xfbR\xd9\x08\x00\x00\
\x00\x00\x06\x00\x00\x00\x0bCreate Ta\
sk\x07\x00\x00\x00\x10CreateTas\
kDialog\x01\x03\x00\x00\x00\x0ec\xcf\x8f\
\xf0\x00 \x00(\x90xXk\x00)\x08\x00\x00\x00\x00\
\x06\x00\x00\x00\x16Description\
 (Optional)\x07\x00\x00\x00\x10\
CreateTaskDialog\
\x01\x03\x00\x00\x00\x08N\xfbR\xd9T\x0dz1\x08\x00\
\x00\x00\x00\x06\x00\x00\x00\x09Task Nam\
e\x07\x00\x00\x00\x10CreateTask\
Dialog\x01\x03\x00\x00\x00\x1e\x00-\x00-\
\x00-\x00 \x00{\x00t\x00i\x00t\x00l\x00e\
\x00}\x00 \x00-\x00-\x00-\x08\x00\x00\x00\x00\x06\
\x00\x00\x00\x0f--- {title} \
---\x07\x00\x00\x00\x08DebugTab\
\x01\x03\x00\x00\x00\x04T|S\xeb\x08\x00\x00\x00\x00\x06\
\x00\x00\x00\x04Call\x07\x00\x00\x00\x08Deb\
ugTab\x01\x03\x00\x00\x00\x1c\x00C\x00a\x00\
p\x00t\x00u\x00r\x00e\x00 \x00&\x00 \x00\
L\x00o\x00a\x00d\x08\x00\x00\x00\x00\x06\x00\x00\x00\
\x0eCapture & Load\x07\
\x00\x00\x00\x08DebugTab\x01\x03\x00\x00\
\x00\x04b*W\x16\x08\x00\x00\x00\x00\x06\x00\x00\x00\x12\
Capture Screensh\
ot\x07\x00\x00\x00\x08DebugTab\x01\
\x03\x00\x00\x00\x08b*W\x16b\x10R\x9f\x08\x00\x00\
\x00\x00\x06\x00\x00\x00\x0fCapture S\
uccess\x07\x00\x00\x00\x08Debug\
Tab\x01\x03\x00\x00\x006\x00C\x00a\x00p\x00\
t\x00u\x00r\x00e\x00 \x00l\x00o\x00a\x00\
d\x00e\x00d\x00 \x00s\x00u\x00c\x00c\x00\
e\x00s\x00s\x00f\x00u\x00l\x00l\x00y\x08\
\x00\x00\x00\x00\x06\x00\x00\x00\x1bCapture\
 loaded successf\
ully\x07\x00\x00\x00\x08DebugTa\
b\x01\x03\x00\x00\x00\x0cb*W\x16P\xb3V\xdez\
zP<\x08\x00\x00\x00\x00\x06\x00\x00\x00\x15Cap\
ture returned No\
ne\x07\x00\x00\x00\x08DebugTab\x01\
\x03\x00\x00\x00\x1e\x00C\x00l\x00e\x00a\x00r\x00\
 \x00S\x00e\x00l\x00e\x00c\x00t\x00i\x00\
o\x00n\x08\x00\x00\x00\x00\x06\x00\x00\x00\x0fCle\
ar Selection\x07\x00\x00\x00\
\x08DebugTab\x01\x03\x00\x00\x00\x14}\
\xe8\x8bo\x00 \x00i\x001\x008\x00n\x00 j\
\x94hH\x08\x00\x00\x00\x00\x06\x00\x00\x00\x12Con\
vert i18n files\x07\
\x00\x00\x00\x08DebugTab\x01\x03\x00\x00\
\x00&\x00C\x00o\x00p\x00i\x00e\x00d\x00 \
\x00t\x00o\x00 \x00c\x00l\x00i\x00p\x00b\
\x00o\x00a\x00r\x00d\x08\x00\x00\x00\x00\x06\x00\x00\
\x00\x13Copied to clip\
board\x07\x00\x00\x00\x08DebugT\
ab\x01\x03\x00\x00\x00\x08\x00C\x00o\x00p\x00y\
\x08\x00\x00\x00\x00\x06\x00\x00\x00\x04Copy\x07\x00\
\x00\x00\x08DebugTab\x01\x03\x00\x00\x00\
\x14T|S\xeb\x00 \x00T\x00a\x00s\x00k\x00\
 e\xb9l\xd5\x08\x00\x00\x00\x00\x06\x00\x00\x00\x13D\
ebug Task Functi\
on\x07\x00\x00\x00\x08DebugTab\x01\
\x03\x00\x00\x00\x08\x96d\x93/]\xe5Qw\x08\x00\x00\
\x00\x00\x06\x00\x00\x00\x0aDebug Too\
l\x07\x00\x00\x00\x08DebugTab\x01\x03\
\x00\x00\x00\x0eb\xd6f\xf3b\x16\x90xS\xd6b*\
W\x16\x08\x00\x00\x00\x00\x06\x00\x00\x00\x19Drop\
 or Select Scree\
nshot\x07\x00\x00\x00\x08DebugT\
ab\x01\x03\x00\x00\x00:\x00D\x00u\x00m\x00p\
\x00 \x00T\x00h\x00r\x00e\x00a\x00d\x00s\
\x00 \x00(_\xebcw\x93u\xff\x1a\x00C\x00t\
\x00r\x00l\x00+\x00A\x00l\x00t\x00+\x00D\
\x00)\x08\x00\x00\x00\x00\x06\x00\x00\x00\x1fDump\
 Threads(HotKey:\
Ctrl+Alt+D)\x07\x00\x00\x00\x08\
DebugTab\x01\x03\x00\x00\x00(\x00F\
\x00a\x00i\x00l\x00e\x00d\x00 \x00t\x00o\
\x00 \x00l\x00o\x00a\x00d\x00 \x00i\x00m\
\x00a\x00g\x00e\x08\x00\x00\x00\x00\x06\x00\x00\x00\x14\
Failed to load i\
mage\x07\x00\x00\x00\x08DebugTa\
b\x01\x03\x00\x00\x00\x14u\x22u\x1f\x00 \x00i\x00\
1\x008\x00n\x00 j\x94hH\x08\x00\x00\x00\x00\
\x06\x00\x00\x00\x13Generate i1\
8n files\x07\x00\x00\x00\x08Deb\
ugTab\x01\x03\x00\x00\x00\x18\x00I\x00m\x00\
a\x00g\x00e\x00 \x00l\x00o\x00a\x00d\x00\
e\x00d\x08\x00\x00\x00\x00\x06\x00\x00\x00\x0cIma\
ge loaded\x07\x00\x00\x00\x08De\
bugTab\x01\x03\x00\x00\x00\x14\x00L\x00o\
\x00a\x00d\x00 \x00I\x00m\x00a\x00g\x00e\
\x08\x00\x00\x00\x00\x06\x00\x00\x00\x0aLoad I\
mage\x07\x00\x00\x00\x08DebugTa\
b\x01\x03\x00\x00\x00Rn\xd1\x9f \x00:\x00 \x00\
(\x00{\x00p\x00x\x00}\x00,\x00 \x00{\x00\
p\x00y\x00}\x00)\x00 k\xd4O\x8b\x00:\x00\
 \x00(\x00{\x00r\x00x\x00:\x00.\x003\x00\
f\x00}\x00,\x00 \x00{\x00r\x00y\x00:\x00\
.\x003\x00f\x00}\x00)\x08\x00\x00\x00\x00\x06\x00\
\x00\x00/Mouse: ({px},\
 {py}) ratio: ({\
rx:.3f}, {ry:.3f\
})\x07\x00\x00\x00\x08DebugTab\x01\
\x03\x00\x00\x00\x12\x00M\x00o\x00u\x00s\x00e\x00\
:\x00 \x00-\x00-\x08\x00\x00\x00\x00\x06\x00\x00\x00\
\x09Mouse: --\x07\x00\x00\x00\x08D\
ebugTab\x01\x03\x00\x00\x00\x16b*W\
\x16e\xb9_\x0fN\x0dS\xefu(b\x16g*\x90\
xS\xd6\x08\x00\x00\x00\x00\x06\x00\x00\x00 No \
Capture Availabl\
e or Selected\x07\x00\x00\
\x00\x08DebugTab\x01\x03\x00\x00\x00\x0e\
g*\x8a-[\x9a\x00 \x00O\x00C\x00R\x08\x00\
\x00\x00\x00\x06\x00\x00\x00\x11No OCR c\
onfigured\x07\x00\x00\x00\x08De\
bugTab\x01\x03\x00\x00\x00\x1e\x00N\x00o\
\x00 \x00i\x00m\x00a\x00g\x00e\x00 \x00l\
\x00o\x00a\x00d\x00e\x00d\x08\x00\x00\x00\x00\x06\
\x00\x00\x00\x0fNo image loa\
ded\x07\x00\x00\x00\x08DebugTab\
\x01\x03\x00\x00\x00(\x00N\x00o\x00 \x00s\x00e\
\x00l\x00e\x00c\x00t\x00i\x00o\x00n\x00 \
\x00t\x00o\x00 \x00c\x00o\x00p\x00y\x08\x00\
\x00\x00\x00\x06\x00\x00\x00\x14No selec\
tion to copy\x07\x00\x00\x00\
\x08DebugTab\x01\x03\x00\x00\x00(l\
\x92g\x09\x8ar\x5cl`'b\x16e\xb9l\xd5\xff\
\x1a\x00{\x00f\x00u\x00n\x00c\x00_\x00n\x00\
a\x00m\x00e\x00}\x08\x00\x00\x00\x00\x06\x00\x00\x00\
\x19No such attr: {\
func_name}\x07\x00\x00\x00\x08D\
ebugTab\x01\x03\x00\x00\x00\x0a\x00O\x00\
C\x00R\x8bXR%\x08\x00\x00\x00\x00\x06\x00\x00\x00\
\x03OCR\x07\x00\x00\x00\x08DebugTa\
b\x01\x03\x00\x00\x00,\x00O\x00C\x00R\x8bXR\
%}Pg\x9c\x00(]\xf2\x8a\x18\x93\x04\x00)\x00\
:\x00 \x00{\x00r\x00e\x00s\x00u\x00l\x00\
t\x00}\x08\x00\x00\x00\x00\x06\x00\x00\x00\x1eOCR\
 success (Logged\
): {result}\x07\x00\x00\x00\x08\
DebugTab\x01\x03\x00\x00\x00\x22\x00O\
\x00C\x00R\x00 T|S\xebb\x10R\x9f\xff\x1a\
\x00{\x00r\x00e\x00s\x00u\x00l\x00t\x00}\
\x08\x00\x00\x00\x00\x06\x00\x00\x00\x15OCR su\
ccess: {result}\x07\
\x00\x00\x00\x08DebugTab\x01\x03\x00\x00\
\x00\x14\x00O\x00p\x00e\x00n\x00 \x00I\x00m\
\x00a\x00g\x00e\x08\x00\x00\x00\x00\x06\x00\x00\x00\x0a\
Open Image\x07\x00\x00\x00\x08D\
ebugTab\x01\x03\x00\x00\x00\x0e\x95\x8bU\
_e\xe5\x8a\x8c\x8c\xc7e\x99Y>\x08\x00\x00\x00\x00\
\x06\x00\x00\x00\x09Open Logs\x07\x00\
\x00\x00\x08DebugTab\x01\x03\x00\x00\x00\
,\x00S\x00c\x00r\x00e\x00e\x00n\x00s\x00\
h\x00o\x00t\x00 \x00R\x00e\x00g\x00i\x00\
o\x00n\x00 \x00T\x00e\x00s\x00t\x08\x00\x00\
\x00\x00\x06\x00\x00\x00\x16Screensho\
t Region Test\x07\x00\x00\
\x00\x08DebugTab\x01\x03\x00\x00\x00\x08\
\x90xS\xd6b*W\x16\x08\x00\x00\x00\x00\x06\x00\x00\
\x00\x12Select Screens\
hots\x07\x00\x00\x00\x08DebugTa\
b\x01\x03\x00\x00\x00d\x00S\x00e\x00l\x00e\x00\
c\x00t\x00 \x00a\x00 \x00r\x00e\x00g\x00\
i\x00o\x00n\x00 \x00o\x00n\x00 \x00t\x00\
h\x00e\x00 \x00i\x00m\x00a\x00g\x00e\x00\
 \x00t\x00o\x00 \x00s\x00e\x00e\x00 \x00\
c\x00o\x00o\x00r\x00d\x00i\x00n\x00a\x00\
t\x00e\x00s\x00.\x00.\x00.\x08\x00\x00\x00\x00\
\x06\x00\x00\x002Select a re\
gion on the imag\
e to see coordin\
ates...\x07\x00\x00\x00\x08Debu\
gTab\x01\x03\x00\x00\x00\x1c\x00S\x00e\x00l\
\x00e\x00c\x00t\x00i\x00o\x00n\x00 \x00I\
\x00n\x00f\x00o\x08\x00\x00\x00\x00\x06\x00\x00\x00\x0e\
Selection Info\x07\x00\
\x00\x00\x08DebugTab\x01\x03\x00\x00\x00\
\x1e\x00S\x00e\x00l\x00e\x00c\x00t\x00i\x00\
o\x00n\x00 \x00I\x00n\x00f\x00o\x00:\x08\
\x00\x00\x00\x00\x06\x00\x00\x00\x0fSelecti\
on Info:\x07\x00\x00\x00\x08Deb\
ugTab\x01\x03\x00\x00\x00\x0e\x8f8Qee\
\xb9l\xd5b\x16\x5cl`'\x08\x00\x00\x00\x00\x06\x00\
\x00\x00\x1bType a functi\
on or property\x07\x00\
\x00\x00\x08DebugTab\x01\x03\x00\x00\x00\
,T|S\xebb\x10R\x9f\x00 \x00s\x00u\x00\
c\x00c\x00e\x00s\x00s\x00:\x00 \x00{\x00\
r\x00e\x00s\x00u\x00l\x00t\x00}\x08\x00\x00\
\x00\x00\x06\x00\x00\x00\x16call succ\
ess: {result}\x07\x00\x00\
\x00\x08DebugTab\x01\x03\x00\x00\x00R\
N-_\xc3\x00:\x00 \x00(\x00{\x00c\x00x\
\x00}\x00,\x00 \x00{\x00c\x00y\x00}\x00)\
\x00 \x00=\x00 \x00(\x00{\x00c\x00r\x00x\
\x00:\x00.\x004\x00f\x00}\x00,\x00 \x00{\
\x00c\x00r\x00y\x00:\x00.\x004\x00f\x00}\
\x00)\x08\x00\x00\x00\x00\x06\x00\x00\x00-cent\
er: ({cx}, {cy})\
 = ({crx:.4f}, {\
cry:.4f})\x07\x00\x00\x00\x08De\
bugTab\x01\x03\x00\x00\x00\x1aW\x16rG\
\x5c:[\xf8\x00:\x00 \x00{\x00w\x00}\x00x\
\x00{\x00h\x00}\x08\x00\x00\x00\x00\x06\x00\x00\x00\x13\
image size: {w}x\
{h}\x07\x00\x00\x00\x08DebugTab\
\x01\x03\x00\x00\x00lk\xd4O\x8b\x00:\x00 \x00r\
\x00x\x00=\x00{\x00r\x00x\x00:\x00.\x004\
\x00f\x00}\x00,\x00 \x00r\x00y\x00=\x00{\
\x00r\x00y\x00:\x00.\x004\x00f\x00}\x00,\
\x00 \x00r\x00w\x00=\x00{\x00r\x00w\x00:\
\x00.\x004\x00f\x00}\x00,\x00 \x00r\x00h\
\x00=\x00{\x00r\x00h\x00:\x00.\x004\x00f\
\x00}\x08\x00\x00\x00\x00\x06\x00\x00\x009rati\
o: rx={rx:.4f}, \
ry={ry:.4f}, rw=\
{rw:.4f}, rh={rh\
:.4f}\x07\x00\x00\x00\x08DebugT\
ab\x01\x03\x00\x00\x00D\x00x\x001\x00=\x00{\
\x00x\x001\x00}\x00,\x00 \x00y\x001\x00=\
\x00{\x00y\x001\x00}\x00,\x00 \x00x\x002\
\x00=\x00{\x00x\x002\x00}\x00,\x00 \x00y\
\x002\x00=\x00{\x00y\x002\x00}\x08\x00\x00\x00\
\x00\x06\x00\x00\x00\x22x1={x1}, y\
1={y1}, x2={x2},\
 y2={y2}\x07\x00\x00\x00\x08Deb\
ugTab\x01\x03\x00\x00\x004\x00x\x00=\x00\
{\x00x\x00}\x00,\x00 \x00y\x00=\x00{\x00\
y\x00}\x00,\x00 \x00w\x00=\x00{\x00w\x00\
}\x00,\x00 \x00h\x00=\x00{\x00h\x00}\x08\
\x00\x00\x00\x00\x06\x00\x00\x00\x1ax={x}, \
y={y}, w={w}, h=\
{h}\x07\x00\x00\x00\x08DebugTab\
\x01\x03\x00\x00\x00\x1a]\xf2\x90xS\xd6\x00 \x00{\
\x00n\x00u\x00m\x00}\x00 _5W\x16rG\
\x08\x00\x00\x00\x00\x06\x00\x00\x00\x15{num} \
images selected\x07\
\x00\x00\x00\x08DebugTab\x01\x03\x00\x00\
\x00\x06\x00A\x00D\x00B\x08\x00\x00\x00\x00\x06\x00\x00\
\x00\x03ADB\x07\x00\x00\x00\x0bEditTa\
skTab\x01\x03\x00\x00\x00\x16x\xba[\x9a\x89\
\x81R*\x96d\x00 \x00{\x00}\x00 U\xce\xff\
\x1f\x08\x00\x00\x00\x00\x06\x00\x00\x00#Are y\
ou sure you want\
 to delete {}?\x07\x00\
\x00\x00\x0bEditTaskTab\x01\x03\
\x00\x00\x00\x04S@W\xdf\x08\x00\x00\x00\x00\x06\x00\x00\
\x00\x03Box\x07\x00\x00\x00\x0bEditTa\
skTab\x01\x03\x00\x00\x00\x04S\xd6m\x88\x08\
\x00\x00\x00\x00\x06\x00\x00\x00\x06Cancel\x07\
\x00\x00\x00\x0bEditTaskTab\x01\
\x03\x00\x00\x00\x0a\x90xd\xc7N\xfbR\xd9\x00:\x08\
\x00\x00\x00\x00\x06\x00\x00\x00\x0cChoose \
Task:\x07\x00\x00\x00\x0bEditTa\
skTab\x01\x03\x00\x00\x00\x08x\xba\x8a\x8dR\
*\x96d\x08\x00\x00\x00\x00\x06\x00\x00\x00\x0eCon\
firm Delete\x07\x00\x00\x00\x0b\
EditTaskTab\x01\x03\x00\x00\x00\
\x04c\xa7R6\x08\x00\x00\x00\x00\x06\x00\x00\x00\x07C\
ontrol\x07\x00\x00\x00\x0bEditT\
askTab\x01\x03\x00\x00\x00\x08\x89\x07\x88\xfd\
N\xfbR\xd9\x08\x00\x00\x00\x00\x06\x00\x00\x00\x09Co\
py Task\x07\x00\x00\x00\x0bEdit\
TaskTab\x01\x03\x00\x00\x00\x18b~N\
\x0dR0\x00 \x00{\x00}\x00 v\x84S\x9fY\
\xcbj\x94hH\x08\x00\x00\x00\x00\x06\x00\x00\x00!C\
ould not find so\
urce file for {}\
\x07\x00\x00\x00\x0bEditTaskTab\
\x01\x03\x00\x00\x00\x0a^\xfaz\xcbe\xb0N\xfbR\xd9\
\x08\x00\x00\x00\x00\x06\x00\x00\x00\x0fCreate\
 New Task\x07\x00\x00\x00\x0bEd\
itTaskTab\x01\x03\x00\x00\x00\x08^\
\xfaz\xcbN\xfbR\xd9\x08\x00\x00\x00\x00\x06\x00\x00\x00\
\x0bCreate Task\x07\x00\x00\x00\
\x0bEditTaskTab\x01\x03\x00\x00\
\x00\x08R*\x96dN\xfbR\xd9\x08\x00\x00\x00\x00\x06\
\x00\x00\x00\x0bDelete Task\x07\
\x00\x00\x00\x0bEditTaskTab\x01\
\x03\x00\x00\x00\x0e\x81sg,v\x84\x98oy:T\
\x0dz1\x08\x00\x00\x00\x00\x06\x00\x00\x00\x1bDis\
play name for th\
e script\x07\x00\x00\x00\x0bEdi\
tTaskTab\x01\x03\x00\x00\x00\x22P\xc5\
\x96P\x82\xf1e\x870\x01ex[WT\x8cg\x09\
eHv\x84j\x94hHT\x0dz1[WQC\
\x08\x00\x00\x00\x00\x06\x00\x00\x00.Englis\
h, numbers and v\
alid filename ch\
ars only\x07\x00\x00\x00\x0bEdi\
tTaskTab\x01\x03\x00\x00\x00\x04S/\
Q\xfa\x08\x00\x00\x00\x00\x06\x00\x00\x00\x06Expo\
rt\x07\x00\x00\x00\x0bEditTaskT\
ab\x01\x03\x00\x00\x00\x08S/Q\xfa\x81sg,\
\x08\x00\x00\x00\x00\x06\x00\x00\x00\x0dExport\
 Script\x07\x00\x00\x00\x0bEdit\
TaskTab\x01\x03\x00\x00\x00\x08S/Q\
\xfaY1eW\x08\x00\x00\x00\x00\x06\x00\x00\x00\x0dE\
xport failed\x07\x00\x00\x00\
\x0bEditTaskTab\x01\x03\x00\x00\
\x00\x18\x8b\x80S\xd6S\x9fY\xcbj\x94hHY1\
eW\x00:\x00 \x00{\x00}\x08\x00\x00\x00\x00\x06\
\x00\x00\x00\x1eFailed to re\
ad source file: \
{}\x07\x00\x00\x00\x0bEditTaskT\
ab\x01\x03\x00\x00\x00\x08Q2[XY1eW\
\x08\x00\x00\x00\x00\x06\x00\x00\x00\x0eFailed\
 to save\x07\x00\x00\x00\x0bEdi\
tTaskTab\x01\x03\x00\x00\x00\x04j\x94\
hH\x08\x00\x00\x00\x00\x06\x00\x00\x00\x04File\
\x07\x00\x00\x00\x0bEditTaskTab\
\x01\x03\x00\x00\x00\x10j\x94hH]\xf2\x88\xabY\x16\
\x90\xe8O\xeee9\x08\x00\x00\x00\x00\x06\x00\x00\x00\x17\
File Changed Ext\
ernally\x07\x00\x00\x00\x0bEdit\
TaskTab\x01\x03\x00\x00\x00\x0aj\x94h\
HT\x0dz1\xff\x1a\x08\x00\x00\x00\x00\x06\x00\x00\x00\
\x0aFile Name:\x07\x00\x00\x00\x0b\
EditTaskTab\x01\x03\x00\x00\x00\
\x04c\x07SW\x08\x00\x00\x00\x00\x06\x00\x00\x00\x05G\
uide\x07\x00\x00\x00\x0bEditTas\
kTab\x01\x03\x00\x00\x00\x08S/Qe\x81s\
g,\x08\x00\x00\x00\x00\x06\x00\x00\x00\x0dImpo\
rt Script\x07\x00\x00\x00\x0bEd\
itTaskTab\x01\x03\x00\x00\x00\x08S\
/QeY1eW\x08\x00\x00\x00\x00\x06\x00\x00\x00\
\x0dImport failed\x07\x00\
\x00\x00\x0bEditTaskTab\x01\x03\
\x00\x00\x00 \x98^R%T\x0dz1q!eH\
0\x02S\xea\x80\xfdO\x7fu(\x82\xf1e\x87[W\
QC0\x02\x08\x00\x00\x00\x00\x06\x00\x00\x004In\
valid Class Name\
. Must be Englis\
h characters onl\
y.\x07\x00\x00\x00\x0bEditTaskT\
ab\x01\x03\x00\x00\x006q!eHv\x84j\x94\
hHT\x0dz10\x02S\xea\x80\xfdO\x7fu(\
\x82\xf1e\x87[Wk\xcd0\x01ex[W0\x01\
^\x95}\xdaT\x8c\x90#[W\x86_0\x02\x08\x00\
\x00\x00\x00\x06\x00\x00\x00KInvalid \
file name. Use E\
nglish letters, \
numbers, undersc\
ores, hyphens on\
ly.\x07\x00\x00\x00\x0bEditTask\
Tab\x01\x03\x00\x00\x00\x04c\x09\x93u\x08\x00\x00\
\x00\x00\x06\x00\x00\x00\x03Key\x07\x00\x00\x00\x0bE\
ditTaskTab\x01\x03\x00\x00\x00\x04\
e\xe5\x8a\x8c\x08\x00\x00\x00\x00\x06\x00\x00\x00\x07Lo\
gging\x07\x00\x00\x00\x0bEditTa\
skTab\x01\x03\x00\x00\x00\x08q!\x96P_\
\xaat\xb0\x08\x00\x00\x00\x00\x06\x00\x00\x00\x0fLoo\
p infinitely\x07\x00\x00\x00\
\x0bEditTaskTab\x01\x03\x00\x00\
\x00\x0c_\xaat\xb0c\x07[\x9ak!ex\x08\x00\
\x00\x00\x00\x06\x00\x00\x00\x0cLoop x t\
imes\x07\x00\x00\x00\x0bEditTas\
kTab\x01\x03\x00\x00\x00\x04n\xd1\x9f \x08\x00\
\x00\x00\x00\x06\x00\x00\x00\x05Mouse\x07\x00\x00\
\x00\x0bEditTaskTab\x01\x03\x00\
\x00\x00\x06N\x0d_\xaat\xb0\x08\x00\x00\x00\x00\x06\x00\
\x00\x00\x07No loop\x07\x00\x00\x00\x0bE\
ditTaskTab\x01\x03\x00\x00\x00\x12\
l\x92g\x09S\xefS/Q\xfav\x84N\xfbR\xd9\
0\x02\x08\x00\x00\x00\x00\x06\x00\x00\x00\x13No t\
asks to export.\x07\
\x00\x00\x00\x0bEditTaskTab\x01\
\x03\x00\x00\x00\x06\x00O\x00C\x00R\x08\x00\x00\x00\x00\
\x06\x00\x00\x00\x03OCR\x07\x00\x00\x00\x0bEdi\
tTaskTab\x01\x03\x00\x00\x00\x04x\xba\
[\x9a\x08\x00\x00\x00\x00\x06\x00\x00\x00\x02OK\x07\x00\
\x00\x00\x0bEditTaskTab\x01\x03\
\x00\x00\x00D\x00O\x00K\x00S\x00c\x00r\x00i\
\x00p\x00t\x00 j\x94hH\x00 \x00(\x00*\
\x00.\x00o\x00k\x00s\x00c\x00r\x00i\x00p\
\x00t\x00)\x00;\x00;b@g\x09j\x94hH\
\x00 \x00(\x00*\x00)\x08\x00\x00\x00\x00\x06\x00\x00\
\x00*OKScript Files\
 (*.okscript);;A\
ll Files (*)\x07\x00\x00\x00\
\x0bEditTaskTab\x01\x03\x00\x00\
\x00\x04QvN\xd6\x08\x00\x00\x00\x00\x06\x00\x00\x00\x05\
Other\x07\x00\x00\x00\x0bEditTa\
skTab\x01\x03\x00\x00\x00\x1c\x8a\xcb\x81\xf3\x5c\
\x11\x90xd\xc7N\x00P\x0bN\xfbR\xd9\x902\x88\
LS/Q\xfa0\x02\x08\x00\x00\x00\x00\x06\x00\x00\x00\
*Please select a\
t least one task\
 to export.\x07\x00\x00\x00\x0b\
EditTaskTab\x01\x03\x00\x00\x00\
\x04\x93\x04\x88\xfd\x08\x00\x00\x00\x00\x06\x00\x00\x00\x06R\
ecord\x07\x00\x00\x00\x0bEditTa\
skTab\x01\x03\x00\x00\x00$\x93\x04\x88\xfd\x5c\
\x07\x89\x86\x84\xcbv\xeeRMv\x84\x81sg,\x90\
\x8f\x8f/0\x02f/T&~|~\x8c\xff\x1f\x08\
\x00\x00\x00\x00\x06\x00\x00\x008Record \
will override th\
e current script\
 logic. Continue\
?\x07\x00\x00\x00\x0bEditTaskTa\
b\x01\x03\x00\x00\x00@W(\x89\x96z\x97\x00 \x00\
'\x00{\x00h\x00w\x00n\x00d\x00_\x00n\x00\
a\x00m\x00e\x00}\x00'\x00 \x86Ue\xbcm\
;R\xd5r\xc0aKfB\xff\x0c\x5c\x07\x95\x8bY\
\xcb\x93\x04\x88\xfd0\x02\x08\x00\x00\x00\x00\x06\x00\x00\x00\
>Recording will \
start when windo\
w '{hwnd_name}' \
becomes active.\x07\
\x00\x00\x00\x0bEditTaskTab\x01\
\x03\x00\x00\x00\x04W\xf7\x88L\x08\x00\x00\x00\x00\x06\x00\
\x00\x00\x03Run\x07\x00\x00\x00\x0bEditT\
askTab\x01\x03\x00\x00\x00\x04Q2[X\
\x08\x00\x00\x00\x00\x06\x00\x00\x00\x04Save\x07\x00\
\x00\x00\x0bEditTaskTab\x01\x03\
\x00\x00\x00\x08Q2[X\x8b\x8af\xf4\x08\x00\x00\x00\
\x00\x06\x00\x00\x00\x0cSave Chang\
es\x07\x00\x00\x00\x0bEditTaskT\
ab\x01\x03\x00\x00\x00\x0a\x81sg,T\x0dz1\
\xff\x1a\x08\x00\x00\x00\x00\x06\x00\x00\x00\x0cScri\
pt Name:\x07\x00\x00\x00\x0bEdi\
tTaskTab\x01\x03\x00\x00\x00\x1c\x81s\
g,]\xf2b\x10R\x9fS/Q\xfaR0N\x0b\
\x8f\x09\x8c\xc7e\x99Y>0\x02\x08\x00\x00\x00\x00\x06\
\x00\x00\x001Script expor\
ted successfully\
 to Downloads fo\
lder.\x07\x00\x00\x00\x0bEditTa\
skTab\x01\x03\x00\x00\x00\x12\x81sg,T\
\x0dz1p\xba_\xc5Xk\x98\x050\x02\x08\x00\x00\
\x00\x00\x06\x00\x00\x00\x18Script na\
me is required.\x07\
\x00\x00\x00\x0bEditTaskTab\x01\
\x03\x00\x00\x00\x0ed\x1c\x5c\x0b{\xc4g,\x00.\x00\
.\x00.\x08\x00\x00\x00\x00\x06\x00\x00\x00\x13Sea\
rch templates...\
\x07\x00\x00\x00\x0bEditTaskTab\
\x01\x03\x00\x00\x00\x0c\x90xd\xc7\x81sg,j\x94\
hH\x08\x00\x00\x00\x00\x06\x00\x00\x00\x12Sele\
ct Script File\x07\x00\
\x00\x00\x0bEditTaskTab\x01\x03\
\x00\x00\x00\x12\x90xd\xc7\x89\x81S/Q\xfav\x84\
N\xfbR\xd9\xff\x1a\x08\x00\x00\x00\x00\x06\x00\x00\x00\x17\
Select tasks to \
export:\x07\x00\x00\x00\x0bEdit\
TaskTab\x01\x03\x00\x00\x00\x04P\x5ck\
b\x08\x00\x00\x00\x00\x06\x00\x00\x00\x04Stop\x07\
\x00\x00\x00\x0bEditTaskTab\x01\
\x03\x00\x00\x00\x04b\x10R\x9f\x08\x00\x00\x00\x00\x06\x00\
\x00\x00\x07Success\x07\x00\x00\x00\x0bE\
ditTaskTab\x01\x03\x00\x00\x00\x12\
N\xfbR\xd9T\x0dz1N\x0d\x80\xfdp\xbazz\
0\x02\x08\x00\x00\x00\x00\x06\x00\x00\x00\x16Task\
 Name is require\
d.\x07\x00\x00\x00\x0bEditTaskT\
ab\x01\x03\x00\x00\x00\x0eN\xfbR\xd9\x89\x07\x88\xfd\
b\x10R\x9f0\x02\x08\x00\x00\x00\x00\x06\x00\x00\x00\x19\
Task copied succ\
essfully.\x07\x00\x00\x00\x0bEd\
itTaskTab\x01\x03\x00\x00\x00\x0eN\
\xfbR\xd9^\xfaz\xcbb\x10R\x9f0\x02\x08\x00\x00\
\x00\x00\x06\x00\x00\x00\x1aTask crea\
ted successfully\
.\x07\x00\x00\x00\x0bEditTaskTa\
b\x01\x03\x00\x00\x00\x0eN\xfbR\xd9R*\x96db\
\x10R\x9f0\x02\x08\x00\x00\x00\x00\x06\x00\x00\x00\x1aT\
ask deleted succ\
essfully.\x07\x00\x00\x00\x0bEd\
itTaskTab\x01\x03\x00\x00\x00\x10N\
\xfbR\xd9j\x94hH]\xf2[XW(0\x02\x08\
\x00\x00\x00\x00\x06\x00\x00\x00\x19Task fi\
le already exist\
s.\x07\x00\x00\x00\x0bEditTaskT\
ab\x01\x03\x00\x00\x00\x0eN\xfbR\xd9\x91\xcd^\xfa\
b\x10R\x9f0\x02\x08\x00\x00\x00\x00\x06\x00\x00\x00\x1a\
Task rebuilt suc\
cessfully.\x07\x00\x00\x00\x0bE\
ditTaskTab\x01\x03\x00\x00\x00\x08\
j!g\x7fS9\x91M\x08\x00\x00\x00\x00\x06\x00\x00\
\x00\x11Template Match\
ing\x07\x00\x00\x00\x0bEditTask\
Tab\x01\x03\x00\x00\x00&v\xeeRMv\x84N\
\xfbR\xd9g\x09g*Q2[Xv\x84\x8b\x8af\
\xf40\x02f/T&\x89\x81Q2[X\xff\x1f\x08\
\x00\x00\x00\x00\x06\x00\x00\x00?The cur\
rent task has un\
saved changes. D\
o you want to sa\
ve them?\x07\x00\x00\x00\x0bEdi\
tTaskTab\x01\x03\x00\x00\x00*j\x94\
hH]\xf2\x88\xabY\x16\x90\xe8O\xeee90\x02\
f/T&\x89\x81\x89\x86\x84\xcbg*Q2[X\
v\x84\x8b\x8af\xf4\xff\x1f\x08\x00\x00\x00\x00\x06\x00\x00\
\x00PThe file was m\
odified external\
ly. Do you want \
to overwrite you\
r unsaved change\
s?\x07\x00\x00\x00\x0bEditTaskT\
ab\x01\x03\x00\x00\x00\x06rHg,\xff\x1a\x08\x00\
\x00\x00\x00\x06\x00\x00\x00\x08Version:\
\x07\x00\x00\x00\x0bEditTaskTab\
\x01\x03\x00\x00\x00\x04\x8bfTJ\x08\x00\x00\x00\x00\x06\
\x00\x00\x00\x07Warning\x07\x00\x00\x00\x0b\
EditTaskTab\x01\x03\x00\x00\x00\
\x04\x89\x96z\x97\x08\x00\x00\x00\x00\x06\x00\x00\x00\x06W\
indow\x07\x00\x00\x00\x0bEditTa\
skTab\x01\x03\x00\x00\x00\x12\x00A\x00D\x00\
B\x00 \x00S\x00h\x00e\x00l\x00l\x08\x00\x00\
\x00\x00\x06\x00\x00\x00\x09adb_shell\
\x07\x00\x00\x00\x0bEditTaskTab\
\x01\x03\x00\x00\x00\x12\x00A\x00D\x00B\x00 \x00U\
\x00I\x00 [\xfcQ\xfa\x08\x00\x00\x00\x00\x06\x00\x00\
\x00\x0badb_ui_dump\x07\x00\x00\
\x00\x0bEditTaskTab\x01\x03\x00\
\x00\x00\x0cm\xfbR\xa0e\x87g,O\xeekc\x08\
\x00\x00\x00\x00\x06\x00\x00\x00\x0cadd_tex\
t_fix\x07\x00\x00\x00\x0bEditTa\
skTab\x01\x03\x00\x00\x00\x04\x8f\xd4V\xde\x08\
\x00\x00\x00\x00\x06\x00\x00\x00\x04back\x07\x00\x00\
\x00\x0bEditTaskTab\x01\x03\x00\
\x00\x00\x06w\xe9_bhF\x08\x00\x00\x00\x00\x06\x00\
\x00\x00\x03box\x07\x00\x00\x00\x0bEditT\
askTab\x01\x03\x00\x00\x00\x0al4^s\
\x5cEN-hF\x08\x00\x00\x00\x00\x06\x00\x00\x00\x18\
box_in_horizonta\
l_center\x07\x00\x00\x00\x0bEdi\
tTaskTab\x01\x03\x00\x00\x00\x06\x5cO\
^UhF\x08\x00\x00\x00\x00\x06\x00\x00\x00\x0dbo\
x_of_screen\x07\x00\x00\x00\x0b\
EditTaskTab\x01\x03\x00\x00\x00\
\x0e\x7f)e>T\x0ev\x84\x5cO^UhF\x08\
\x00\x00\x00\x00\x06\x00\x00\x00\x14box_of_\
screen_scaled\x07\x00\x00\
\x00\x0bEditTaskTab\x01\x03\x00\
\x00\x00\x0e\x8b\xa1{\x97\x98\x9c\x82rv~R\x06k\
\xd4\x08\x00\x00\x00\x00\x06\x00\x00\x00\x1acalcu\
late_color_perce\
ntage\x07\x00\x00\x00\x0bEditTa\
skTab\x01\x03\x00\x00\x00\x06n\x05\x96dh\
F\x08\x00\x00\x00\x00\x06\x00\x00\x00\x09clear\
_box\x07\x00\x00\x00\x0bEditTas\
kTab\x01\x03\x00\x00\x00\x04p\xb9Q\xfb\x08\x00\
\x00\x00\x00\x06\x00\x00\x00\x05click\x07\x00\x00\
\x00\x0bEditTaskTab\x01\x03\x00\
\x00\x00\x06p\xb9Q\xfbhF\x08\x00\x00\x00\x00\x06\x00\
\x00\x00\x09click_box\x07\x00\x00\x00\
\x0bEditTaskTab\x01\x03\x00\x00\
\x00\x14Y\x82g\x9cT\x0dy\xf0S9\x91MR\x19\
p\xb9Q\xfbhF\x08\x00\x00\x00\x00\x06\x00\x00\x00\x17\
click_box_if_nam\
e_match\x07\x00\x00\x00\x0bEdit\
TaskTab\x01\x03\x00\x00\x00\x08v\xf8[\
\xf9p\xb9Q\xfb\x08\x00\x00\x00\x00\x06\x00\x00\x00\x0ec\
lick_relative\x07\x00\x00\
\x00\x0bEditTaskTab\x01\x03\x00\
\x00\x00\x06Rj\x8d4g\x7f\x08\x00\x00\x00\x00\x06\x00\
\x00\x00\x09clipboard\x07\x00\x00\x00\
\x0bEditTaskTab\x01\x03\x00\x00\
\x00\x0cR\x1b^\xfa_\xebcwe\xb9_\x0f\x08\x00\
\x00\x00\x00\x06\x00\x00\x00\x0fcreate_s\
hortcut\x07\x00\x00\x00\x0bEdit\
TaskTab\x01\x03\x00\x00\x00\x08y\x81u\
(N\xfbR\xa1\x08\x00\x00\x00\x00\x06\x00\x00\x00\x07d\
isable\x07\x00\x00\x00\x0bEditT\
askTab\x01\x03\x00\x00\x00\x06~\xd8R6\
hF\x08\x00\x00\x00\x00\x06\x00\x00\x00\x0adraw\
_boxes\x07\x00\x00\x00\x0bEditT\
askTab\x01\x03\x00\x00\x00\x08T/u(\
N\xfbR\xa1\x08\x00\x00\x00\x00\x06\x00\x00\x00\x06en\
able\x07\x00\x00\x00\x0bEditTas\
kTab\x01\x03\x00\x00\x00\x0axnO\xddW(\
g\x00RM\x08\x00\x00\x00\x00\x06\x00\x00\x00\x0fen\
sure_in_front\x07\x00\x00\
\x00\x0bEditTaskTab\x01\x03\x00\
\x00\x00\x0cry_\x81f/T&[XW(\x08\
\x00\x00\x00\x00\x06\x00\x00\x00\x0efeature\
_exists\x07\x00\x00\x00\x0bEdit\
TaskTab\x01\x03\x00\x00\x00\x04g\xe5b\
~\x08\x00\x00\x00\x00\x06\x00\x00\x00\x04find\x07\
\x00\x00\x00\x0bEditTaskTab\x01\
\x03\x00\x00\x00\x12W(hFQ\x85g\xe5b~g\
\x00OsS9\x91M\x08\x00\x00\x00\x00\x06\x00\x00\x00\
\x16find_best_match\
_in_box\x07\x00\x00\x00\x0bEdit\
TaskTab\x01\x03\x00\x00\x00\x0ag\xe5b\
~Y\x1aN*hF\x08\x00\x00\x00\x00\x06\x00\x00\x00\
\x0afind_boxes\x07\x00\x00\x00\x0b\
EditTaskTab\x01\x03\x00\x00\x00\
\x08g\xe5b~ry_\x81\x08\x00\x00\x00\x00\x06\x00\
\x00\x00\x0cfind_feature\x07\
\x00\x00\x00\x0bEditTaskTab\x01\
\x03\x00\x00\x00\x0eg\xe5b~ry_\x81^v\x8b\
\xbe\x7fn\x08\x00\x00\x00\x00\x06\x00\x00\x00\x14fin\
d_feature_and_se\
t\x07\x00\x00\x00\x0bEditTaskTa\
b\x01\x03\x00\x00\x00\x12W(hFQ\x85g\xe5b\
~\x99\x96N*S9\x91M\x08\x00\x00\x00\x00\x06\x00\
\x00\x00\x17find_first_ma\
tch_in_box\x07\x00\x00\x00\x0bE\
ditTaskTab\x01\x03\x00\x00\x00\x08\
g\xe5b~N\x00N*\x08\x00\x00\x00\x00\x06\x00\x00\
\x00\x08find_one\x07\x00\x00\x00\x0bE\
ditTaskTab\x01\x03\x00\x00\x00\x0c\
c\x09T\x0dy\xf0\x83\xb7S\xd6hF\x08\x00\x00\x00\
\x00\x06\x00\x00\x00\x0fget_box_by\
_name\x07\x00\x00\x00\x0bEditTa\
skTab\x01\x03\x00\x00\x00\x0ec\x09T\x0dy\
\xf0\x83\xb7S\xd6ry_\x81\x08\x00\x00\x00\x00\x06\x00\
\x00\x00\x13get_feature_b\
y_name\x07\x00\x00\x00\x0bEditT\
askTab\x01\x03\x00\x00\x00\x08\x83\xb7S\xd6\
r\xb6`\x01\x08\x00\x00\x00\x00\x06\x00\x00\x00\x0age\
t_status\x07\x00\x00\x00\x0bEdi\
tTaskTab\x01\x03\x00\x00\x00\x10\x90\x1a\
\x8f\xc7|{T\x0d\x83\xb7S\xd6N\xfbR\xa1\x08\x00\
\x00\x00\x00\x06\x00\x00\x00\x11get_task\
_by_class\x07\x00\x00\x00\x0bEd\
itTaskTab\x01\x03\x00\x00\x00\x0a\x8f\
lR0h\x07{~\x98u\x08\x00\x00\x00\x00\x06\x00\
\x00\x00\x09go_to_tab\x07\x00\x00\x00\
\x0bEditTaskTab\x01\x03\x00\x00\
\x00\x08\x5cO^U\x9a\xd8^\xa6\x08\x00\x00\x00\x00\x06\
\x00\x00\x00\x10height_of_sc\
reen\x07\x00\x00\x00\x0bEditTas\
kTab\x01\x03\x00\x00\x00\x08O\xe1`oX\x9e\
R\xa0\x08\x00\x00\x00\x00\x06\x00\x00\x00\x08info\
_add\x07\x00\x00\x00\x0bEditTas\
kTab\x01\x03\x00\x00\x00\x0eO\xe1`om\xfb\
R\xa0R0R\x17\x88h\x08\x00\x00\x00\x00\x06\x00\x00\
\x00\x10info_add_to_li\
st\x07\x00\x00\x00\x0bEditTaskT\
ab\x01\x03\x00\x00\x00\x08O\xe1`on\x05\x96d\
\x08\x00\x00\x00\x00\x06\x00\x00\x00\x0ainfo_c\
lear\x07\x00\x00\x00\x0bEditTas\
kTab\x01\x03\x00\x00\x00\x08O\xe1`o\x83\xb7\
S\xd6\x08\x00\x00\x00\x00\x06\x00\x00\x00\x08info\
_get\x07\x00\x00\x00\x0bEditTas\
kTab\x01\x03\x00\x00\x00\x08O\xe1`o\x90\x12\
X\x9e\x08\x00\x00\x00\x00\x06\x00\x00\x00\x09info\
_incr\x07\x00\x00\x00\x0bEditTa\
skTab\x01\x03\x00\x00\x00\x08O\xe1`o\x8b\
\xbe\x7fn\x08\x00\x00\x00\x00\x06\x00\x00\x00\x08inf\
o_set\x07\x00\x00\x00\x0bEditTa\
skTab\x01\x03\x00\x00\x00\x08\x8f\x93Qee\
\x87g,\x08\x00\x00\x00\x00\x06\x00\x00\x00\x0ainp\
ut_text\x07\x00\x00\x00\x0bEdit\
TaskTab\x01\x03\x00\x00\x00\x0cf/T\
&N:\x00A\x00D\x00B\x08\x00\x00\x00\x00\x06\x00\
\x00\x00\x06is_adb\x07\x00\x00\x00\x0bEd\
itTaskTab\x01\x03\x00\x00\x00\x0cf\
/T&N:mO\x89\xc8Vh\x08\x00\x00\x00\x00\
\x06\x00\x00\x00\x0ais_browser\x07\
\x00\x00\x00\x0bEditTaskTab\x01\
\x03\x00\x00\x00\x08\x8b\xb0_U\x8c\x03\x8b\xd5\x08\x00\x00\
\x00\x00\x06\x00\x00\x00\x09log_debug\
\x07\x00\x00\x00\x0bEditTaskTab\
\x01\x03\x00\x00\x00\x08\x8b\xb0_U\x95\x19\x8b\xef\x08\x00\
\x00\x00\x00\x06\x00\x00\x00\x09log_erro\
r\x07\x00\x00\x00\x0bEditTaskTa\
b\x01\x03\x00\x00\x00\x08\x8b\xb0_UO\xe1`o\x08\
\x00\x00\x00\x00\x06\x00\x00\x00\x08log_inf\
o\x07\x00\x00\x00\x0bEditTaskTa\
b\x01\x03\x00\x00\x00\x08\x8b\xb0_U\x8bfTJ\x08\
\x00\x00\x00\x00\x06\x00\x00\x00\x0blog_war\
ning\x07\x00\x00\x00\x0bEditTas\
kTab\x01\x03\x00\x00\x00\x08N-\x95.p\xb9\
Q\xfb\x08\x00\x00\x00\x00\x06\x00\x00\x00\x0cmidd\
le_click\x07\x00\x00\x00\x0bEdi\
tTaskTab\x01\x03\x00\x00\x00\x0cv\xf8\
[\xf9N-\x95.p\xb9Q\xfb\x08\x00\x00\x00\x00\x06\
\x00\x00\x00\x15middle_click\
_relative\x07\x00\x00\x00\x0bEd\
itTaskTab\x01\x03\x00\x00\x00\x08\x9f\
 h\x07c\x09N\x0b\x08\x00\x00\x00\x00\x06\x00\x00\x00\
\x0amouse_down\x07\x00\x00\x00\x0b\
EditTaskTab\x01\x03\x00\x00\x00\
\x08\x9f h\x07g~_\x00\x08\x00\x00\x00\x00\x06\x00\
\x00\x00\x08mouse_up\x07\x00\x00\x00\x0b\
EditTaskTab\x01\x03\x00\x00\x00\
\x08y\xfbR\xa8\x9f h\x07\x08\x00\x00\x00\x00\x06\x00\
\x00\x00\x04move\x07\x00\x00\x00\x0bEdit\
TaskTab\x01\x03\x00\x00\x00\x0cv\xf8[\
\xf9y\xfbR\xa8\x9f h\x07\x08\x00\x00\x00\x00\x06\x00\
\x00\x00\x0dmove_relative\
\x07\x00\x00\x00\x0bEditTaskTab\
\x01\x03\x00\x00\x00\x06N\x0bN\x00^'\x08\x00\x00\x00\
\x00\x06\x00\x00\x00\x0anext_frame\
\x07\x00\x00\x00\x0bEditTaskTab\
\x01\x03\x00\x00\x00\x04\x90\x1aw\xe5\x08\x00\x00\x00\x00\x06\
\x00\x00\x00\x0cnotification\
\x07\x00\x00\x00\x0bEditTaskTab\
\x01\x03\x00\x00\x00\x0e\x00O\x00C\x00Re\x87[W\
\x8b\xc6R+\x08\x00\x00\x00\x00\x06\x00\x00\x00\x03oc\
r\x07\x00\x00\x00\x0bEditTaskTa\
b\x01\x03\x00\x00\x00\x08\x8d\x85Q\xfak\xd4O\x8b\x08\
\x00\x00\x00\x00\x06\x00\x00\x00\x0cout_of_\
ratio\x07\x00\x00\x00\x0bEditTa\
skTab\x01\x03\x00\x00\x00\x04f\x82P\x5c\x08\
\x00\x00\x00\x00\x06\x00\x00\x00\x05pause\x07\x00\
\x00\x00\x0bEditTaskTab\x01\x03\
\x00\x00\x00\x08S\xf3\x95.p\xb9Q\xfb\x08\x00\x00\x00\
\x00\x06\x00\x00\x00\x0bright_clic\
k\x07\x00\x00\x00\x0bEditTaskTa\
b\x01\x03\x00\x00\x00\x04b*V\xfe\x08\x00\x00\x00\x00\
\x06\x00\x00\x00\x0ascreenshot\x07\
\x00\x00\x00\x0bEditTaskTab\x01\
\x03\x00\x00\x00\x04n\xdaR\xa8\x08\x00\x00\x00\x00\x06\x00\
\x00\x00\x06scroll\x07\x00\x00\x00\x0bEd\
itTaskTab\x01\x03\x00\x00\x00\x08v\
\xf8[\xf9n\xdaR\xa8\x08\x00\x00\x00\x00\x06\x00\x00\x00\
\x0fscroll_relative\
\x07\x00\x00\x00\x0bEditTaskTab\
\x01\x03\x00\x00\x00\x08S\xd1\x90\x01c\x09\x95.\x08\x00\
\x00\x00\x00\x06\x00\x00\x00\x08send_key\
\x07\x00\x00\x00\x0bEditTaskTab\
\x01\x03\x00\x00\x00\x08c\x09N\x0bc\x09\x95.\x08\x00\
\x00\x00\x00\x06\x00\x00\x00\x0dsend_key\
_down\x07\x00\x00\x00\x0bEditTa\
skTab\x01\x03\x00\x00\x00\x08g~_\x00c\
\x09\x95.\x08\x00\x00\x00\x00\x06\x00\x00\x00\x0bsen\
d_key_up\x07\x00\x00\x00\x0bEdi\
tTaskTab\x01\x03\x00\x00\x00\x04O\x11\
w \x08\x00\x00\x00\x00\x06\x00\x00\x00\x05slee\
p\x07\x00\x00\x00\x0bEditTaskTa\
b\x01\x03\x00\x00\x00\x08O\x11w h\xc0g\xe5\x08\
\x00\x00\x00\x00\x06\x00\x00\x00\x0bsleep_c\
heck\x07\x00\x00\x00\x0bEditTas\
kTab\x01\x03\x00\x00\x00\x08T/R\xa8\x8b\xbe\
Y\x07\x08\x00\x00\x00\x00\x06\x00\x00\x00\x0cstar\
t_device\x07\x00\x00\x00\x0bEdi\
tTaskTab\x01\x03\x00\x00\x00\x04n\xd1\
R\xa8\x08\x00\x00\x00\x00\x06\x00\x00\x00\x05swip\
e\x07\x00\x00\x00\x0bEditTaskTa\
b\x01\x03\x00\x00\x00\x08v\xf8[\xf9n\xd1R\xa8\x08\
\x00\x00\x00\x00\x06\x00\x00\x00\x0eswipe_r\
elative\x07\x00\x00\x00\x0bEdit\
TaskTab\x01\x03\x00\x00\x00\x04\x7f\xfb\x8b\
\xd1\x08\x00\x00\x00\x00\x06\x00\x00\x00\x02tr\x07\x00\x00\
\x00\x0bEditTaskTab\x01\x03\x00\
\x00\x00\x04\x89\xe6S\xd1\x08\x00\x00\x00\x00\x06\x00\x00\x00\
\x07trigger\x07\x00\x00\x00\x0bEdi\
tTaskTab\x01\x03\x00\x00\x00\x04`b\
Y\x0d\x08\x00\x00\x00\x00\x06\x00\x00\x00\x07unpa\
use\x07\x00\x00\x00\x0bEditTask\
Tab\x01\x03\x00\x00\x00\x0c{I_\x85^vp\
\xb9Q\xfbhF\x08\x00\x00\x00\x00\x06\x00\x00\x00\x0ew\
ait_click_box\x07\x00\x00\
\x00\x0bEditTaskTab\x01\x03\x00\
\x00\x00\x0e{I_\x85^vp\xb9Q\xfbry_\
\x81\x08\x00\x00\x00\x00\x06\x00\x00\x00\x12wait_\
click_feature\x07\x00\x00\
\x00\x0bEditTaskTab\x01\x03\x00\
\x00\x00\x14{I_\x85^vp\xb9Q\xfb\x00O\x00\
C\x00Re\x87[W\x08\x00\x00\x00\x00\x06\x00\x00\x00\
\x0ewait_click_ocr\x07\
\x00\x00\x00\x0bEditTaskTab\x01\
\x03\x00\x00\x00\x08{I_\x85ry_\x81\x08\x00\x00\
\x00\x00\x06\x00\x00\x00\x0cwait_feat\
ure\x07\x00\x00\x00\x0bEditTask\
Tab\x01\x03\x00\x00\x00\x0e{I_\x85\x00O\x00\
C\x00Re\x87[W\x08\x00\x00\x00\x00\x06\x00\x00\x00\
\x08wait_ocr\x07\x00\x00\x00\x0bEd\
itTaskTab\x01\x03\x00\x00\x00\x08{\
I_\x85v\xf4R0\x08\x00\x00\x00\x00\x06\x00\x00\x00\
\x0await_until\x07\x00\x00\x00\x0b\
EditTaskTab\x01\x03\x00\x00\x00\
\x08\x5cO^U[\xbd^\xa6\x08\x00\x00\x00\x00\x06\x00\
\x00\x00\x0fwidth_of_scre\
en\x07\x00\x00\x00\x0bEditTaskT\
ab\x01\x03\x00\x00\x00\x08\x91\xcd\x8a-\x8a-[\x9a\
\x08\x00\x00\x00\x00\x06\x00\x00\x00\x0cReset \
Config\x07\x00\x00\x00\x10Globa\
lConfigCard\x01\x03\x00\x00\x00\
\x08\x91\xcd\x8a-\x8a-[\x9a\x08\x00\x00\x00\x00\x06\x00\
\x00\x00\x0cReset Config\x07\
\x00\x00\x00\x0fGlobalConfig\
Tab\x01\x03\x00\x00\x00\x04S\xd6m\x88\x08\x00\x00\
\x00\x00\x06\x00\x00\x00\x06Cancel\x07\x00\x00\
\x00\x0bHwndChooser\x01\x03\x00\
\x00\x00\x08\x90xS\xd6\x89\x96z\x97\x08\x00\x00\x00\x00\
\x06\x00\x00\x00\x0dChoose Wind\
ow\x07\x00\x00\x00\x0bHwndChoos\
er\x01\x03\x00\x00\x00\x04x\xba\x8a\x8d\x08\x00\x00\x00\
\x00\x06\x00\x00\x00\x07Confirm\x07\x00\x00\
\x00\x0bHwndChooser\x01\x03\x00\
\x00\x00\x0c\x00{\x00}\x00 ]\xf2\x90xS\xd6\x08\
\x00\x00\x00\x00\x06\x00\x00\x00\x0b{} Sele\
cted\x07\x00\x00\x00\x0bHwndCho\
oser\x01\x03\x00\x00\x00\x04S\xd6m\x88\x08\x00\
\x00\x00\x00\x06\x00\x00\x00\x06Cancel\x07\x00\
\x00\x00\x13ImportWarning\
Dialog\x01\x03\x00\x00\x00\x04x\xba\x8a\x8d\
\x08\x00\x00\x00\x00\x06\x00\x00\x00\x07Confir\
m\x07\x00\x00\x00\x13ImportWarn\
ingDialog\x01\x03\x00\x00\x00\x1cb\
\x11N\x86\x89\xe3\x98\xa8\x96\xaaN&^\x0cg\x1b\x5c\
\x0eQekd\x81sg,0\x02\x08\x00\x00\x00\x00\
\x06\x00\x00\x006I understan\
d the risks and \
want to import t\
his script.\x07\x00\x00\x00\x13\
ImportWarningDia\
log\x01\x03\x00\x00\x00x\x8a\xcbx\xbaO\xdd`\
\xa8O\xe1N\xfb\x81sg,v|^\x03\x80\x05\xff\
\x0cg*}\x93\x9aW\x8bIv\x84\x81sg,S\
\xef\x80\xfdg\x03\xff\x08OFN\x0d\x96Pe\xbc\xff\
\x09z\xcaS\xd6`\xa8v\x84^3b6\x00/e\
xd\xda\x00/\x91\xd1\x93\x22\xff\x0cx4X\xde`\
\xa8v\x84exd\xda\xff\x0cb\x16d\x0dX\xde\x00\
/c\xa7R6`\xa8v\x84\x8a\x08{\x97j_0\
\x02\x08\x00\x00\x00\x00\x06\x00\x00\x00\xabMake \
sure that you tr\
ust the script p\
ublisher, unveri\
fied script can \
and not limited \
to steal your ac\
count/ data mone\
y, destroy your \
data, harm/ cont\
rolling your com\
puter.\x07\x00\x00\x00\x13Impor\
tWarningDialog\x01\x03\
\x00\x00\x00\x04\x8bfTJ\x08\x00\x00\x00\x00\x06\x00\x00\
\x00\x07Warning\x07\x00\x00\x00\x13Im\
portWarningDialo\
g\x01\x03\x00\x00\x00\x10b@g\x09j\x94hH\x00\
 \x00(\x00*\x00)\x08\x00\x00\x00\x00\x06\x00\x00\x00\
\x0dAll Files (*)\x07\x00\
\x00\x00\x14LabelAndFileS\
elector\x01\x03\x00\x00\x00\x04p\x0f\x89\
\xbd\x08\x00\x00\x00\x00\x06\x00\x00\x00\x06Brows\
e\x07\x00\x00\x00\x14LabelAndFi\
leSelector\x01\x03\x00\x00\x00\x08\
\x90xd\xc7j\x94hH\x08\x00\x00\x00\x00\x06\x00\x00\
\x00\x0bSelect File\x07\x00\x00\
\x00\x14LabelAndFileSe\
lector\x01\x03\x00\x00\x00\x10\x90xd\xc7\
j\x94hHb\x16\x8c\xc7e\x99Y>\x08\x00\x00\x00\
\x00\x06\x00\x00\x00\x15Select Fil\
e or Folder\x07\x00\x00\x00\x14\
LabelAndFileSele\
ctor\x01\x03\x00\x00\x00\x0a\x90xd\xc7\x8c\xc7\
e\x99Y>\x08\x00\x00\x00\x00\x06\x00\x00\x00\x0dSe\
lect Folder\x07\x00\x00\x00\x14\
LabelAndFileSele\
ctor\x01\x03\x00\x00\x00\x08RM_\x80\x8a-\
[\x9a\x08\x00\x00\x00\x00\x06\x00\x00\x00\x0cGo t\
o Config\x07\x00\x00\x00\x0eLab\
elAndGlobal\x01\x03\x00\x00\x00\
\x02T&\x08\x00\x00\x00\x00\x06\x00\x00\x00\x02No\x07\
\x00\x00\x00\x14LabelAndSwit\
chButton\x01\x03\x00\x00\x00\x02f/\
\x08\x00\x00\x00\x00\x06\x00\x00\x00\x03Yes\x07\x00\x00\
\x00\x14LabelAndSwitch\
Button\x01\x03\x00\x00\x00\x0e\x00D\x00i\
\x00s\x00c\x00o\x00r\x00d\x08\x00\x00\x00\x00\x06\
\x00\x00\x00\x07Discord\x07\x00\x00\x00\x08\
LinksBar\x01\x03\x00\x00\x00\x08^8\
\x89\x8bUO\x98L\x08\x00\x00\x00\x00\x06\x00\x00\x00\x03\
FAQ\x07\x00\x00\x00\x08LinksBar\
\x01\x03\x00\x00\x00\x0c\x00G\x00i\x00t\x00H\x00u\
\x00b\x08\x00\x00\x00\x00\x06\x00\x00\x00\x06GitH\
ub\x07\x00\x00\x00\x08LinksBar\x01\
\x03\x00\x00\x00\x0cR\x06N\xabN\x0b\x8f\x09\x90#}\
P\x08\x00\x00\x00\x00\x06\x00\x00\x00\x05Share\
\x07\x00\x00\x00\x08LinksBar\x01\x03\x00\
\x00\x00\x16R\x06N\xab\x90#}P]\xf2\x89\x07\x88\
\xfdR0Rj\x8c\xbc|?\x08\x00\x00\x00\x00\x06\x00\
\x00\x00\x1eShare Link co\
pied to clipboar\
d\x07\x00\x00\x00\x08LinksBar\x01\x03\
\x00\x00\x00\x04\x8d\x0aR\xa9\x08\x00\x00\x00\x00\x06\x00\x00\
\x00\x07Sponsor\x07\x00\x00\x00\x08Li\
nksBar\x01\x03\x00\x00\x00\x08Qh\x90\xe8\
}\x1aR%\x08\x00\x00\x00\x00\x06\x00\x00\x00\x0aAl\
l Levels\x07\x00\x00\x00\x09Log\
Window\x01\x03\x00\x00\x00\x04n\x05\x96d\
\x08\x00\x00\x00\x00\x06\x00\x00\x00\x05Clear\x07\
\x00\x00\x00\x09LogWindow\x01\x03\x00\
\x00\x00\x04\x95\xdc\x95\x89\x08\x00\x00\x00\x00\x06\x00\x00\x00\
\x05Close\x07\x00\x00\x00\x09LogWi\
ndow\x01\x03\x00\x00\x00\x04b\xd6f\xf3\x08\x00\
\x00\x00\x00\x06\x00\x00\x00\x04Drag\x07\x00\x00\x00\
\x09LogWindow\x01\x03\x00\x00\x00\x0e\
{\xe9\x90xe\xe5\x8a\x8c\x00.\x00.\x00.\x08\x00\
\x00\x00\x00\x06\x00\x00\x00\x0eFilter l\
ogs...\x07\x00\x00\x00\x09LogWi\
ndow\x01\x03\x00\x00\x00\x08\x95\x8bU_e\xe5\
\x8a\x8c\x08\x00\x00\x00\x00\x06\x00\x00\x00\x09Open\
 Logs\x07\x00\x00\x00\x09LogWin\
dow\x01\x03\x00\x00\x00\x04f\xabP\x5c\x08\x00\x00\
\x00\x00\x06\x00\x00\x00\x05Pause\x07\x00\x00\x00\
\x09LogWindow\x01\x03\x00\x00\x00\x04\
\x7fn\x98\x02\x08\x00\x00\x00\x00\x06\x00\x00\x00\x03Pi\
n\x07\x00\x00\x00\x09LogWindow\x01\
\x03\x00\x00\x00\x04~|~\x8c\x08\x00\x00\x00\x00\x06\x00\
\x00\x00\x06Resume\x07\x00\x00\x00\x09Lo\
gWindow\x01\x03\x00\x00\x00\x08S\xd6m\
\x88\x7fn\x98\x02\x08\x00\x00\x00\x00\x06\x00\x00\x00\x05U\
npin\x07\x00\x00\x00\x09LogWind\
ow\x01\x03\x00\x00\x00\x08g\xe5w\x0be\xe5\x8a\x8c\
\x08\x00\x00\x00\x00\x06\x00\x00\x00\x08View L\
og\x07\x00\x00\x00\x09LogWindow\
\x01\x03\x00\x00\x00 {I_\x85\x00 \x00o\x00k\
\x00-\x00s\x00c\x00r\x00i\x00p\x00t\x00.\
\x00l\x00o\x00g\x08\x00\x00\x00\x00\x06\x00\x00\x00\x19\
Waiting for ok-s\
cript.log\x07\x00\x00\x00\x09Lo\
gWindow\x01\x03\x00\x00\x00\x02{F\x08\
\x00\x00\x00\x00\x06\x00\x00\x00\x07records\
\x07\x00\x00\x00\x09LogWindow\x01\x03\
\x00\x00\x00\x04\x95\xdce\xbc\x08\x00\x00\x00\x00\x06\x00\x00\
\x00\x05About\x07\x00\x00\x00\x0aMain\
Window\x01\x03\x00\x00\x00\x08b*W\x16\
e\xb9_\x0f\x08\x00\x00\x00\x00\x06\x00\x00\x00\x07Ca\
pture\x07\x00\x00\x00\x0aMainWi\
ndow\x01\x03\x00\x00\x00\x08b*W\x16\x93/\
\x8a\xa4\x08\x00\x00\x00\x00\x06\x00\x00\x00\x0dCapt\
ure Error\x07\x00\x00\x00\x0aMa\
inWindow\x01\x03\x00\x00\x00\x08\x95\x8b\
v|]\xe5Qw\x08\x00\x00\x00\x00\x06\x00\x00\x00\x05\
Debug\x07\x00\x00\x00\x0aMainWi\
ndow\x01\x03\x00\x00\x00\x04\x93/\x8a\xa4\x08\x00\
\x00\x00\x00\x06\x00\x00\x00\x05Error\x07\x00\x00\
\x00\x0aMainWindow\x01\x03\x00\x00\
\x00\x04\x90\x00Q\xfa\x08\x00\x00\x00\x00\x06\x00\x00\x00\x04\
Exit\x07\x00\x00\x00\x0aMainWin\
dow\x01\x03\x00\x00\x00\x04c\xd0y:\x08\x00\x00\
\x00\x00\x06\x00\x00\x00\x04Info\x07\x00\x00\x00\x0a\
MainWindow\x01\x03\x00\x00\x00\x08\
]\xf2f\xabP\x5c0\x02\x08\x00\x00\x00\x00\x06\x00\x00\
\x00\x0ePause Success.\
\x07\x00\x00\x00\x0aMainWindow\x01\
\x03\x00\x00\x00\x1e\x8a\xcbj\xa2g\xe5\x90Jb2\x89\
\x96z\x97f/T&]\xf2kcx\xba\x90xS\
\xd6\xff\x01\x08\x00\x00\x00\x00\x06\x00\x00\x00;Ple\
ase check whethe\
r the game windo\
w is selected co\
rrectly!\x07\x00\x00\x00\x0aMai\
nWindow\x01\x03\x00\x00\x00\x06kc_\
\x0frH\x08\x00\x00\x00\x00\x06\x00\x00\x00\x07Rel\
ease\x07\x00\x00\x00\x0aMainWin\
dow\x01\x03\x00\x00\x00\x0aW\xf7\x88Lz\x0b_\
\x0fx\xbc\x08\x00\x00\x00\x00\x06\x00\x00\x00\x08Run\
 Code\x07\x00\x00\x00\x0aMainWi\
ndow\x01\x03\x00\x00\x00\x08\x8a\x08R\x83N\xfb\
R\xd9\x08\x00\x00\x00\x00\x06\x00\x00\x00\x08Sche\
dule\x07\x00\x00\x00\x0aMainWin\
dow\x01\x03\x00\x00\x00\x04\x81sg,\x08\x00\x00\
\x00\x00\x06\x00\x00\x00\x06Script\x07\x00\x00\
\x00\x0aMainWindow\x01\x03\x00\x00\
\x00\x04\x8a-[\x9a\x08\x00\x00\x00\x00\x06\x00\x00\x00\x08\
Settings\x07\x00\x00\x00\x0aMai\
nWindow\x01\x03\x00\x00\x00\x0aU_R\
\xd5b\x10R\x9f0\x02\x08\x00\x00\x00\x00\x06\x00\x00\x00\
\x0eStart Success.\x07\
\x00\x00\x00\x0aMainWindow\x01\x03\
\x00\x00\x00\x04N\xfbR\xd9\x08\x00\x00\x00\x00\x06\x00\x00\
\x00\x05Tasks\x07\x00\x00\x00\x0aMain\
Window\x01\x03\x00\x00\x00\x04j!g\x7f\
\x08\x00\x00\x00\x00\x06\x00\x00\x00\x09Templa\
tes\x07\x00\x00\x00\x0aMainWind\
ow\x01\x03\x00\x00\x008\x90\x19f/N\x00k>\
QM\x8c\xbb\x8e\xdf\x9a\xd4\xff\x0cY\x82g\x9c`\xa8\
f/N\xd8\x8c\xbb\x8c\xfc\x8c\xb7v\x84\xff\x0c\x8a\xcb\
T\x11\x8c\xe3[\xb6u3\x8a\xcb\x90\x00k>\xff\x01\
\x08\x00\x00\x00\x00\x06\x00\x00\x00ZThis i\
s a free softwar\
e. If you purcha\
sed this anywher\
e, request a ref\
und from the sel\
ler.\x07\x00\x00\x00\x0aMainWin\
dow\x01\x03\x00\x00\x00\x06\x89\xf8v|Vh\x08\
\x00\x00\x00\x00\x06\x00\x00\x00\x08Trigger\
s\x07\x00\x00\x00\x0aMainWindow\
\x01\x03\x00\x00\x00\x08rHg,f\xf4e\xb0\x08\x00\
\x00\x00\x00\x06\x00\x00\x00\x06Update\x07\x00\
\x00\x00\x0aMainWindow\x01\x03\x00\
\x00\x00\x04U_u(\x08\x00\x00\x00\x00\x06\x00\x00\x00\
\x06\xe6\xbf\x80\xe6\xb4\xbb\x07\x00\x00\x00\x0aMain\
Window\x01\x03\x00\x00\x00\x0a\x89\xf8v|\
Vhr\xc0aK\x08\x00\x00\x00\x00\x06\x00\x00\x00\x0f\
\xe8\xa7\xa6\xe5\x8f\x91\xe5\x99\xa8\xe7\x8a\xb6\xe6\x80\x81\x07\
\x00\x00\x00\x0aMainWindow\x01\x03\
\x00\x00\x00\x0cR*\x96d\x00 \x00(\x00D\x00)\
\x08\x00\x00\x00\x00\x06\x00\x00\x00\x0aDelete\
 (D)\x07\x00\x00\x00\x0cMarkUpW\
indow\x01\x03\x00\x00\x00\x0c~j\x88\xfd\x00\
 \x00(\x00R\x00)\x08\x00\x00\x00\x00\x06\x00\x00\x00\
\x08Draw (R)\x07\x00\x00\x00\x0cMa\
rkUpWindow\x01\x03\x00\x00\x00\x0a\
j\x19l\xe8}\xe8\x8f/Vh\x08\x00\x00\x00\x00\x06\
\x00\x00\x00\x0dMarkup Edito\
r\x07\x00\x00\x00\x0cMarkUpWind\
ow\x01\x03\x00\x00\x00\x0eO\xeee9\x00 \x00(\
\x96\xd9d\xca\x00)\x08\x00\x00\x00\x00\x06\x00\x00\x00\x15\
Modify (Double C\
lick)\x07\x00\x00\x00\x0cMarkUp\
Window\x01\x03\x00\x00\x00\x10S\xf3\x93u\
\x9e\xded\xca\x89\x07\x88\xfd\x98O\x82r\x08\x00\x00\x00\
\x00\x06\x00\x00\x00\x19Right clic\
k to copy color\x07\
\x00\x00\x00\x0cMarkUpWindow\
\x01\x03\x00\x00\x00\x04x\xba\x8a\x8d\x08\x00\x00\x00\x00\x06\
\x00\x00\x00\x07Confirm\x07\x00\x00\x00\x0d\
MessageWindow\x01\x03\x00\
\x00\x00\x04e\xb0X\x9e\x08\x00\x00\x00\x00\x06\x00\x00\x00\
\x03Add\x07\x00\x00\x00\x10ModifyL\
istDialog\x01\x03\x00\x00\x00\x08S\
\xefu(\x90x\x98\x05\x08\x00\x00\x00\x00\x06\x00\x00\x00\
\x11Available Optio\
ns\x07\x00\x00\x00\x10ModifyLis\
tDialog\x01\x03\x00\x00\x00\x04S\xd6m\
\x88\x08\x00\x00\x00\x00\x06\x00\x00\x00\x06Cance\
l\x07\x00\x00\x00\x10ModifyList\
Dialog\x01\x03\x00\x00\x00\x10\x9e\xded\xca\
\x90x\x98\x05N\xe5e\xb0X\x9e0\x02\x08\x00\x00\x00\
\x00\x06\x00\x00\x00\x1aClick an o\
ption to add it.\
\x07\x00\x00\x00\x10ModifyListD\
ialog\x01\x03\x00\x00\x00\x04x\xba\x8a\x8d\x08\
\x00\x00\x00\x00\x06\x00\x00\x00\x07Confirm\
\x07\x00\x00\x00\x10ModifyListD\
ialog\x01\x03\x00\x00\x00\x04O\xeee9\x08\
\x00\x00\x00\x00\x06\x00\x00\x00\x06Modify\x07\
\x00\x00\x00\x10ModifyListDi\
alog\x01\x03\x00\x00\x00\x04N\x0by\xfb\x08\x00\
\x00\x00\x00\x06\x00\x00\x00\x09Move Dow\
n\x07\x00\x00\x00\x10ModifyList\
Dialog\x01\x03\x00\x00\x00\x04N\x0ay\xfb\
\x08\x00\x00\x00\x00\x06\x00\x00\x00\x07Move U\
p\x07\x00\x00\x00\x10ModifyList\
Dialog\x01\x03\x00\x00\x00\x04y\xfb\x96d\
\x08\x00\x00\x00\x00\x06\x00\x00\x00\x06Remove\
\x07\x00\x00\x00\x10ModifyListD\
ialog\x01\x03\x00\x00\x00\x0ed\x1c\x5c\x0b\x90\
x\x98\x05\x00.\x00.\x00.\x08\x00\x00\x00\x00\x06\x00\
\x00\x00\x11Search option\
s...\x07\x00\x00\x00\x10ModifyL\
istDialog\x01\x03\x00\x00\x00\x08]\
\xf2\x90x\x90x\x98\x05\x08\x00\x00\x00\x00\x06\x00\x00\x00\
\x10Selected Option\
s\x07\x00\x00\x00\x10ModifyList\
Dialog\x01\x03\x00\x00\x00\x04O\xeee9\
\x08\x00\x00\x00\x00\x06\x00\x00\x00\x06Modify\
\x07\x00\x00\x00\x0eModifyListI\
tem\x01\x03\x00\x00\x00\x12\x00(\x000\x00 \x00\
=\x00 ]\xf2y\x81u(\x00)\x08\x00\x00\x00\x00\
\x06\x00\x00\x00\x0e(0 = disabl\
ed)\x07\x00\x00\x00\x18ModifySc\
heduleTaskDialog\
\x01\x03\x00\x00\x00\x08\x002\x004\x5c\x0ffB\x08\x00\
\x00\x00\x00\x06\x00\x00\x00\x0324h\x07\x00\x00\x00\x18\
ModifyScheduleTa\
skDialog\x01\x03\x00\x00\x00\x1cN\xfb\
R\xd9[\x8cb\x10_\x8c\x81\xeaR\xd5\x90\x00Q\xfa\
\x00 \x00(\x00-\x00e\x00)\x08\x00\x00\x00\x00\x06\
\x00\x00\x00\x1eAuto exit af\
ter task done (-\
e)\x07\x00\x00\x00\x18ModifySch\
eduleTaskDialog\x01\
\x03\x00\x00\x00\x04S\xd6m\x88\x08\x00\x00\x00\x00\x06\x00\
\x00\x00\x06Cancel\x07\x00\x00\x00\x18Mo\
difyScheduleTask\
Dialog\x01\x03\x00\x00\x00\x06\x81\xea[\x9a\
\x7f\xa9\x08\x00\x00\x00\x00\x06\x00\x00\x00\x06Cust\
om\x07\x00\x00\x00\x18ModifySch\
eduleTaskDialog\x01\
\x03\x00\x00\x00\x0a\x81\xea[\x9a\x7f\xa9\x95\x93\x96\x94\x08\
\x00\x00\x00\x00\x06\x00\x00\x00\x0fCustom \
Interval\x07\x00\x00\x00\x18Mod\
ifyScheduleTaskD\
ialog\x01\x03\x00\x00\x00\x04k\xcfY)\x08\
\x00\x00\x00\x00\x06\x00\x00\x00\x05Daily\x07\x00\
\x00\x00\x18ModifySchedul\
eTaskDialog\x01\x03\x00\x00\x00\
\x02Y)\x08\x00\x00\x00\x00\x06\x00\x00\x00\x04Day\
s\x07\x00\x00\x00\x18ModifySche\
duleTaskDialog\x01\x03\
\x00\x00\x00\x04\x5c\x0ffB\x08\x00\x00\x00\x00\x06\x00\x00\
\x00\x04Hour\x07\x00\x00\x00\x18Modif\
yScheduleTaskDia\
log\x01\x03\x00\x00\x00\x04\x5c\x0ffB\x08\x00\x00\
\x00\x00\x06\x00\x00\x00\x05Hours\x07\x00\x00\x00\
\x18ModifyScheduleT\
askDialog\x01\x03\x00\x00\x00\x04R\
\x06\x94\x18\x08\x00\x00\x00\x00\x06\x00\x00\x00\x06Min\
ute\x07\x00\x00\x00\x18ModifySc\
heduleTaskDialog\
\x01\x03\x00\x00\x00\x04O\xeee9\x08\x00\x00\x00\x00\x06\
\x00\x00\x00\x06Modify\x07\x00\x00\x00\x18M\
odifyScheduleTas\
kDialog\x01\x03\x00\x00\x00\x0cO\xeee\
9\x8a\x08R\x83N\xfbR\xd9\x08\x00\x00\x00\x00\x06\x00\
\x00\x00\x14Modify Schedu\
le Task\x07\x00\x00\x00\x18Modi\
fyScheduleTaskDi\
alog\x01\x03\x00\x00\x00\x04k\xcfg\x08\x08\x00\
\x00\x00\x00\x06\x00\x00\x00\x07Monthly\x07\
\x00\x00\x00\x18ModifySchedu\
leTaskDialog\x01\x03\x00\x00\
\x00\x04N\x00k!\x08\x00\x00\x00\x00\x06\x00\x00\x00\x04\
Once\x07\x00\x00\x00\x18ModifyS\
cheduleTaskDialo\
g\x01\x03\x00\x00\x00\x08\x95\x8bY\xcbfB\x95\x93\x08\
\x00\x00\x00\x00\x06\x00\x00\x00\x0aStart T\
ime\x07\x00\x00\x00\x18ModifySc\
heduleTaskDialog\
\x01\x03\x00\x00\x00\x08U_R\xd5\x90x\x98\x05\x08\x00\
\x00\x00\x00\x06\x00\x00\x00\x0fStartup \
Options\x07\x00\x00\x00\x18Modi\
fyScheduleTaskDi\
alog\x01\x03\x00\x00\x00\x12N\xfbR\xd9}\x22\
_\x15\x00 \x00(\x00-\x00t\x00)\x08\x00\x00\x00\
\x00\x06\x00\x00\x00\x0fTask Index\
 (-t)\x07\x00\x00\x00\x18Modify\
ScheduleTaskDial\
og\x01\x03\x00\x00\x00\x08N\xfbR\xd9T\x0dz1\
\x08\x00\x00\x00\x00\x06\x00\x00\x00\x09Task N\
ame\x07\x00\x00\x00\x18ModifySc\
heduleTaskDialog\
\x01\x03\x00\x00\x00\x04\x8d\x85fB\x08\x00\x00\x00\x00\x06\
\x00\x00\x00\x07Timeout\x07\x00\x00\x00\x18\
ModifyScheduleTa\
skDialog\x01\x03\x00\x00\x00\x08\x89\xf8\
v|\x98^W\x8b\x08\x00\x00\x00\x00\x06\x00\x00\x00\x0c\
Trigger Type\x07\x00\x00\x00\
\x18ModifyScheduleT\
askDialog\x01\x03\x00\x00\x00\x04k\
\xcfTh\x08\x00\x00\x00\x00\x06\x00\x00\x00\x06Wee\
kly\x07\x00\x00\x00\x18ModifySc\
heduleTaskDialog\
\x01\x03\x00\x00\x00\x18\x5c\x0ffB\x00 \x00(\x000\
\x00 \x00=\x00 q!\x96PR6\x00)\x08\x00\
\x00\x00\x00\x06\x00\x00\x00\x15hours (0\
 = unlimited)\x07\x00\x00\
\x00\x18ModifySchedule\
TaskDialog\x01\x03\x00\x00\x00\x08\
\x90xS\xd6\x89\x96z\x97\x08\x00\x00\x00\x00\x06\x00\x00\
\x00\x0dChoose Window\x07\
\x00\x00\x00\x0eOneTimeTaskT\
ab\x01\x03\x00\x00\x00\x06]\xf2[\x8cb\x10\x08\x00\
\x00\x00\x00\x06\x00\x00\x00\x09Complete\
d\x07\x00\x00\x00\x0eOneTimeTas\
kTab\x01\x03\x00\x00\x00\x04\x8c\xc7\x8a\x0a\x08\x00\
\x00\x00\x00\x06\x00\x00\x00\x04Info\x07\x00\x00\x00\
\x0eOneTimeTaskTab\x01\
\x03\x00\x00\x00\x06W\xf7\x88LN-\x08\x00\x00\x00\x00\
\x06\x00\x00\x00\x07Running\x07\x00\x00\x00\
\x0eOneTimeTaskTab\x01\
\x03\x00\x00\x00\x02P<\x08\x00\x00\x00\x00\x06\x00\x00\x00\
\x05Value\x07\x00\x00\x00\x0eOneTi\
meTaskTab\x01\x03\x00\x00\x00N\x00\
{\x00x\x00}\x00,\x00 \x00{\x00y\x00}\x00\
,\x00 \x00{\x00x\x00r\x00:\x00.\x003\x00\
f\x00}\x00,\x00 \x00{\x00y\x00r\x00:\x00\
.\x003\x00f\x00}\x00 \x00(\x00A\x00l\x00\
t\x00+S\xf3\x93u\x89\x07\x88\xfd\x00)\x08\x00\x00\
\x00\x00\x06\x00\x00\x000{x}, {y},\
 {xr:.3f}, {yr:.\
3f} (alt+right t\
o copy)\x07\x00\x00\x00\x0dOver\
layWidget\x01\x03\x00\x00\x00\x04\x93\
/\x8a\xa4\x08\x00\x00\x00\x00\x06\x00\x00\x00\x03app\
\x07\x00\x00\x00\x10QCoreApplic\
ation\x01\x03\x00\x00\x00\x1e\x00N\x00o\x00\
 \x00i\x00m\x00a\x00g\x00e\x00 \x00l\x00\
o\x00a\x00d\x00e\x00d\x08\x00\x00\x00\x00\x06\x00\
\x00\x00\x0fNo image load\
ed\x07\x00\x00\x00\x17RegionSel\
ectImageWidget\x01\x03\
\x00\x00\x00\x1eW(kd\x8f8Qe\x00P\x00y\
\x00t\x00h\x00o\x00nN\xe3x\xbc\x00.\x00.\
\x00.\x08\x00\x00\x00\x00\x06\x00\x00\x00\x19Ente\
r Python code he\
re...\x07\x00\x00\x00\x0aRunCod\
eTab\x01\x03\x00\x00\x00\x18\x8f8Q\xfa}P\
g\x9c\x5c\x07W(kd\x98oy:\x00.\x00.\
\x00.\x08\x00\x00\x00\x00\x06\x00\x00\x00\x1cOutp\
ut will be shown\
 here...\x07\x00\x00\x00\x0aRun\
CodeTab\x01\x03\x00\x00\x00\x08W\xf7\x88\
LN\xe3x\xbc\x08\x00\x00\x00\x00\x06\x00\x00\x00\x08R\
un Code\x07\x00\x00\x00\x0aRunC\
odeTab\x01\x03\x00\x00\x00\x14W\xf7\x88L\
\x00P\x00y\x00t\x00h\x00o\x00nN\xe3x\xbc\
\x08\x00\x00\x00\x00\x06\x00\x00\x00\x0fRun Py\
thon Code\x07\x00\x00\x00\x0aRu\
nCodeTab\x01\x03\x00\x00\x00\x14O`\
x\xba[\x9a\x89\x81R*\x96dN\xfbR\xd9U\xce\
\xff\x1f\x08\x00\x00\x00\x00\x06\x00\x00\x00$Are \
you sure you wan\
t to delete task\
\x07\x00\x00\x00\x0fScheduleTas\
kTab\x01\x03\x00\x00\x00\x04S\xd6m\x88\x08\x00\
\x00\x00\x00\x06\x00\x00\x00\x06Cancel\x07\x00\
\x00\x00\x0fScheduleTaskT\
ab\x01\x03\x00\x00\x00\x08Ru^\xfaN\xfbR\xd9\
\x08\x00\x00\x00\x00\x06\x00\x00\x00\x0bCreate\
 Task\x07\x00\x00\x00\x0fSchedu\
leTaskTab\x01\x03\x00\x00\x00\x04R\
*\x96d\x08\x00\x00\x00\x00\x06\x00\x00\x00\x06Del\
ete\x07\x00\x00\x00\x0fSchedule\
TaskTab\x01\x03\x00\x00\x00\x08R*\x96\
dN\xfbR\xd9\x08\x00\x00\x00\x00\x06\x00\x00\x00\x0bD\
elete Task\x07\x00\x00\x00\x0fS\
cheduleTaskTab\x01\x03\
\x00\x00\x00\x04\x93/\x8a\xa4\x08\x00\x00\x00\x00\x06\x00\x00\
\x00\x05Error\x07\x00\x00\x00\x0fSche\
duleTaskTab\x01\x03\x00\x00\x00\
\x0cRu^\xfaN\xfbR\xd9Y1eW\x08\x00\x00\
\x00\x00\x06\x00\x00\x00\x15Failed to\
 create task\x07\x00\x00\x00\
\x0fScheduleTaskTab\
\x01\x03\x00\x00\x00\x0cR*\x96dN\xfbR\xd9Y1\
eW\x08\x00\x00\x00\x00\x06\x00\x00\x00\x15Fail\
ed to delete tas\
k\x07\x00\x00\x00\x0fScheduleTa\
skTab\x01\x03\x00\x00\x00\x0cR\xa0\x8f\x09N\
\xfbR\xd9Y1eW\x08\x00\x00\x00\x00\x06\x00\x00\x00\
\x14Failed to load \
tasks\x07\x00\x00\x00\x0fSchedu\
leTaskTab\x01\x03\x00\x00\x00\x0cO\
\xeee9N\xfbR\xd9Y1eW\x08\x00\x00\x00\x00\
\x06\x00\x00\x00\x15Failed to m\
odify task\x07\x00\x00\x00\x0fS\
cheduleTaskTab\x01\x03\
\x00\x00\x00\x1cO\xeee9N\xfbR\xd9Y1eW\
\xff\x1aq!l\xd5R*\x96d\x82\x0aN\xfbR\xd9\
\x08\x00\x00\x00\x00\x06\x00\x00\x00-Failed\
 to modify task:\
 cannot delete o\
ld task\x07\x00\x00\x00\x0fSche\
duleTaskTab\x01\x03\x00\x00\x00\
\x12bS\x95\x8bO\xeee9\x5c\x0d\x8aqhFY\
1eW\x08\x00\x00\x00\x00\x06\x00\x00\x00\x1cFai\
led to open modi\
fy dialog\x07\x00\x00\x00\x0fSc\
heduleTaskTab\x01\x03\x00\
\x00\x00\x10R\x07c\xdbN\xfbR\xd9r\xc0aKY\
1eW\x08\x00\x00\x00\x00\x06\x00\x00\x00\x15Fai\
led to toggle ta\
sk\x07\x00\x00\x00\x0fScheduleT\
askTab\x01\x03\x00\x00\x00\x04R7e\xb0\
\x08\x00\x00\x00\x00\x06\x00\x00\x00\x07Refres\
h\x07\x00\x00\x00\x0fScheduleTa\
skTab\x01\x03\x00\x00\x00\x08R7e\xb0Y\
1eW\x08\x00\x00\x00\x00\x06\x00\x00\x00\x0eRef\
resh failed\x07\x00\x00\x00\x0f\
ScheduleTaskTab\x01\
\x03\x00\x00\x00\x08\x8a\x08R\x83N\xfbR\xd9\x08\x00\x00\
\x00\x00\x06\x00\x00\x00\x0eSchedule \
Tasks\x07\x00\x00\x00\x0fSchedu\
leTaskTab\x01\x03\x00\x00\x00\x04b\
\x10R\x9f\x08\x00\x00\x00\x00\x06\x00\x00\x00\x07Suc\
cess\x07\x00\x00\x00\x0fSchedul\
eTaskTab\x01\x03\x00\x00\x00\x0cN\xfb\
R\xd9Ru^\xfab\x10R\x9f\x08\x00\x00\x00\x00\x06\
\x00\x00\x00\x19Task created\
 successfully\x07\x00\x00\
\x00\x0fScheduleTaskTa\
b\x01\x03\x00\x00\x00\x0cN\xfbR\xd9R*\x96db\
\x10R\x9f\x08\x00\x00\x00\x00\x06\x00\x00\x00\x19Tas\
k deleted succes\
sfully\x07\x00\x00\x00\x0fSched\
uleTaskTab\x01\x03\x00\x00\x00\x0a\
N\xfbR\xd9]\xf2y\x81u(\x08\x00\x00\x00\x00\x06\
\x00\x00\x00\x0dTask disable\
d\x07\x00\x00\x00\x0fScheduleTa\
skTab\x01\x03\x00\x00\x00\x0aN\xfbR\xd9]\
\xf2U_u(\x08\x00\x00\x00\x00\x06\x00\x00\x00\x0cT\
ask enabled\x07\x00\x00\x00\x0f\
ScheduleTaskTab\x01\
\x03\x00\x00\x00\x0cN\xfbR\xd9O\xeee9b\x10R\
\x9f\x08\x00\x00\x00\x00\x06\x00\x00\x00\x1aTask \
modified success\
fully\x07\x00\x00\x00\x0fSchedu\
leTaskTab\x01\x03\x00\x00\x00\x10}\
\xe9[XN-g*b~R0N\xfbR\xd9\x08\
\x00\x00\x00\x00\x06\x00\x00\x00\x17Task no\
t found in cache\
\x07\x00\x00\x00\x0fScheduleTas\
kTab\x01\x03\x00\x00\x00\x0aN\xfbR\xd9]\xf2\
R7e\xb0\x08\x00\x00\x00\x00\x06\x00\x00\x00\x0fTa\
sks refreshed\x07\x00\x00\
\x00\x0fScheduleTaskTa\
b\x01\x03\x00\x00\x00\x04d\xcdO\x5c\x08\x00\x00\x00\x00\
\x06\x00\x00\x00\x07Actions\x07\x00\x00\x00\
\x11ScheduleTaskTab\
le\x01\x03\x00\x00\x00\x06\x81\xea[\x9a\x7f\xa9\x08\x00\
\x00\x00\x00\x06\x00\x00\x00\x06Custom\x07\x00\
\x00\x00\x11ScheduleTaskT\
able\x01\x03\x00\x00\x00\x04k\xcfY)\x08\x00\
\x00\x00\x00\x06\x00\x00\x00\x05Daily\x07\x00\x00\
\x00\x11ScheduleTaskTa\
ble\x01\x03\x00\x00\x00\x04R*\x96d\x08\x00\x00\
\x00\x00\x06\x00\x00\x00\x06Delete\x07\x00\x00\
\x00\x11ScheduleTaskTa\
ble\x01\x03\x00\x00\x00\x06]\xf2y\x81u(\x08\
\x00\x00\x00\x00\x06\x00\x00\x00\x08Disable\
d\x07\x00\x00\x00\x11ScheduleTa\
skTable\x01\x03\x00\x00\x00\x06]\xf2U\
_u(\x08\x00\x00\x00\x00\x06\x00\x00\x00\x07Ena\
bled\x07\x00\x00\x00\x11Schedul\
eTaskTable\x01\x03\x00\x00\x00\x04\
O\xeee9\x08\x00\x00\x00\x00\x06\x00\x00\x00\x06Mo\
dify\x07\x00\x00\x00\x11Schedul\
eTaskTable\x01\x03\x00\x00\x00\x04\
k\xcfg\x08\x08\x00\x00\x00\x00\x06\x00\x00\x00\x07Mo\
nthly\x07\x00\x00\x00\x11Schedu\
leTaskTable\x01\x03\x00\x00\x00\
\x08N\x0bk!\x90K\x88L\x08\x00\x00\x00\x00\x06\x00\
\x00\x00\x08Next Run\x07\x00\x00\x00\x11\
ScheduleTaskTabl\
e\x01\x03\x00\x00\x00\x04N\x00k!\x08\x00\x00\x00\x00\
\x06\x00\x00\x00\x04Once\x07\x00\x00\x00\x11Sc\
heduleTaskTable\x01\
\x03\x00\x00\x00\x08n\x96P\x99\x5c1}\xd2\x08\x00\x00\
\x00\x00\x06\x00\x00\x00\x05Ready\x07\x00\x00\x00\
\x11ScheduleTaskTab\
le\x01\x03\x00\x00\x00\x06\x90K\x88LN-\x08\x00\
\x00\x00\x00\x06\x00\x00\x00\x07Running\x07\
\x00\x00\x00\x11ScheduleTask\
Table\x01\x03\x00\x00\x00\x04r\xc0aK\x08\
\x00\x00\x00\x00\x06\x00\x00\x00\x06Status\x07\
\x00\x00\x00\x11ScheduleTask\
Table\x01\x03\x00\x00\x00\x08N\xfbR\xd9T\
\x0dz1\x08\x00\x00\x00\x00\x06\x00\x00\x00\x09Tas\
k Name\x07\x00\x00\x00\x11Sched\
uleTaskTable\x01\x03\x00\x00\
\x00\x08\x89\xf8v|\x98^W\x8b\x08\x00\x00\x00\x00\x06\
\x00\x00\x00\x0cTrigger Type\
\x07\x00\x00\x00\x11ScheduleTas\
kTable\x01\x03\x00\x00\x00\x04g*w\xe5\
\x08\x00\x00\x00\x00\x06\x00\x00\x00\x07Unknow\
n\x07\x00\x00\x00\x11ScheduleTa\
skTable\x01\x03\x00\x00\x00\x04k\xcfT\
h\x08\x00\x00\x00\x00\x06\x00\x00\x00\x06Weekl\
y\x07\x00\x00\x00\x11ScheduleTa\
skTable\x01\x03\x00\x00\x004\x00A\x00\
D\x00B\x00 b*W\x16\x00 \x00(e/c\
\xf4\x80\xccfo0\x01v\xf8[\xb9`'\x9a\xd80\
\x01\x90\x1f^\xa6ab0\x01\x9a\xd8^\xf6\x90r\x00\
)\x08\x00\x00\x00\x00\x06\x00\x00\x00@ADB(S\
upports Backgrou\
nd, Slow, High C\
ompatibility, Hi\
gh Latency)\x07\x00\x00\x00\x15\
SelectCaptureLis\
tView\x01\x03\x00\x00\x00\x22\x00B\x00i\x00\
t\x00B\x00l\x00t\x00 \x00-\x00 g\x00_\
\xeb\xff\x0cQ|[\xb9`'g\x00]\xee\x08\x00\x00\
\x00\x00\x06\x00\x00\x00\x06BitBlt\x07\x00\x00\
\x00\x15SelectCaptureL\
istView\x01\x03\x00\x00\x006\x00B\x00\
i\x00t\x00B\x00l\x00t\x00_\x00R\x00e\x00\
n\x00d\x00e\x00r\x00F\x00u\x00l\x00l\x00\
 \x00-\x00 ab\xff\x0cQ|[\xb9`'g\
\x00Y}\x08\x00\x00\x00\x00\x06\x00\x00\x00\x11Bit\
Blt_RenderFull\x07\x00\
\x00\x00\x15SelectCapture\
ListView\x01\x03\x00\x00\x00\x0ap\x0f\
\x89\xbdVhb*W\x16\x08\x00\x00\x00\x00\x06\x00\x00\
\x00\x0fBrowser Captur\
e\x07\x00\x00\x00\x15SelectCapt\
ureListView\x01\x03\x00\x00\x00\
\x18\x00D\x00X\x00G\x00I\x00 \x00-\x00 g\
\x00ab\xff\x0cY\x07u(\x08\x00\x00\x00\x00\x06\x00\
\x00\x00\x04DXGI\x07\x00\x00\x00\x15Sele\
ctCaptureListVie\
w\x01\x03\x00\x00\x00(j!d\xecVh\x89\x96z\
\x97\x00 \x00(e/c\xf4\x80\xccfo0\x01\x90\
\x1f^\xa6_\xeb0\x01ON^\xf6\x90r\x00)\x08\
\x00\x00\x00\x00\x06\x00\x00\x007Emulato\
r Window(Support\
s Background, Fa\
st, Low Latency)\
\x07\x00\x00\x00\x15SelectCaptu\
reListView\x01\x03\x00\x00\x00\x08\
\x90Jb2\x89\x96z\x97\x08\x00\x00\x00\x00\x06\x00\x00\
\x00\x0bGame Window\x07\x00\x00\
\x00\x15SelectCaptureL\
istView\x01\x03\x00\x00\x008S\x9fu\
\x1f\x00 \x00(\x00M\x00u\x00M\x00u\x00P\x00\
l\x00a\x00y\x00e\x00r\x00 \x001\x002\x00\
 rHg,\x00 \x00>\x00=\x00 \x004\x00\
.\x000\x00)\x08\x00\x00\x00\x00\x06\x00\x00\x00!I\
pc (MuMuPlayer12\
 version >= 4.0)\
\x07\x00\x00\x00\x15SelectCaptu\
reListView\x01\x03\x00\x00\x00\x1e\
\x00W\x00G\x00C\x00 \x00-\x00 \x00>\x00=\
\x00W\x00i\x00n\x001\x000\xff\x0c_\xeb\x08\x00\
\x00\x00\x00\x06\x00\x00\x00\x03WGC\x07\x00\x00\x00\x15\
SelectCaptureLis\
tView\x01\x03\x00\x00\x00&\x00A\x00D\x00\
B\x00I\x00n\x00t\x00e\x00r\x00a\x00c\x00\
t\x00i\x00o\x00n\x00 \x00-\x00 T\x0eS\
\xf0\x08\x00\x00\x00\x00\x06\x00\x00\x00\x0eADBIn\
teraction\x07\x00\x00\x00\x19Se\
lectInteractionL\
istView\x01\x03\x00\x00\x00.\x00B\x00\
r\x00o\x00w\x00s\x00e\x00r\x00I\x00n\x00\
t\x00e\x00r\x00a\x00c\x00t\x00i\x00o\x00\
n\x00 \x00-\x00 T\x0eS\xf0\x08\x00\x00\x00\x00\
\x06\x00\x00\x00\x12BrowserInte\
raction\x07\x00\x00\x00\x19Sele\
ctInteractionLis\
tView\x01\x03\x00\x00\x004\x00G\x00e\x00\
n\x00s\x00h\x00i\x00n\x00 \x00-\x00 T\
\x0eS\xf0\xff\x0ce/c\x01\x90\xe8R\x06\x00 \x00\
U\x00n\x00i\x00t\x00y\x00 n8b\x0f\x08\
\x00\x00\x00\x00\x06\x00\x00\x00\x07Genshin\
\x07\x00\x00\x00\x19SelectInter\
actionListView\x01\x03\
\x00\x00\x00:\x00P\x00o\x00s\x00t\x00M\x00e\
\x00s\x00s\x00a\x00g\x00e\x00 \x00-\x00 \
T\x0eS\xf0\xff\x0cQ|[\xb9Y'Y\x1aep\
^\x94u(T\x8c\x5c\x11epn8b\x0f\x08\x00\
\x00\x00\x00\x06\x00\x00\x00\x0bPostMess\
age\x07\x00\x00\x00\x19SelectIn\
teractionListVie\
w\x01\x03\x00\x00\x00.\x00P\x00y\x00D\x00i\x00\
r\x00e\x00c\x00t\x00 \x00-\x00 RMS\
\xf0\xff\x0c\x00P\x00y\x00n\x00p\x00u\x00t\x00\
 Y\x07u(\x08\x00\x00\x00\x00\x06\x00\x00\x00\x08P\
yDirect\x07\x00\x00\x00\x19Sele\
ctInteractionLis\
tView\x01\x03\x00\x00\x00\x22\x00P\x00y\x00\
n\x00p\x00u\x00t\x00 \x00-\x00 RMS\
\xf0\xff\x0cQ|[\xb9`'g\x00Y}\x08\x00\x00\
\x00\x00\x06\x00\x00\x00\x06Pynput\x07\x00\x00\
\x00\x19SelectInteract\
ionListView\x01\x03\x00\x00\x00\
\x04\x95\xdce\xbc\x08\x00\x00\x00\x00\x06\x00\x00\x00\x05A\
bout\x07\x00\x00\x00\x0aSetting\
Tab\x01\x03\x00\x00\x00\x08\x8e\xdf\x9a\xd4\x8a-[\
\x9a\x08\x00\x00\x00\x00\x06\x00\x00\x00\x0aApp C\
onfig\x07\x00\x00\x00\x0aSettin\
gTab\x01\x03\x00\x00\x00\x08\x8e\xdf\x9a\xd4\x8a-\
[\x9a\x08\x00\x00\x00\x00\x06\x00\x00\x00\x0cApp \
Settings\x07\x00\x00\x00\x0aSet\
tingTab\x01\x03\x00\x00\x00\x0ca\xc9u\
(z\x0b_\x0fN;\x98L\x08\x00\x00\x00\x00\x06\x00\
\x00\x00\x11Application T\
heme\x07\x00\x00\x00\x0aSetting\
Tab\x01\x03\x00\x00\x00\x12\x8b\x8af\xf4a\xc9u\
(z\x0b_\x0fv\x84Y\x16\x89\xc0\x08\x00\x00\x00\x00\
\x06\x00\x00\x00(Change the \
appearance of th\
e application\x07\x00\x00\
\x00\x0aSettingTab\x01\x03\x00\x00\
\x00\x08j\xa2g\xe5f\xf4e\xb0\x08\x00\x00\x00\x00\x06\
\x00\x00\x00\x0cCheck update\
\x07\x00\x00\x00\x0aSettingTab\x01\
\x03\x00\x00\x00\x12\x8a-[\x9a\x5c\x07W(\x91\xcdU\
__\x8cu\x1feH\x08\x00\x00\x00\x00\x06\x00\x00\x00\
(Configuration t\
akes effect afte\
r restart\x07\x00\x00\x00\x0aSe\
ttingTab\x01\x03\x00\x00\x00\x04m\xf1\
\x82r\x08\x00\x00\x00\x00\x06\x00\x00\x00\x04Dark\
\x07\x00\x00\x00\x0aSettingTab\x01\
\x03\x00\x00\x00Hc\xa2}\x22e\xb0R\x9f\x80\xfdN\
&[x\x7f\xd2g\x09\x95\xdc\x00 \x00P\x00y\x00\
Q\x00t\x00-\x00F\x00l\x00u\x00e\x00n\x00\
t\x00-\x00W\x00i\x00d\x00g\x00e\x00t\x00\
s\x00 v\x84[\xe6u(b\x80]\xe7\x08\x00\x00\
\x00\x00\x06\x00\x00\x00EDiscover \
new features and\
 learn useful ti\
ps about PyQt-Fl\
uent-Widgets\x07\x00\x00\x00\
\x0aSettingTab\x01\x03\x00\x00\x00\
\x04\x8a\xaaf\x0e\x08\x00\x00\x00\x00\x06\x00\x00\x00\x04H\
elp\x07\x00\x00\x00\x0aSettingT\
ab\x01\x03\x00\x00\x00\x04\x8a\x9e\x8a\x00\x08\x00\x00\x00\
\x00\x06\x00\x00\x00\x08Language\x07\x00\
\x00\x00\x0aSettingTab\x01\x03\x00\
\x00\x00\x04m\xfa\x82r\x08\x00\x00\x00\x00\x06\x00\x00\x00\
\x05Light\x07\x00\x00\x00\x0aSetti\
ngTab\x01\x03\x00\x00\x00\x0c\x95\x8bU_\x8a\
\xaaf\x0e\x98\x01\x97b\x08\x00\x00\x00\x00\x06\x00\x00\x00\
\x0eOpen help page\x07\
\x00\x00\x00\x0aSettingTab\x01\x03\
\x00\x00\x00\x0c\x90xd\xc7`\xa8v\x84\x8a\x9e\x8a\x00\
\x08\x00\x00\x00\x00\x06\x00\x00\x00\x1bSet yo\
ur preferred lan\
guage\x07\x00\x00\x00\x0aSettin\
gTab\x01\x03\x00\x00\x00\x16\x8a-[\x9a\x00 \
\x00U\x00I\x00 v\x84POY}\x8a\x9e\x8a\x00\
\x08\x00\x00\x00\x00\x06\x00\x00\x00\x22Set yo\
ur preferred lan\
guage for UI\x07\x00\x00\x00\
\x0aSettingTab\x01\x03\x00\x00\x00\
\x04\x8a-[\x9a\x08\x00\x00\x00\x00\x06\x00\x00\x00\x08S\
ettings\x07\x00\x00\x00\x0aSett\
ingTab\x01\x03\x00\x00\x00\x08f\xf4e\xb0\
b\x10R\x9f\x08\x00\x00\x00\x00\x06\x00\x00\x00\x14Up\
dated successful\
ly\x07\x00\x00\x00\x0aSettingTa\
b\x01\x03\x00\x00\x00\x0cO\x7fu(|\xfb}q\x8a\
-[\x9a\x08\x00\x00\x00\x00\x06\x00\x00\x00\x12Use\
 system setting\x07\
\x00\x00\x00\x0aSettingTab\x01\x03\
\x00\x00\x00\x04rHg,\x08\x00\x00\x00\x00\x06\x00\x00\
\x00\x07Version\x07\x00\x00\x00\x0aSe\
ttingTab\x01\x03\x00\x00\x00\x08Qh\
\x90\xe8f\xabP\x5c\x08\x00\x00\x00\x00\x06\x00\x00\x00\x09\
Pause All\x07\x00\x00\x00\x0bSt\
artButton\x01\x03\x00\x00\x00\x08Q\
h\x90\xe8\x95\x8bY\xcb\x08\x00\x00\x00\x00\x06\x00\x00\x00\
\x09Start All\x07\x00\x00\x00\x0bS\
tartButton\x01\x03\x00\x00\x00\x04\
b*W\x16\x08\x00\x00\x00\x00\x06\x00\x00\x00\x07Ca\
pture\x07\x00\x00\x00\x09StartC\
ard\x01\x03\x00\x00\x00\x14\x00E\x00x\x00p\x00\
e\x00d\x00i\x00t\x00i\x00o\x00n\x08\x00\x00\
\x00\x00\x06\x00\x00\x00\x0aExpeditio\
n\x07\x00\x00\x00\x09StartCard\x01\
\x03\x00\x00\x00\x08S/Q\xfae\xe5\x8a\x8c\x08\x00\x00\
\x00\x00\x06\x00\x00\x00\x0bExport Lo\
gs\x07\x00\x00\x00\x09StartCard\
\x01\x03\x00\x00\x00\x0e\x90Jb2\x89\x96z\x97]\xf2\
\x96\xe2}\xda\x08\x00\x00\x00\x00\x06\x00\x00\x00\x18Ga\
me Window Discon\
nected\x07\x00\x00\x00\x09Start\
Card\x01\x03\x00\x00\x00\x08[\x89\x88\xddv\xee\
\x93\x04\x08\x00\x00\x00\x00\x06\x00\x00\x00\x0eInst\
all Folder\x07\x00\x00\x00\x09S\
tartCard\x01\x03\x00\x00\x00\x04f\xab\
P\x5c\x08\x00\x00\x00\x00\x06\x00\x00\x00\x05Paus\
e\x07\x00\x00\x00\x09StartCard\x01\
\x03\x00\x00\x00&]\xf2f\xabP\x5c\xff\x1a\x00P\x00\
C\x00 rH\x90Jb2\x89\x96z\x97_\xc5\x98\
\x08W(g\x00RM\x5cd\xff\x01\x08\x00\x00\x00\x00\
\x06\x00\x00\x00(Paused: PC \
Game Window Must\
 Be in Front!\x07\x00\x00\
\x00\x09StartCard\x01\x03\x00\x00\x00\
\x08\x91\xcde\xb0ett\x06\x08\x00\x00\x00\x00\x06\x00\
\x00\x00\x07Refresh\x07\x00\x00\x00\x09S\
tartCard\x01\x03\x00\x00\x00\x06W\xf7\
\x88LN-\x08\x00\x00\x00\x00\x06\x00\x00\x00\x07Ru\
nning\x07\x00\x00\x00\x09StartC\
ard\x01\x03\x00\x00\x00\x0e\x00S\x00t\x00a\x00\
m\x00i\x00n\x00a\x08\x00\x00\x00\x00\x06\x00\x00\x00\
\x07Stamina\x07\x00\x00\x00\x09Sta\
rtCard\x01\x03\x00\x00\x00\x04\x95\x8bY\xcb\
\x08\x00\x00\x00\x00\x06\x00\x00\x00\x05Start\x07\
\x00\x00\x00\x09StartCard\x01\x03\x00\
\x00\x00\x08U_R\xd5\x90Jb2\x08\x00\x00\x00\x00\
\x06\x00\x00\x00\x0aStart Game\x07\
\x00\x00\x00\x09StartCard\x01\x03\x00\
\x00\x00\x0ekcW(U_R\xd5\x00.\x00.\x00\
.\x08\x00\x00\x00\x00\x06\x00\x00\x00\x0bStart\
ing...\x07\x00\x00\x00\x09Start\
Card\x01\x03\x00\x00\x00\x10\x00T\x00r\x00a\
\x00i\x00n\x00i\x00n\x00g\x08\x00\x00\x00\x00\x06\
\x00\x00\x00\x08Training\x07\x00\x00\x00\
\x09StartCard\x01\x03\x00\x00\x00\x0c\
SsfB\x89\xf8v|N\xfbR\xd9\x08\x00\x00\x00\
\x00\x06\x00\x00\x00\x0dTrigger Ta\
sks\x07\x00\x00\x00\x09StartCar\
d\x01\x03\x00\x00\x00\x12\x9e\xded\xca\x90xS\xd6N\
\xfbR\xd9N\xe5\x95\x8bY\xcb\x08\x00\x00\x00\x00\x06\x00\
\x00\x00\x1eWaiting for t\
ask to be enable\
d\x07\x00\x00\x00\x09StartCard\x01\
\x03\x00\x00\x000\xff\x0c\x8a\xcbx\xba\x8a\x8d\x90Jb\
2\x89\x96z\x97f/T&\x88\xab~.e>0\
\x01\x96\xb1\x85\xcfb\x16\x8d\x85Q\xfa\x87\xa2^U{\
\xc4W\x0d0\x02\x08\x00\x00\x00\x00\x06\x00\x00\x00?,\
 check if game w\
indows is minimi\
zed, resized or \
out of screen.\x07\x00\
\x00\x00\x0fStartControll\
er\x01\x03\x00\x00\x00*\xff\x0ce/c\xf4v\x84\
g\x00ON\x89\xe3g\x90^\xa6p\xba\x00 \x00{\
\x00m\x00i\x00n\x00_\x00s\x00i\x00z\x00e\
\x00}\x08\x00\x00\x00\x00\x06\x00\x00\x00,, th\
e supported min \
resolution is {m\
in_size}\x07\x00\x00\x00\x0fSta\
rtController\x01\x03\x00\x00\
\x006\xff\x0ce/c\xf4v\x84\x89\x96z\x97k\xd4\
O\x8bp\xba\x00 \x00{\x00s\x00u\x00p\x00p\
\x00o\x00r\x00t\x00e\x00d\x00_\x00r\x00a\
\x00t\x00i\x00o\x00}\x08\x00\x00\x00\x00\x06\x00\x00\
\x00*, the supporte\
d ratio is {supp\
orted_ratio}\x07\x00\x00\x00\
\x0fStartController\
\x01\x03\x00\x00\x00,\x98oy:\x8a-[\x9aN-\
v\x84\x81\xeaR\xd5\x00 \x00H\x00D\x00R\x00 \
]\xf2\x95\x8bU_\xff\x0c\x8a\xcbQH\x95\xdc\x95\x89\
0\x02\x08\x00\x00\x00\x00\x06\x00\x00\x00.Auto\
 HDR is enabled,\
 please turn it \
off first.\x07\x00\x00\x00\x0fS\
tartController\x01\x03\
\x00\x00\x008\x98oy:\x8a-[\x9aN-v\x84\
\x81\xeaR\xd5\x00 \x00H\x00D\x00R\x00 ]\xf2\
\x95\x8bU_\xff\x0cS\xef\x80\xfd\x5c\x0e\x81\xf4N\xfb\
R\xd9W\xf7\x88Lup^8\xff\x01\x08\x00\x00\x00\
\x00\x06\x00\x00\x004Auto HDR i\
s enabled, tasks\
 might not work \
correctly!\x07\x00\x00\x00\x0fS\
tartController\x01\x03\
\x00\x00\x00 q!l\xd5U_R\xd5\x90Jb2\
\xff\x0c\x8a\xcbx\xba\x8a\x8d\x90Jb2]\xf2[\x89\
\x88\xdd\xff\x01\x08\x00\x00\x00\x00\x06\x00\x00\x001Ca\
n't start game, \
make sure the ga\
me is installed\x07\
\x00\x00\x00\x0fStartControl\
ler\x01\x03\x00\x00\x00\x18b*W\x16Y1e\
W\xff\x0c\x8a\xcbj\xa2g\xe5\x90Jb2\x89\x96z\
\x97\x08\x00\x00\x00\x00\x06\x00\x00\x00(Captu\
re failed, pleas\
e check game win\
dow\x07\x00\x00\x00\x0fStartCon\
troller\x01\x03\x00\x00\x00\x18j!d\
\xecVhg*\x90#}\xda\xff\x0c\x8a\xcbQHU\
_R\xd5\xff\x01\x08\x00\x00\x00\x00\x06\x00\x00\x004E\
mulator is not c\
onnected, start \
the emulator fir\
st!\x07\x00\x00\x00\x0fStartCon\
troller\x01\x03\x00\x00\x00\x10\x00G\x00\
P\x00U\x00 \x9aER\xd5\x8bfTJ\x08\x00\x00\
\x00\x00\x06\x00\x00\x00\x12GPU Drive\
r Warning\x07\x00\x00\x00\x0fSt\
artController\x01\x03\x00\
\x00\x00\x1cq!l\xd5U_R\xd5\x90Jb2\xff\
\x0c\x8a\xcbbKR\xd5\x95\x8bU_\x90Jb2\x08\
\x00\x00\x00\x00\x06\x00\x00\x004Game pa\
th does not exis\
t, Please open g\
ame manually!\x07\x00\x00\
\x00\x0fStartControlle\
r\x01\x03\x00\x00\x00*N\x0de/c\xf4v\xeeR\
M\x89\xe3g\x90^\xa6\x00 \x00{\x00r\x00e\x00\
s\x00o\x00l\x00u\x00t\x00i\x00o\x00n\x00\
}\x08\x00\x00\x00\x00\x06\x00\x00\x00-Game \
resolution {reso\
lution} is not s\
upported\x07\x00\x00\x00\x0fSta\
rtController\x01\x03\x00\x00\
\x00T{\xc4g,W\x16rG\x8f\x09QeY1\
eW\xff\x0c\x8a\xcb\x91\xcde\xb0[\x89\x88\xdd0\x02\
\x00(\x8a\xcbR\xffe>\x7fne\xbc0\x0cN\x0b\
\x8f\x090\x0d{IS\xef\x80\xfdg\x03\x81\xeaR\xd5\
R*\x96dW\x16rGv\x84\x8c\xc7e\x99Y>\
Qg0\x02\x00)\x08\x00\x00\x00\x00\x06\x00\x00\x00\x5c\
Image resource l\
oad failed, plea\
se try install a\
gain.(Don't put \
the app in Downl\
oads folder)\x07\x00\x00\x00\
\x0fStartController\
\x01\x03\x00\x00\x00\x10g*\x90xS\xd6\x90Jb2\
\x89\x96z\x97\xff\x01\x08\x00\x00\x00\x00\x06\x00\x00\x00\x11\
No game selected\
!\x07\x00\x00\x00\x0fStartContr\
oller\x01\x03\x00\x00\x00:\x00P\x00C\x00\
 rH\x97\x00\x89\x81{\xa1t\x06T\xe1k\x0a\x96\
P\xff\x0c\x8a\xcbN\xe5{\xa1t\x06T\xe1k\x0a\x96\
P\x91\xcde\xb0U_R\xd5kda\xc9u(z\
\x0b_\x0f\xff\x01\x08\x00\x00\x00\x00\x06\x00\x00\x00TP\
C version requir\
es admin privile\
ges, Please rest\
art this app wit\
h admin privileg\
es!\x07\x00\x00\x00\x0fStartCon\
troller\x01\x03\x00\x00\x00F\x89\xe3g\
\x90^\xa6\x00 \x00{\x00r\x00e\x00s\x00o\x00\
l\x00u\x00t\x00i\x00o\x00n\x00}\x00 j\
\xa2g\xe5Y1eW\xff\x0c\x90\xe8R\x06N\xfbR\
\xd9S\xef\x80\xfdq!l\xd5kc^8\x90KO\
\x5c\xff\x01\x08\x00\x00\x00\x00\x06\x00\x00\x00JRes\
olution {resolut\
ion} check faile\
d, some tasks mi\
ght not work cor\
rectly!\x07\x00\x00\x00\x0fStar\
tController\x01\x03\x00\x00\x00\
(v\xeeRMv\x84\x90Jb2b\x16j!d\
\xecVhN\x0de/c\xf4b@\x90xv\x84b\
*W\x16e\xb9_\x0f\xff\x01\x08\x00\x00\x00\x00\x06\x00\
\x00\x00DSelected capt\
ure method is no\
t supported by t\
he game or your \
system!\x07\x00\x00\x00\x0fStar\
tController\x01\x03\x00\x00\x00\
 U_R\xd5\x90Jb2Y1eW\xff\x0c\x8a\
\xcbQHbKR\xd5U_R\xd5\x90Jb2\xff\
\x01\x08\x00\x00\x00\x00\x06\x00\x00\x00*Start\
 game failed, pl\
ease start game \
first\x07\x00\x00\x00\x0fStartC\
ontroller\x01\x03\x00\x00\x00\x0aU\
_R\xd5\x90>fB\xff\x01\x08\x00\x00\x00\x00\x06\x00\
\x00\x00\x13Start game ti\
meout!\x07\x00\x00\x00\x0fStart\
Controller\x01\x03\x00\x00\x008\
\x90Jb2\x89\x96z\x97]\xf2g\x00\x5c\x0fS\x16\
b\x16\x90\xe8R\x06\x8d\x85Q\xfa\x87\xa2^U{\xc4\
W\x0d\xff\x0c\x8a\xcbR\xffO\x7fu(shOT\
Qh\x87\xa2^U\xff\x01\x08\x00\x00\x00\x00\x06\x00\x00\
\x00KWindow is mini\
mized or out of \
screen, and do N\
OT use full-scre\
en exclusive!\x07\x00\x00\
\x00\x0fStartControlle\
r\x01\x03\x00\x00\x004\x89\x96z\x97]\xf2g\x00\x5c\
\x0fS\x16b\x16\x8d\x85Q\xfa\x87\xa2^U{\xc4W\
\x0d\xff\x0c\x8a\xcbR\xffO\x7fu(shOTQ\
h\x87\xa2^Uj!_\x0f\xff\x01\x08\x00\x00\x00\x00\
\x06\x00\x00\x00OWindow is m\
inimized or out \
of screen, and d\
on't use full-sc\
reen exclusive m\
ode!\x07\x00\x00\x00\x0fStartCo\
ntroller\x01\x03\x00\x00\x00@\x00W\
\x00i\x00n\x00d\x00o\x00w\x00s\x00 \x98o\
y:\x8a-[\x9aN-v\x84Y\x1c\x95\x93QI\
}\xda\x00/\x8bww<j!_\x0f]\xf2\x95\x8b\
U_\xff\x0c\x8a\xcbQH\x95\xdc\x95\x890\x02\x08\x00\
\x00\x00\x00\x06\x00\x00\x009Windows \
night light is e\
nabled, please t\
urn it off first\
.\x07\x00\x00\x00\x0fStartContr\
oller\x01\x03\x00\x00\x00L\x00W\x00i\x00\
n\x00d\x00o\x00w\x00s\x00 \x98oy:\x8a\
-[\x9aN-v\x84Y\x1c\x95\x93QI}\xda\x00\
/\x8bww<j!_\x0f]\xf2\x95\x8bU_\xff\
\x0cN\xfbR\xd9S\xef\x80\xfdq!l\xd5kc^\
8\x90KO\x5c\xff\x01\x08\x00\x00\x00\x00\x06\x00\x00\x00\
?Windows night l\
ight is enabled,\
 tasks might not\
 work correctly!\
\x07\x00\x00\x00\x0fStartContro\
ller\x01\x03\x00\x00\x00@\x00{\x00v\x00e\
\x00n\x00d\x00o\x00r\x00}\x00 \x00{\x00f\
\x00e\x00a\x00t\x00u\x00r\x00e\x00}\x00 \
]\xf2U_u(\xff\x0cS\xef\x80\xfd\x5c\x0e\x81\xf4\
R\x9f\x80\xfdup^8\xff\x01\x08\x00\x00\x00\x00\x06\
\x00\x00\x009{vendor} {fe\
ature} is enable\
d and may cause \
malfunctions!\x07\x00\x00\
\x00\x0fStartControlle\
r\x01\x03\x00\x00\x00\x1e\x00{\x00}\x00 g*\x90\
#}\xda\xff\x0c\x8a\xcb\x90xS\xd6\x90Jb2\x89\
\x96z\x970\x02\x08\x00\x00\x00\x00\x06\x00\x00\x003{\
} is not connect\
ed, please selec\
t the game windo\
w.\x07\x00\x00\x00\x0fStartCont\
roller\x01\x03\x00\x00\x00\x06\x8f\x09Qe\
N-\x08\x00\x00\x00\x00\x06\x00\x00\x00\x07Load\
ing\x07\x00\x00\x00\x12StartLoa\
dingDialog\x01\x03\x00\x00\x002\
kcW(U_R\xd5\xff\x0c\x00{\x00s\x00e\
\x00c\x00o\x00n\x00d\x00s\x00_\x00l\x00e\
\x00f\x00t\x00}\x00 y\xd2_\x8c\x90>fB\
0\x02\x08\x00\x00\x00\x00\x06\x00\x00\x00/Star\
ting, timeout af\
ter {seconds_lef\
t} seconds.\x07\x00\x00\x00\x12\
StartLoadingDial\
og\x01\x03\x00\x00\x00\x12\x00A\x00n\x00d\x00r\
\x00o\x00i\x00d\x00 rH\x08\x00\x00\x00\x00\x06\
\x00\x00\x00\x07Android\x07\x00\x00\x00\x08\
StartTab\x01\x03\x00\x00\x00\x04b*\
W\x16\x08\x00\x00\x00\x00\x06\x00\x00\x00\x07Capt\
ure\x07\x00\x00\x00\x08StartTab\
\x01\x03\x00\x00\x00\x08b*W\x16e\xb9_\x0f\x08\x00\
\x00\x00\x00\x06\x00\x00\x00\x0eCapture \
Method\x07\x00\x00\x00\x08Start\
Tab\x01\x03\x00\x00\x00\x0c\x90xd\xc7N\x92R\
\xd5e\xb9_\x0f\x08\x00\x00\x00\x00\x06\x00\x00\x00\x12C\
hoose Interactio\
n\x07\x00\x00\x00\x08StartTab\x01\x03\
\x00\x00\x00\x08\x90xS\xd6\x89\x96z\x97\x08\x00\x00\x00\
\x00\x06\x00\x00\x00\x0dChoose Win\
dow\x07\x00\x00\x00\x08StartTab\
\x01\x03\x00\x00\x00\x06]\xf2\x90#}\xda\x08\x00\x00\x00\
\x00\x06\x00\x00\x00\x09Connected\x07\
\x00\x00\x00\x08StartTab\x01\x03\x00\x00\
\x00\x08\x95\x8bv|]\xe5Qw\x08\x00\x00\x00\x00\x06\
\x00\x00\x00\x05Debug\x07\x00\x00\x00\x08St\
artTab\x01\x03\x00\x00\x00\x0a\x96d\x93/\
a\xf8mnz\x97\x08\x00\x00\x00\x00\x06\x00\x00\x00\x0d\
Debug Overlay\x07\x00\x00\
\x00\x08StartTab\x01\x03\x00\x00\x00\x0a\
P\x5cu(j\x19\x8a\x18hF\x08\x00\x00\x00\x00\x06\
\x00\x00\x00\x0dDisable Boxe\
s\x07\x00\x00\x00\x08StartTab\x01\x03\
\x00\x00\x00\x06]\xf2\x96\xe2}\xda\x08\x00\x00\x00\x00\x06\
\x00\x00\x00\x0cDisconnected\
\x07\x00\x00\x00\x08StartTab\x01\x03\x00\
\x00\x00\x06j!d\xecVh\x08\x00\x00\x00\x00\x06\x00\
\x00\x00\x08Emulator\x07\x00\x00\x00\x08\
StartTab\x01\x03\x00\x00\x00\x0aU_\
u(j\x19\x8a\x18hF\x08\x00\x00\x00\x00\x06\x00\x00\
\x00\x0cEnable Boxes\x07\x00\
\x00\x00\x08StartTab\x01\x03\x00\x00\x00\
\x08S/Q\xfae\xe5\x8a\x8c\x08\x00\x00\x00\x00\x06\x00\
\x00\x00\x0bExport Logs\x07\x00\
\x00\x00\x08StartTab\x01\x03\x00\x00\x00\
\x0e\x96\xb1\x85\xcfa\xf8mnz\x97e\xe5\x8a\x8c\x08\
\x00\x00\x00\x00\x06\x00\x00\x00\x13Hide Lo\
g on Overlay\x07\x00\x00\x00\
\x08StartTab\x01\x03\x00\x00\x00\x08[\
\x89\x88\xddv\xee\x93\x04\x08\x00\x00\x00\x00\x06\x00\x00\x00\
\x0eInstall Folder\x07\
\x00\x00\x00\x08StartTab\x01\x03\x00\x00\
\x00\x08e\xe5\x8a\x8cv\xee\x93\x04\x08\x00\x00\x00\x00\x06\
\x00\x00\x00\x0aLog Folder\x07\x00\
\x00\x00\x08StartTab\x01\x03\x00\x00\x00\
\x0a\x00O\x00C\x00R\x8bXR%\x08\x00\x00\x00\x00\
\x06\x00\x00\x00\x03OCR\x07\x00\x00\x00\x08Sta\
rtTab\x01\x03\x00\x00\x00,\x00O\x00C\x00\
R\x8bXR%}Pg\x9c\x00(]\xf2\x8a\x18\x93\
\x04\x00)\x00:\x00 \x00{\x00r\x00e\x00s\x00\
u\x00l\x00t\x00}\x08\x00\x00\x00\x00\x06\x00\x00\x00\
\x1eOCR success (Lo\
gged): {result}\x07\
\x00\x00\x00\x08StartTab\x01\x03\x00\x00\
\x00\x08\x95\x8bU_e\xe5\x8a\x8c\x08\x00\x00\x00\x00\x06\
\x00\x00\x00\x09Open Logs\x07\x00\x00\
\x00\x08StartTab\x01\x03\x00\x00\x00\x08\
\x00P\x00C\x00 rH\x08\x00\x00\x00\x00\x06\x00\x00\
\x00\x02PC\x07\x00\x00\x00\x08StartTa\
b\x01\x03\x00\x00\x00\x08\x91\xcde\xb0ett\x06\x08\
\x00\x00\x00\x00\x06\x00\x00\x00\x07Refresh\
\x07\x00\x00\x00\x08StartTab\x01\x03\x00\
\x00\x00\x0ckcW(\x91\xcde\xb0ett\x06\x08\
\x00\x00\x00\x00\x06\x00\x00\x00\x0aRefresh\
ing\x07\x00\x00\x00\x08StartTab\
\x01\x03\x00\x00\x00\x08b*W\x16v\xee\x93\x04\x08\x00\
\x00\x00\x00\x06\x00\x00\x00\x11Screensh\
ot Folder\x07\x00\x00\x00\x08St\
artTab\x01\x03\x00\x00\x00\x10W(a\xf8\
mnz\x97\x98oy:e\xe5\x8a\x8c\x08\x00\x00\x00\
\x00\x06\x00\x00\x00\x13Show Log o\
n Overlay\x07\x00\x00\x00\x08St\
artTab\x01\x03\x00\x00\x00\x08g\xe5w\x0b\
e\xe5\x8a\x8c\x08\x00\x00\x00\x00\x06\x00\x00\x00\x08Vi\
ew Log\x07\x00\x00\x00\x08Start\
Tab\x01\x03\x00\x00\x00:\x00N\x00P\x00Uc\
\xa8t\x06\x93/\x8a\xa4\xff\x0c`\xa8S\xef\x80\xfd\x97\
\x00\x89\x81f\xf4e\xb0\x00I\x00n\x00t\x00e\x00\
l\x00 \x00N\x00P\x00U\x9aER\xd5z\x0b_\
\x0f\xff\x01\x08\x00\x00\x00\x00\x06\x00\x00\x00CNPU\
 inferring Error\
, you might need\
 to update the I\
ntel NPU driver!\
\x07\x00\x00\x00\x04Task\x01\x03\x00\x00\x00\x04\x93\
/\x8a\xa4\x08\x00\x00\x00\x00\x06\x00\x00\x00\x05Err\
or\x07\x00\x00\x00\x0bTaskButto\
ns\x01\x03\x00\x00\x00*\x90Jb2\x89\x96z\x97\
g*\x90#}\xda\xff\x0c\x8a\xcb\x90xS\xd6\x90J\
b2\x89\x96z\x97T\x8cb*W\x16e\xb9_\x0f\
0\x02\x08\x00\x00\x00\x00\x06\x00\x00\x00OGame\
 window is not c\
onnected, please\
 select the game\
 window and capt\
ure method.\x07\x00\x00\x00\x0b\
TaskButtons\x01\x03\x00\x00\x00\
\x04f\xabP\x5c\x08\x00\x00\x00\x00\x06\x00\x00\x00\x05P\
ause\x07\x00\x00\x00\x0bTaskBut\
tons\x01\x03\x00\x00\x00\x04~|~\x8c\x08\x00\
\x00\x00\x00\x06\x00\x00\x00\x06Resume\x07\x00\
\x00\x00\x0bTaskButtons\x01\x03\
\x00\x00\x00\x04\x95\x8bY\xcb\x08\x00\x00\x00\x00\x06\x00\x00\
\x00\x05Start\x07\x00\x00\x00\x0bTask\
Buttons\x01\x03\x00\x00\x00\x04P\x5ck\
b\x08\x00\x00\x00\x00\x06\x00\x00\x00\x04Stop\x07\
\x00\x00\x00\x0bTaskButtons\x01\
\x03\x00\x00\x00\x18`\xa8x\xba[\x9a\x89\x81R*\x96\
d\x00 \x00{\x00}\x00 U\xce\xff\x1f\x08\x00\x00\
\x00\x00\x06\x00\x00\x00\x22Are you s\
ure you want to \
delete {}\x07\x00\x00\x00\x08Ta\
skCard\x01\x03\x00\x00\x00\x04R*\x96d\
\x08\x00\x00\x00\x00\x06\x00\x00\x00\x06Delete\
\x07\x00\x00\x00\x08TaskCard\x01\x03\x00\
\x00\x00\x08R*\x96dN\xfbR\xd9\x08\x00\x00\x00\x00\
\x06\x00\x00\x00\x0bDelete Task\
\x07\x00\x00\x00\x08TaskCard\x01\x03\x00\
\x00\x00\x06g*U_u(\x08\x00\x00\x00\x00\x06\x00\
\x00\x00\x08Disabled\x07\x00\x00\x00\x08\
TaskCard\x01\x03\x00\x00\x00\x04}\xe8\
\x8f/\x08\x00\x00\x00\x00\x06\x00\x00\x00\x04Edit\
\x07\x00\x00\x00\x08TaskCard\x01\x03\x00\
\x00\x00\x06]\xf2U_u(\x08\x00\x00\x00\x00\x06\x00\
\x00\x00\x07Enabled\x07\x00\x00\x00\x08T\
askCard\x01\x03\x00\x00\x00\x08O\x7fu\
(\x8a\xaaf\x0e\x08\x00\x00\x00\x00\x06\x00\x00\x00\x0cI\
nstructions\x07\x00\x00\x00\x08\
TaskCard\x01\x03\x00\x00\x00\x04f\xab\
P\x5c\x08\x00\x00\x00\x00\x06\x00\x00\x00\x05Paus\
e\x07\x00\x00\x00\x08TaskCard\x01\x03\
\x00\x00\x00\x08\x91\xcd\x8a-\x8a-[\x9a\x08\x00\x00\x00\
\x00\x06\x00\x00\x00\x0cReset Conf\
ig\x07\x00\x00\x00\x08TaskCard\x01\
\x03\x00\x00\x00\x04~|~\x8c\x08\x00\x00\x00\x00\x06\x00\
\x00\x00\x06Resume\x07\x00\x00\x00\x08Ta\
skCard\x01\x03\x00\x00\x00\x04\x95\x8bY\xcb\
\x08\x00\x00\x00\x00\x06\x00\x00\x00\x05Start\x07\
\x00\x00\x00\x08TaskCard\x01\x03\x00\x00\
\x00\x04P\x5ckb\x08\x00\x00\x00\x00\x06\x00\x00\x00\x04\
Stop\x07\x00\x00\x00\x08TaskCar\
d\x01\x03\x00\x00\x00&{I_\x85\x00 \x00{\x00\
t\x00a\x00s\x00k\x00_\x00n\x00a\x00m\x00\
e\x00}\x00 N\xfbR\xd9[\x8cb\x10\x08\x00\x00\
\x00\x00\x06\x00\x00\x00,Waiting f\
or {task_name} t\
ask to be comple\
ted\x07\x00\x00\x00\x08TaskCard\
\x01\x03\x00\x00\x00\x04P\x5cu(\x08\x00\x00\x00\x00\x06\
\x00\x00\x00\x07Disable\x07\x00\x00\x00\x0c\
TaskOpButton\x01\x03\x00\x00\
\x00\x04U_u(\x08\x00\x00\x00\x00\x06\x00\x00\x00\x06\
Enable\x07\x00\x00\x00\x0cTaskO\
pButton\x01\x03\x00\x00\x00\x08\x90xS\
\xd6\x89\x96z\x97\x08\x00\x00\x00\x00\x06\x00\x00\x00\x0dC\
hoose Window\x07\x00\x00\x00\
\x07TaskTab\x01\x03\x00\x00\x00\x06]\xf2\
[\x8cb\x10\x08\x00\x00\x00\x00\x06\x00\x00\x00\x09Co\
mpleted\x07\x00\x00\x00\x07Task\
Tab\x01\x03\x00\x00\x00\x08^\xfaz\xcbN\xfbR\
\xd9\x08\x00\x00\x00\x00\x06\x00\x00\x00\x0bCreat\
e Task\x07\x00\x00\x00\x07TaskT\
ab\x01\x03\x00\x00\x00\x04\x8c\xc7\x8a\x0a\x08\x00\x00\x00\
\x00\x06\x00\x00\x00\x04Info\x07\x00\x00\x00\x07T\
askTab\x01\x03\x00\x00\x00\x06W\xf7\x88L\
N-\x08\x00\x00\x00\x00\x06\x00\x00\x00\x07Runn\
ing\x07\x00\x00\x00\x07TaskTab\x01\
\x03\x00\x00\x00\x0a]\xf2W\xf7\x88LfB\x95\x93\x08\
\x00\x00\x00\x00\x06\x00\x00\x00\x0cTime El\
apsed\x07\x00\x00\x00\x07TaskTa\
b\x01\x03\x00\x00\x00\x02P<\x08\x00\x00\x00\x00\x06\x00\
\x00\x00\x05Value\x07\x00\x00\x00\x07Tas\
kTab\x01\x03\x00\x00\x00\x04S\xd6m\x88\x08\x00\
\x00\x00\x00\x06\x00\x00\x00\x06Cancel\x07\x00\
\x00\x00\x13TemplateInput\
Dialog\x01\x03\x00\x00\x00\x04x\xba\x8a\x8d\
\x08\x00\x00\x00\x00\x06\x00\x00\x00\x07Confir\
m\x07\x00\x00\x00\x13TemplateIn\
putDialog\x01\x03\x00\x00\x00\x1ax\
\xba[\x9a\x89\x81R*\x96d\x00 \x00'\x00{\x00\
}\x00'\x00 U\xce\xff\x1f\x08\x00\x00\x00\x00\x06\x00\
\x00\x00%Are you sure \
you want to dele\
te '{}'?\x07\x00\x00\x00\x0bTem\
plateTab\x01\x03\x00\x00\x00\x04S\xd6\
m\x88\x08\x00\x00\x00\x00\x06\x00\x00\x00\x06Canc\
el\x07\x00\x00\x00\x0bTemplateT\
ab\x01\x03\x00\x00\x00\x08x\xba\x8a\x8dR*\x96d\
\x08\x00\x00\x00\x00\x06\x00\x00\x00\x0eConfir\
m Delete\x07\x00\x00\x00\x0bTem\
plateTab\x01\x03\x00\x00\x00\x04R*\
\x96d\x08\x00\x00\x00\x00\x06\x00\x00\x00\x06Dele\
te\x07\x00\x00\x00\x0bTemplateT\
ab\x01\x03\x00\x00\x00\x0ab*W\x16Y1eW\
0\x02\x08\x00\x00\x00\x00\x06\x00\x00\x00\x18Fail\
ed to capture fr\
ame.\x07\x00\x00\x00\x0bTemplat\
eTab\x01\x03\x00\x00\x00\x10u\x1fb\x10j\x19\
|dR\x17\x82\x09j\x94hH\x08\x00\x00\x00\x00\x06\
\x00\x00\x00\x18Generate lab\
el enum file\x07\x00\x00\x00\
\x0bTemplateTab\x01\x03\x00\x00\
\x00\x0cW\x16rG]\xf2R*\x96d0\x02\x08\x00\
\x00\x00\x00\x06\x00\x00\x00\x0eImage de\
leted.\x07\x00\x00\x00\x0bTempl\
ateTab\x01\x03\x00\x00\x00>v\xf8\x5c\x0d\
\x8d\xef_\x91q!eH0\x02{\xc4O\x8b\xff\x1a\
\x00o\x00k\x00_\x00t\x00a\x00s\x00k\x00s\
\x00/\x00L\x00a\x00b\x00e\x00l\x00E\x00n\
\x00u\x00m\x00.\x00p\x00y\x08\x00\x00\x00\x00\x06\
\x00\x00\x005Invalid rela\
tive path. Examp\
le: ok_tasks/Lab\
elEnum.py\x07\x00\x00\x00\x0bTe\
mplateTab\x01\x03\x00\x00\x00\x04j\
\x19l\xe8\x08\x00\x00\x00\x00\x06\x00\x00\x00\x06Mar\
kup\x07\x00\x00\x00\x0bTemplate\
Tab\x01\x03\x00\x00\x00\x12l\x92g\x09j\x19l\
\xe8\x97\x00\x89\x81Q2[X0\x02\x08\x00\x00\x00\x00\
\x06\x00\x00\x00\x17No annotati\
ons to save.\x07\x00\x00\x00\
\x0bTemplateTab\x01\x03\x00\x00\
\x00\x1eb*W\x16e\xb9_\x0fN\x0dS\xefu(\
0\x02\x8a\xcbQHU_R\xd5b*W\x160\x02\
\x08\x00\x00\x00\x00\x06\x00\x00\x008No cap\
ture method avai\
lable. Please st\
art capture firs\
t.\x07\x00\x00\x00\x0bTemplateT\
ab\x01\x03\x00\x00\x00\x08f\xabq!{\xc4g,\
\x08\x00\x00\x00\x00\x06\x00\x00\x00\x10No tem\
plates yet\x07\x00\x00\x00\x0bT\
emplateTab\x01\x03\x00\x00\x00\x04\
x\xba[\x9a\x08\x00\x00\x00\x00\x06\x00\x00\x00\x02OK\
\x07\x00\x00\x00\x0bTemplateTab\
\x01\x03\x00\x00\x00\x18\x8d\xef_\x91v\xf8\x5c\x0de\xbc\
]\xe5O\x5cS@h9v\xee\x93\x040\x02\x08\x00\
\x00\x00\x00\x06\x00\x00\x00'Path is \
relative to the \
workspace root.\x07\
\x00\x00\x00\x0bTemplateTab\x01\
\x03\x00\x00\x00:v\xf8\x5c\x0d\x8d\xef_\x91\xff\x0cO\
\x8bY\x82\xff\x1a\x00o\x00k\x00_\x00t\x00a\x00\
s\x00k\x00s\x00/\x00L\x00a\x00b\x00e\x00\
l\x00E\x00n\x00u\x00m\x00.\x00p\x00y\x08\
\x00\x00\x00\x00\x06\x00\x00\x00)Relativ\
e path, e.g. ok_\
tasks/LabelEnum.\
py\x07\x00\x00\x00\x0bTemplateT\
ab\x01\x03\x00\x00\x00\x04Q2[X\x08\x00\x00\x00\
\x00\x06\x00\x00\x00\x04Save\x07\x00\x00\x00\x0bT\
emplateTab\x01\x03\x00\x00\x00\x06\
Q2[XR0\x08\x00\x00\x00\x00\x06\x00\x00\x00\x07\
Save To\x07\x00\x00\x00\x0bTemp\
lateTab\x01\x03\x00\x00\x00\x12Q2[\
Xb\x10R\x9fR0\x00:\x00 \x00{\x00}\x08\
\x00\x00\x00\x00\x06\x00\x00\x00\x22Save co\
mpleted successf\
ully to: {}\x07\x00\x00\x00\x0b\
TemplateTab\x01\x03\x00\x00\x00\
\x04b*W\x16\x08\x00\x00\x00\x00\x06\x00\x00\x00\x0aS\
creenshot\x07\x00\x00\x00\x0bTe\
mplateTab\x01\x03\x00\x00\x00\x12b\
*W\x16]\xf2Q2[X\x00:\x00 \x00{\x00\
}\x08\x00\x00\x00\x00\x06\x00\x00\x00\x14Scree\
nshot saved: {}\x07\
\x00\x00\x00\x0bTemplateTab\x01\
\x03\x00\x00\x00\x16c\x09T\x0dz1b\x16R\x06\x98\
^d\x1c\x5c\x0b\x00.\x00.\x00.\x08\x00\x00\x00\x00\
\x06\x00\x00\x00\x1dSearch by n\
ame or category.\
..\x07\x00\x00\x00\x0bTemplateT\
ab\x01\x03\x00\x00\x00\x04b\x10R\x9f\x08\x00\x00\x00\
\x00\x06\x00\x00\x00\x07Success\x07\x00\x00\
\x00\x0bTemplateTab\x01\x03\x00\
\x00\x00\x08d\xf7S\xd6b*W\x16\x08\x00\x00\x00\x00\
\x06\x00\x00\x00\x0fTake Screen\
shot\x07\x00\x00\x00\x0bTemplat\
eTab\x01\x03\x00\x00\x00\x1a\x00a\x00s\x00s\
\x00e\x00t\x00s\x00 \x00(shz\xcba\xc9\
u(\x00)\x08\x00\x00\x00\x00\x06\x00\x00\x00\x17as\
sets (standalone\
 app)\x07\x00\x00\x00\x0bTempla\
teTab\x01\x03\x00\x00\x00,\x00o\x00k\x00\
_\x00t\x00a\x00s\x00k\x00s\x00/\x00a\x00\
s\x00s\x00e\x00t\x00s\x00 \x00(\x81\xea\x8a\
\x02\x81sg,\x00)\x08\x00\x00\x00\x00\x06\x00\x00\x00\
 ok_tasks/assets\
 (custom scripts\
)\x07\x00\x00\x00\x0bTemplateTa\
b\x01\x03\x00\x00\x004x\xba[\x9a\x89\x81f\xf4e\
\xb0\x81\xf3\x00 \x00{\x00v\x00e\x00r\x00s\x00\
i\x00o\x00n\x00}\x00 \x00{\x00t\x00y\x00\
p\x00e\x00}\x00 U\xce\xff\x1f\x08\x00\x00\x00\x00\
\x06\x00\x00\x004Are you sur\
e you want to up\
date to {version\
} {type}?\x07\x00\x00\x00\x0bVe\
rsionCard\x01\x03\x00\x00\x00\x14j\
\xa2g\xe5f\xf4e\xb0fBv|u\x1f\x93/\x8a\
\xa4\xff\x01\x08\x00\x00\x00\x00\x06\x00\x00\x00\x17Che\
ck for update er\
ror!\x07\x00\x00\x00\x0bVersion\
Card\x01\x03\x00\x00\x00\x0aj\xa2g\xe5e\xb0\
rHg,\x08\x00\x00\x00\x00\x06\x00\x00\x00\x11Ch\
eck for updates\x07\
\x00\x00\x00\x0bVersionCard\x01\
\x03\x00\x00\x00\x0ckcW(j\xa2g\xe5f\xf4e\
\xb0\x08\x00\x00\x00\x00\x06\x00\x00\x00\x14Check\
ing for updates\x07\
\x00\x00\x00\x0bVersionCard\x01\
\x03\x00\x00\x00\x06\x95\x8bv|rH\x08\x00\x00\x00\x00\
\x06\x00\x00\x00\x05Debug\x07\x00\x00\x00\x0bV\
ersionCard\x01\x03\x00\x00\x002\
N\x0b\x8f\x09N-\xff\x1a\x00{\x00p\x00r\x00o\
\x00g\x00r\x00e\x00s\x00s\x00}\x00 \x00{\
\x00p\x00e\x00r\x00c\x00e\x00n\x00t\x00}\
\x00%\x08\x00\x00\x00\x00\x06\x00\x00\x00!Down\
loading {progres\
s} {percent}%\x07\x00\x00\
\x00\x0bVersionCard\x01\x03\x00\
\x00\x00\x0cv|s\xfee\xb0rHg,\xff\x01\x08\
\x00\x00\x00\x00\x06\x00\x00\x00\x12Found n\
ew version!\x07\x00\x00\x00\x0b\
VersionCard\x01\x03\x00\x00\x00\
\x04\x8c\xc7\x8a\x0a\x08\x00\x00\x00\x00\x06\x00\x00\x00\x04I\
nfo\x07\x00\x00\x00\x0bVersionC\
ard\x01\x03\x00\x00\x00\x06kc_\x0frH\x08\
\x00\x00\x00\x00\x06\x00\x00\x00\x07Release\
\x07\x00\x00\x00\x0bVersionCard\
\x01\x03\x00\x00\x00\x12v\xeeRM]\xf2f/g\x00\
e\xb0rHg,\xff\x01\x08\x00\x00\x00\x00\x06\x00\x00\
\x00\x1bThis is the ne\
west version!\x07\x00\x00\
\x00\x0bVersionCard\x01\x03\x00\
\x00\x00\x08z\xcbSsf\xf4e\xb0\x08\x00\x00\x00\x00\
\x06\x00\x00\x00\x0aUpdate Now\x07\
\x00\x00\x00\x0bVersionCard\x01\
\x03\x00\x00\x00(f\xf4e\xb0\x81\xf3\x00 \x00{\x00\
v\x00e\x00r\x00s\x00i\x00o\x00n\x00}\x00\
 \x00{\x00t\x00y\x00p\x00e\x00}\x08\x00\x00\
\x00\x00\x06\x00\x00\x00\x1aUpdate to\
 {version} {type\
}\x07\x00\x00\x00\x0bVersionCar\
d\x01\x03\x00\x00\x00\x04c\xd0y:\x08\x00\x00\x00\x00\
\x06\x00\x00\x00\x05Alert\x07\x00\x00\x00\x03a\
pp\x01\x03\x00\x00\x00\x0e]\xf2f\xf4e\xb0\x81\xf3\
rHg,\xff\x1a\x08\x00\x00\x00\x00\x06\x00\x00\x00\x1b\
Already updated \
to version:\x07\x00\x00\x00\x03\
app\x01\x03\x00\x00\x00(]\xf2g\x09S\xe6N\
\x00P\x0bW\xf7\x88LP\x0b\x9a\xd4kcW(\x90\
KO\x5c\xff\x0c\x8a\xcbbKR\xd5}Pg_0\
\x02\x08\x00\x00\x00\x00\x06\x00\x00\x00#Anoth\
er instance is a\
lready running\x07\x00\
\x00\x00\x03app\x01\x03\x00\x00\x00\x0ea\xc9u(\
z\x0b_\x0fU_R\xd5Vh\x08\x00\x00\x00\x00\x06\
\x00\x00\x00\x0cApp Launcher\
\x07\x00\x00\x00\x03app\x01\x03\x00\x00\x00\x5ca\xc9\
u(z\x0b_\x0fU_R\xd5\x93/\x8a\xa40\x02\
\x8a\xcb\x5c\x07[\x89\x88\xdd\x8c\xc7e\x99Y>e\xb0\
X\x9e\x81\xf3\x00 \x00W\x00i\x00n\x00d\x00o\
\x00w\x00s\x00 \x00D\x00e\x00f\x00e\x00n\
\x00d\x00e\x00r\x00 v}T\x0dU\xaeN&\
\x91\xcde\xb0[\x89\x88\xdd\xff\x1a\x08\x00\x00\x00\x00\x06\
\x00\x00\x00fApp startup \
error. Please ad\
d the installati\
on folder to the\
 Windows Defende\
r whitelist and \
reinstall:\x07\x00\x00\x00\x03a\
pp\x01\x03\x00\x00\x00\x04\x81\xeaR\xd5\x08\x00\x00\x00\
\x00\x06\x00\x00\x00\x04Auto\x07\x00\x00\x00\x03a\
pp\x01\x03\x00\x00\x00\x12\x81\xeaR\xd5\x8a\xbfet\
\x90Jb2\x89\xe3g\x90^\xa6\x08\x00\x00\x00\x00\x06\
\x00\x00\x00\x17Auto Resize \
Game Window\x07\x00\x00\x00\x03\
app\x01\x03\x00\x00\x00\x0c\x81\xeaR\xd5U_R\
\xd5\x90Jb2\x08\x00\x00\x00\x00\x06\x00\x00\x00\x0fA\
uto Start Game\x07\x00\
\x00\x00\x03app\x01\x03\x00\x00\x00\x1aa\xc9u(\
z\x0b_\x0fU_R\xd5fB\x81\xeaR\xd5U_\
R\xd5\x90Jb2\x08\x00\x00\x00\x00\x06\x00\x00\x00\x1f\
Auto Start Game \
When App Starts\x07\
\x00\x00\x00\x03app\x01\x03\x00\x00\x00\x1e\x81\xeaR\
\xd5U_R\xd5\x00 \x00{\x00a\x00p\x00p\x00\
_\x00n\x00a\x00m\x00e\x00}\x08\x00\x00\x00\x00\
\x06\x00\x00\x00\x15Auto Start \
{app_name}\x07\x00\x00\x00\x03a\
pp\x01\x03\x00\x00\x00\x08\x81\xeaR\xd5f\xf4e\xb0\
\x08\x00\x00\x00\x00\x06\x00\x00\x00\x0bAuto U\
pdate\x07\x00\x00\x00\x03app\x01\x03\x00\
\x00\x00\x14V\xe0\x90Jb2\x95\xdc\x95\x89\x80\x0c\x81\
\xeaR\xd5\x95\xdc\x95\x89\x08\x00\x00\x00\x00\x06\x00\x00\x00\
\x1dAuto exit becau\
se game exited\x07\x00\
\x00\x00\x03app\x01\x03\x00\x00\x00\x14\x81\xeaR\xd5\
f\xf4e\xb0\xff\x08\x98\x10v|\x88LrH\xff\x09\
\x08\x00\x00\x00\x00\x06\x00\x00\x00\x1eAutoma\
tic Update (Pre-\
release)\x07\x00\x00\x00\x03app\
\x01\x03\x00\x00\x00\x14\x81\xeaR\xd5f\xf4e\xb0\xff\x08\
P\xc5kc_\x0frH\xff\x09\x08\x00\x00\x00\x00\x06\
\x00\x00\x00\x1eAutomatic Up\
date(Release Onl\
y)\x07\x00\x00\x00\x03app\x01\x03\x00\x00\x00\x08\
W\xfag,\x8a-[\x9a\x08\x00\x00\x00\x00\x06\x00\x00\
\x00\x0dBasic Options\x07\
\x00\x00\x00\x03app\x01\x03\x00\x00\x00\x06n,\x8a\
frH\x08\x00\x00\x00\x00\x06\x00\x00\x00\x0cBet\
a Version\x07\x00\x00\x00\x03ap\
p\x01\x03\x00\x00\x00\x04j!|\xca\x08\x00\x00\x00\x00\
\x06\x00\x00\x00\x04Blur\x07\x00\x00\x00\x03ap\
p\x01\x03\x00\x00\x00\x0a\x90nd\xcbo\x14{\x97l\
\xd5\x08\x00\x00\x00\x00\x06\x00\x00\x00\x0eBlur \
Algorithm\x07\x00\x00\x00\x03ap\
p\x01\x03\x00\x00\x006j!|\xca\x90Jb2\x00\
 \x00U\x00I\x00D\x00 {IV\xfa[\x9aQ\
g[\xb9N\xe5^\xf6\x95w\x00 \x00O\x00L\x00\
E\x00D\x00 \x87\xa2^UX\xfdT}\x08\x00\x00\
\x00\x00\x06\x00\x00\x00&Blur Game\
 UID etc to enha\
nce OLED life\x07\x00\x00\
\x00\x03app\x01\x03\x00\x00\x00\x0c\x90nd\xcbj\
\xa2g\xe5\x95\x93\x96\x94\x08\x00\x00\x00\x00\x06\x00\x00\x00\
\x0dBlur Interval\x07\x00\
\x00\x00\x03app\x01\x03\x00\x00\x00\x1eb~N\x0d\
R0\x00 \x00P\x00y\x00t\x00h\x00o\x00n\
\x00 \x00v\x00e\x00n\x00v\x08\x00\x00\x00\x00\x06\
\x00\x00\x00\x16Can't find p\
ython venv\x07\x00\x00\x00\x03a\
pp\x01\x03\x00\x00\x00\x04S\xd6m\x88\x08\x00\x00\x00\
\x00\x06\x00\x00\x00\x06Cancel\x07\x00\x00\x00\
\x03app\x01\x03\x00\x00\x00\x0ab*W\x16_q\
h<s\x87\x08\x00\x00\x00\x00\x06\x00\x00\x00\x12Ca\
pture Frame Rate\
\x07\x00\x00\x00\x03app\x01\x03\x00\x00\x00\x08b*\
W\x16^\xf6\x90r\x08\x00\x00\x00\x00\x06\x00\x00\x00\x0f\
Capture Latency\x07\
\x00\x00\x00\x03app\x01\x03\x00\x00\x00\x04W\x0bQ\
g\x08\x00\x00\x00\x00\x06\x00\x00\x00\x05China\
\x07\x00\x00\x00\x03app\x01\x03\x00\x00\x00\x18\x90x\
d\xc7U_R\xd5Vh[\x89\x88\xddf\xf4e\xb0\
v\x84e\xb9_\x0f\x08\x00\x00\x00\x00\x06\x00\x00\x00(\
Choose how the l\
auncher installs\
 updates\x07\x00\x00\x00\x03app\
\x01\x03\x00\x00\x00\x12\x8a-[\x9aa\xc9u(z\x0b\
_\x0fU_R\xd5Vh\x08\x00\x00\x00\x00\x06\x00\x00\
\x00\x1aConfigure the \
app launcher\x07\x00\x00\x00\
\x03app\x01\x03\x00\x00\x00\x04x\xba\x8a\x8d\x08\x00\
\x00\x00\x00\x06\x00\x00\x00\x07Confirm\x07\
\x00\x00\x00\x03app\x01\x03\x00\x00\x00\x16^\xfaz\
\xcb\x00 \x00v\x00e\x00n\x00v\x00 Y1e\
W0\x02\x08\x00\x00\x00\x00\x06\x00\x00\x00\x13Cre\
ate venv failed.\
\x07\x00\x00\x00\x03app\x01\x03\x00\x00\x00\x12R*\
\x96dv\xf8O\x9dYWN\xf6b\x10R\x9f\xff\x01\
\x08\x00\x00\x00\x00\x06\x00\x00\x00\x1cDelete\
 dependencies su\
ccess!\x07\x00\x00\x00\x03app\x01\x03\
\x00\x00\x00\x04\x8a:e\xb7\x08\x00\x00\x00\x00\x06\x00\x00\
\x00\x09Diagnosis\x07\x00\x00\x00\x03\
app\x01\x03\x00\x00\x00\x0cU_u(j!|\
\xca\x90nd\xcb\x08\x00\x00\x00\x00\x06\x00\x00\x00\x0bE\
nable Blur\x07\x00\x00\x00\x03a\
pp\x01\x03\x00\x00\x00\x04\x93/\x8a\xa4\x08\x00\x00\x00\
\x00\x06\x00\x00\x00\x05Error\x07\x00\x00\x00\x03\
app\x01\x03\x00\x00\x00\x0a[\x8cb\x10_\x8c\x90\
\x00Q\xfa\x08\x00\x00\x00\x00\x06\x00\x00\x00\x0fExi\
t After Task\x07\x00\x00\x00\
\x03app\x01\x03\x00\x00\x00\x1a\x90Jb2\x95\xdc\
\x95\x89fB\x81\xeaR\xd5\x90\x00Q\xfaa\xc9u(\
z\x0b_\x0f\x08\x00\x00\x00\x00\x06\x00\x00\x00\x18Ex\
it App when Game\
 Exits\x07\x00\x00\x00\x03app\x01\x03\
\x00\x00\x00\x22V\xe0\x90Jb2]\xf2\x95\xdc\x95\x89\
\xff\x0ca\xc9u(z\x0b_\x0f\x5c\x07\x81\xeaR\xd5\
\x90\x00Q\xfa\xff\x01\x08\x00\x00\x00\x00\x06\x00\x00\x00\x18\
Exit because gam\
e exited\x07\x00\x00\x00\x03app\
\x01\x03\x00\x00\x00\x1c[\x8cb\x10N\xfbR\xd9_\x8c\
\x90\x00Q\xfa\x90Jb2T\x8ca\xc9u(z\x0b\
_\x0f\x08\x00\x00\x00\x00\x06\x00\x00\x00?Exit\
 the Game and th\
e App after Succ\
essfully Executi\
ng the Task\x07\x00\x00\x00\x03\
app\x01\x03\x00\x00\x00\x0eW\xf7\x88L[\x8cu\
b_\x8c\x90\x00Q\xfa\x08\x00\x00\x00\x00\x06\x00\x00\x00\
\x14Exit_After_Exec\
ution\x07\x00\x00\x00\x03app\x01\x03\x00\
\x00\x00\x12\x8b\x80S\xd6rHg,n\x05U\xaeY\
1eW\xff\x01\x08\x00\x00\x00\x00\x06\x00\x00\x00 F\
etch remote vers\
ion list error!\x07\
\x00\x00\x00\x03app\x01\x03\x00\x00\x00\x08~=_\
qh<ex\x08\x00\x00\x00\x00\x06\x00\x00\x00\x0bF\
rame Count\x07\x00\x00\x00\x03a\
pp\x01\x03\x00\x00\x00\x0a\x89\x96z\x97\x89\xe3g\x90\
^\xa6\x08\x00\x00\x00\x00\x06\x00\x00\x00\x0fGame\
 Resolution\x07\x00\x00\x00\x03\
app\x01\x03\x00\x00\x00\x08\x90Jb2\x97\xf3e\
H\x08\x00\x00\x00\x00\x06\x00\x00\x00\x0aGame \
Sound\x07\x00\x00\x00\x03app\x01\x03\x00\
\x00\x00\x04Qht\x03\x08\x00\x00\x00\x00\x06\x00\x00\x00\
\x06Global\x07\x00\x00\x00\x03app\x01\
\x03\x00\x00\x00\x06_\xebcw\x93u\x08\x00\x00\x00\x00\
\x06\x00\x00\x00\x06HotKey\x07\x00\x00\x00\x03\
app\x01\x03\x00\x00\x000X\x9eR\xa0\x95\x93\x96\
\x94N\xe5\x96MON\x00 \x00C\x00P\x00U\x00\
/\x00G\x00P\x00U\x00 O\x7fu(s\x87\x00\
 \x00(k\xeby\xd2\x00)\x08\x00\x00\x00\x00\x06\x00\
\x00\x00JIncrease Dela\
y between Trigge\
r Tasks to Reduc\
e CPU/GPU Usage(\
Milliseconds)\x07\x00\x00\
\x00\x03app\x01\x03\x00\x00\x00\x04\x8c\xc7\x8a\x0a\x08\
\x00\x00\x00\x00\x06\x00\x00\x00\x04Info\x07\x00\x00\
\x00\x03app\x01\x03\x00\x00\x00\x08Qg[\xb9X\
k\x88\xdc\x08\x00\x00\x00\x00\x06\x00\x00\x00\x07Inp\
aint\x07\x00\x00\x00\x03app\x01\x03\x00\x00\
\x008[\x89\x88\xddv\xf8O\x9dYWN\xf6Y1\
eW\xff\x0c\x8a\xcbV\x17\x8aff\xf4c\xdbf\xf4\
e\xb0O\x86n\x90\xff\x0cb\x16\x91\xcde\xb0N\x0b\
\x8f\x09[\x8cetrH\xff\x01\x08\x00\x00\x00\x00\x06\
\x00\x00\x00]Install depe\
ndencies failed,\
 try changing th\
e update source,\
 or re-download \
the full version\
!\x07\x00\x00\x00\x03app\x01\x03\x00\x00\x00:[\
\x89\x88\xddv\xee\x93\x04\x00 \x00{\x00p\x00a\x00\
t\x00h\x00}\x00 _\xc5\x98\x08p\xba\x82\xf1e\
\x87\x8d\xef_\x91\xff\x0c\x8a\xcby\xfbR\xd5\x81\xf3Q\
vN\xd6\x8d\xef_\x910\x02\x08\x00\x00\x00\x00\x06\x00\
\x00\x00AInstall dir {\
path} must be an\
 English path, m\
ove to another p\
ath.\x07\x00\x00\x00\x03app\x01\x03\x00\x00\
\x00\x10U_R\xd5_\x8c\x95\xdc\x95\x89U_R\xd5\
Vh\x08\x00\x00\x00\x00\x06\x00\x00\x00\x19Kill\
 Launcher After \
Start\x07\x00\x00\x00\x03app\x01\x03\x00\
\x00\x00\x14O\x7fu(\x00 \x00D\x00X\x001\x00\
1\x00 U_R\xd5\x08\x00\x00\x00\x00\x06\x00\x00\x00\
\x10Launch with DX1\
1\x07\x00\x00\x00\x03app\x01\x03\x00\x00\x00\x06U\
_R\xd5Vh\x08\x00\x00\x00\x00\x06\x00\x00\x00\x08L\
auncher\x07\x00\x00\x00\x03app\x01\
\x03\x00\x00\x00\x08bKR\xd5f\xf4e\xb0\x08\x00\x00\
\x00\x00\x06\x00\x00\x00\x0dManual Up\
date\x07\x00\x00\x00\x03app\x01\x03\x00\x00\
\x00\x06\x8a\x18a\xb6\x9a\xd4\x08\x00\x00\x00\x00\x06\x00\x00\
\x00\x06Memory\x07\x00\x00\x00\x03app\
\x01\x03\x00\x00\x00\x1au(e\xbc\x90nd\xcb\x8a-\
[\x9aS@W\xdfv\x84\x86Ut\x06e\xb9_\x0f\
\x08\x00\x00\x00\x00\x06\x00\x00\x00'Method\
 used to obscure\
 configured area\
s\x07\x00\x00\x00\x03app\x01\x03\x00\x00\x00\x1c\x9e\
\xded\xca\x95\xdc\x95\x89c\x09\x92\x15fBg\x00\x5c\
\x0fS\x16\x81\xf3|\xfb}qS#\x08\x00\x00\x00\x00\
\x06\x00\x00\x00+Minimize Wi\
ndow to System T\
ray when Closing\
\x07\x00\x00\x00\x03app\x01\x03\x00\x00\x00\x10\x90J\
b2W(\x80\xccfofB\x97\x5c\x97\xf3\x08\x00\
\x00\x00\x00\x06\x00\x00\x00\x1dMute Gam\
e while in Backg\
round\x07\x00\x00\x00\x03app\x01\x03\x00\
\x00\x00\x1ag\x09e\xb0rHg,\x00 \x00{\x00\
}\x00 S\xefO\x9bf\xf4e\xb0\xff\x01\x08\x00\x00\
\x00\x00\x06\x00\x00\x00\x18New Versi\
on {} Available\x07\
\x00\x00\x00\x03app\x01\x03\x00\x00\x00\x02T&\x08\
\x00\x00\x00\x00\x06\x00\x00\x00\x02No\x07\x00\x00\x00\x03\
app\x01\x03\x00\x00\x00\x02q!\x08\x00\x00\x00\x00\
\x06\x00\x00\x00\x04None\x07\x00\x00\x00\x03ap\
p\x01\x03\x00\x00\x00\x0ce\x87[W\x8f\xa8\x8bX^\
\xf6\x90r\x08\x00\x00\x00\x00\x06\x00\x00\x00\x0bOCR\
 Latency\x07\x00\x00\x00\x03app\
\x01\x03\x00\x00\x00\x0a\x95\x8bU_U_R\xd5Vh\
\x08\x00\x00\x00\x00\x06\x00\x00\x00\x0dOpen L\
auncher\x07\x00\x00\x00\x03app\x01\
\x03\x00\x00\x00\x1c\x95\x8bU_a\xc9u(z\x0b_\
\x0fU_R\xd5VhN\xe5{\xa1t\x06f\xf4e\
\xb0\x08\x00\x00\x00\x00\x06\x00\x00\x00'Open \
the app launcher\
 to manage updat\
es\x07\x00\x00\x00\x03app\x01\x03\x00\x00\x00\x04\
d\xcdO\x5c\x08\x00\x00\x00\x00\x06\x00\x00\x00\x09Op\
eration\x07\x00\x00\x00\x03app\x01\
\x03\x00\x00\x00\x14]\xf2f\xabP\x5c\xff\x1a\x90Jb\
2]\xf2\x95\xdc\x95\x89\xff\x01\x08\x00\x00\x00\x00\x06\x00\
\x00\x00\x1aPaused becaus\
e game exited\x07\x00\x00\
\x00\x03app\x01\x03\x00\x00\x00,]\xf2f\xabP\
\x5c\xff\x1a\x90Jb2\x89\x96z\x97]\xf2g\x00\x5c\
\x0fS\x16b\x16\x90\xe8R\x06\x8d\x85Q\xfa\x87\xa2^\
U{\xc4W\x0d\xff\x01\x08\x00\x00\x00\x00\x06\x00\x00\x00\
9Paused because \
game window is m\
inimized or out \
of screen!\x07\x00\x00\x00\x03a\
pp\x01\x03\x00\x00\x00\x08eH\x80\xfdn,\x8af\
\x08\x00\x00\x00\x00\x06\x00\x00\x00\x10Perfor\
mance Test\x07\x00\x00\x00\x03a\
pp\x01\x03\x00\x00\x00P\x8a\xcbW(\x00 \x00M\
\x00u\x00M\x00u\x00 j!d\xecVh\x00 \
\x00[\x8a-[\x9a\x00]\x00-\x00>\x00[Qv\
N\xd6\x8a-[\x9a\x00]\x00 N-\x95\xdc\x95\x89\
\x00 \x00[\x80\xccfoc\x9bj_fBO\xdd\
c\x01W\xf7\x88L\x00]\x08\x00\x00\x00\x00\x06\x00\x00\
\x00CPlease turn of\
f enable backgro\
und keep alive i\
n MuMuPlayer set\
tings\x07\x00\x00\x00\x03app\x01\x03\x00\
\x00\x00\x0a\x86Ut\x06_qh<s\x87\x08\x00\x00\
\x00\x00\x06\x00\x00\x00\x12Process F\
rame Rate\x07\x00\x00\x00\x03ap\
p\x01\x03\x00\x00\x00\x1c\x86Ut\x06_\x8c\x90nd\
\xcb\x5cdv\x84f\xf4e\xb0\x95\x93\x96\x94\xff\x08y\
\xd2\xff\x09\x08\x00\x00\x00\x00\x06\x00\x00\x00)Sec\
onds between pro\
cessed overlay u\
pdates\x07\x00\x00\x00\x03app\x01\x03\
\x00\x00\x00\x06zi[\x9arH\x08\x00\x00\x00\x00\x06\
\x00\x00\x00\x0eStable Versi\
on\x07\x00\x00\x00\x03app\x01\x03\x00\x00\x00\x0e\
U_R\xd5z\x0b_\x0fup^8\xff\x1a\x08\x00\
\x00\x00\x00\x06\x00\x00\x00\x14Start Ap\
p Exception:\x07\x00\x00\x00\
\x03app\x01\x03\x00\x00\x00\x10\x95\x8bY\xcbN\x0b\
\x8f\x09v\xf8O\x9dYWN\xf6\x08\x00\x00\x00\x00\x06\
\x00\x00\x00\x11Start downlo\
ading\x07\x00\x00\x00\x03app\x01\x03\x00\
\x00\x00\x1cv{QefB\x81\xeaR\xd5U_R\
\xd5a\xc9u(z\x0b_\x0fU_R\xd5Vh\x08\
\x00\x00\x00\x00\x06\x00\x00\x001Start t\
he launcher auto\
matically when y\
ou sign in\x07\x00\x00\x00\x03a\
pp\x01\x03\x00\x00\x00\x0a\x95\x8bY\xcb\x00/P\x5c\
kb\x08\x00\x00\x00\x00\x06\x00\x00\x00\x0aStar\
t/Stop\x07\x00\x00\x00\x03app\x01\x03\
\x00\x00\x00\x06]\xf2P\x5ckb\x08\x00\x00\x00\x00\x06\
\x00\x00\x00\x07Stopped\x07\x00\x00\x00\x03\
app\x01\x03\x00\x00\x00&b\x10R\x9fW\xf7\x88\
LN\xfbR\xd9\xff\x0ckcW(\x90\x00Q\xfa\x90\
Jb2T\x8ca\xc9u(z\x0b_\x0f\xff\x01\x08\
\x00\x00\x00\x00\x06\x00\x00\x001Success\
fully Executed T\
ask, Exiting Gam\
e and App!\x07\x00\x00\x00\x03a\
pp\x01\x03\x00\x00\x00$R\x07c\xdbN\x0dT\x0c\
v\x84\x00 \x00W\x00i\x00n\x00d\x00o\x00w\
\x00s\x00 b*W\x16e\xb9_\x0f\x08\x00\x00\x00\
\x00\x06\x00\x00\x000Switch bet\
ween different W\
indows capture m\
ethods\x07\x00\x00\x00\x03app\x01\x03\
\x00\x00\x00\x16v\xeej\x19z\x97S\xe3o\xc0m;\
\xff\x1a`b_\xa9\x93\x04\x88\xfd\x08\x00\x00\x00\x00\x06\
\x00\x00\x00'Target windo\
w active: Record\
ing resumed\x07\x00\x00\x00\x03\
app\x01\x03\x00\x00\x00\x18v\xeej\x19z\x97S\
\xe3\x97^o\xc0m;\xff\x1af\xabP\x5c\x93\x04\x88\
\xfd\x08\x00\x00\x00\x00\x06\x00\x00\x00(Targe\
t window inactiv\
e: Recording pau\
sed\x07\x00\x00\x00\x03app\x01\x03\x00\x00\x00\
\x0ce\x87[W\x8f\xa8\x8bX}Pg\x9c\x08\x00\x00\
\x00\x00\x06\x00\x00\x00\x05Texts\x07\x00\x00\x00\
\x03app\x01\x03\x00\x00\x00\x18v\xeeRMrH\
g,\x00 \x00{\x00}\x00 _\xc5\x98\x08f\xf4\
e\xb0\x08\x00\x00\x00\x00\x06\x00\x00\x00&The \
current version \
{} must be updat\
ed\x07\x00\x00\x00\x03app\x01\x03\x00\x00\x00\x0a\
\x89\xf8v|Vh\x95\x93\x96\x94\x08\x00\x00\x00\x00\x06\
\x00\x00\x00\x10Trigger Inte\
rval\x07\x00\x00\x00\x03app\x01\x03\x00\x00\
\x00\x0af\xf4e\xb0Qg[\xb9\xff\x1a\x08\x00\x00\x00\
\x00\x06\x00\x00\x00\x08Updates:\x07\x00\
\x00\x00\x03app\x01\x03\x00\x00\x00\x16O\x7fu(\
\x00 \x00D\x00i\x00r\x00e\x00c\x00t\x00M\
\x00L\x08\x00\x00\x00\x00\x06\x00\x00\x00\x0cUse \
DirectML\x07\x00\x00\x00\x03app\
\x01\x03\x00\x00\x004Y\x82g\x9c`\xa8g\x09\x8f\x03\
Y'\x98oy:\x8a\x18a\xb6\x9a\xd4v\x84\x98o\
y:Sa\xff\x0cS\xef\x90x0\x0cf/0\x0d\
N\xe5c\xd0SGeH\x80\xfd\x08\x00\x00\x00\x00\x06\
\x00\x00\x00\x1eUse GPU to I\
mprove Performan\
ce\x07\x00\x00\x00\x03app\x01\x03\x00\x00\x00\x08\
\x89\x96z\x97\x8a-[\x9a\x08\x00\x00\x00\x00\x06\x00\x00\
\x00\x0dWindow Config\x07\
\x00\x00\x00\x03app\x01\x03\x00\x00\x00\x18\x00W\x00\
i\x00n\x00d\x00o\x00w\x00s\x00 b*W\
\x16e\xb9_\x0f\x08\x00\x00\x00\x00\x06\x00\x00\x00\x0fW\
indows Capture\x07\x00\
\x00\x00\x03app\x01\x03\x00\x00\x00\x02f/\x08\x00\
\x00\x00\x00\x06\x00\x00\x00\x03Yes\x07\x00\x00\x00\x03\
app\x01\x03\x00\x00\x00\x0c\x00{\x00}\x00 U\
_R\xd5Vh\x08\x00\x00\x00\x00\x06\x00\x00\x00\x0b{\
} Launcher\x07\x00\x00\x00\x03a\
pp\x01\
\x00\x00\xd3h\
<\
\xb8d\x18\xca\xef\x9c\x95\xcd!\x1c\xbf`\xa1\xbd\xdd\xa7\
\x00\x00\x00\x05ko_KRB\x00\x00\x15\x18\x00\x00\
\x05;\x00\x00\x09E\x00\x00\x05;\x00\x00)\xd0\x00\x00\
\x05;\x00\x00\x9dn\x00\x00\x05C\x00\x00\x91v\x00\x00\
\x05O\x00\x00M\x9f\x00\x00\x05O\x00\x00\xb59\x00\x00\
\x07\xb2\x00\x00E\x91\x00\x005\xa8\x00\x00\x0bQ\x00\x00\
5\xa8\x00\x00[(\x00\x00E\x82\x00\x00 \xee\x00\x00\
G\xa4\x00\x00\x05\xf9\x00\x00G\xa4\x00\x00X'\x00\x00\
Ih\x00\x00!v\x00\x00Ja\x00\x00N0\x00\x00\
Q\xc9\x00\x00(?\x00\x00S\x82\x00\x00\x1a#\x00\x00\
S\x82\x00\x00)\xa7\x00\x00S\x82\x00\x00\x90\xb1\x00\x00\
V\xfe\x00\x00P\x92\x00\x00Y\xbe\x00\x00,\x89\x00\x00\
[\xb3\x00\x00q\xe8\x00\x00_\xc3\x00\x00M\xd0\x00\x00\
_\xc3\x00\x00\xbd\xe2\x00\x00hp\x00\x00bY\x00\x00\
ih\x00\x004o\x00\x00u\xa2\x00\x00B\x0a\x00\x04\
<4\x00\x00\x9d,\x00\x04\x8c\xaf\x00\x00\xa6\xf2\x00\x04\
\x93\xc2\x00\x00\xa9\xbd\x00\x04\x98,\x00\x00\x12\xaa\x00\x04\
\x9c\xb9\x00\x00p1\x00\x04\xa6y\x00\x00\x15\x1e\x00\x04\
\xa8\x8b\x00\x00\x074\x00\x04\xa8\x8b\x00\x00v\xa2\x00\x04\
\xa9\x03\x00\x00\x0dz\x00\x04\xa9\x03\x00\x00\x5c\xc9\x00\x04\
\xb8w\x00\x00O\xd2\x00\x04\xbb\x04\x00\x00\x95\xd6\x00\x04\
\xcf\x04\x00\x00R\xa2\x00\x04\xd0%\x00\x00%\xa8\x00\x04\
\xec0\x00\x00w\x8b\x00\x04\xf6\xc2\x00\x00\x0d\xad\x00\x04\
\xf6\xc2\x00\x00\x5c\xfc\x00\x05\x04\xcf\x00\x00R\xc9\x00\x05\
\x04\xcf\x00\x00a*\x00\x05\x04\xcf\x00\x00\x98\x8a\x00\x05\
\x04\xcf\x00\x00\xa3\xc3\x00\x05\x04\xcf\x00\x00\xb1\x17\x00\x05\
VE\x00\x00\xb5Y\x00\x05d\x95\x00\x00\x0e\xdc\x00\x05\
d\x95\x00\x00^\x5c\x00\x05d\x95\x00\x00l\xbb\x00\x05\
\x98\xc5\x00\x00,\xb0\x00\x05\x98\xc5\x00\x00\x9e\xa0\x00\x05\
\xab`\x00\x00/\x07\x00\x05\xab`\x00\x00\x94\xbf\x00\x05\
\xab`\x00\x00\x97\x06\x00\x06\x87\x9b\x00\x004C\x00\x06\
\xd0D\x00\x009'\x00\x07F\xc5\x00\x00A\x15\x00\x0a\
\xf2\xce\x00\x00r7\x00\x0bN\x8e\x00\x00\x89\xe0\x00\x16\
\xad\x8d\x00\x00\x1a\xbe\x00\x18Y\x81\x00\x00\x89\x13\x00\x18\
\xed\xf2\x00\x00\xac@\x00&\x9ed\x00\x00=&\x00+\
d\x91\x00\x00{\x8d\x00=G\xa5\x00\x00xH\x00=\
\xfa\x15\x00\x00\x08o\x00C\x00\xa7\x00\x00\x82\x85\x00D\
'\xc5\x00\x00AA\x00G\x96\xc4\x00\x00Q\xbe\x00G\
\x96\xc4\x00\x00t\xd1\x00H,\x94\x00\x00\xa5\x0f\x00I\
\xf0A\x00\x00\xab\xb3\x00J+\x82\x00\x00O\x82\x00J\
6\x95\x00\x00O\xab\x00Jd\x95\x00\x00:\xf4\x00J\
\x809\x00\x00\x0dD\x00J\x809\x00\x00\x5c\x93\x00J\
\x809\x00\x00kV\x00J\xb9\xb7\x00\x00RL\x00J\
\xb9\xb7\x00\x00\x8e\x96\x00J\xb9\xb7\x00\x00\xa2\xd5\x00K\
Q\x15\x00\x00\x1b\x16\x00L\x99b\x00\x00Rz\x00L\
\x99b\x00\x00eL\x00L\x99b\x00\x00\x93[\x00L\
\x99b\x00\x00\xad\x80\x00N\xbf\xa5\x00\x00&U\x00O\
l\x93\x00\x00\x0d\xe2\x00Ol\x93\x00\x00]1\x00R\
\xfd\xf4\x00\x00\x07b\x00R\xfd\xf4\x00\x00w\xdf\x00T\
l\x95\x00\x00(\xfe\x00V\x80\x04\x00\x00\xb17\x00V\
\x8c\x95\x00\x00Pg\x00V\x8c\x95\x00\x00{`\x00V\
\x8c\x95\x00\x00\x94=\x00V\x8c\x95\x00\x00\x96Z\x00V\
\xae\xc2\x00\x00*\x86\x00X\xb7\xb9\x00\x00l\xeb\x00Y\
\xe8\x85\x00\x00N\x8f\x00Z\x8a#\x00\x00T\xd2\x00Z\
\xa8\x94\x00\x00|\x9a\x00Z\xa8\x94\x00\x00\x94\x96\x00Z\
\xa8\x94\x00\x00\x96\xe0\x00Z\xcf\xb3\x00\x00\xbb\xf1\x00Z\
\xec5\x00\x00\x07\x8f\x00\x5cV\xfe\x00\x00P\xdf\x00\x5c\
\x83\xb5\x00\x00a\x87\x00\x5c\x83\xb5\x00\x00\x99\x0b\x00i\
2\xb4\x00\x007c\x00j/\x9b\x00\x006J\x00v\
vN\x00\x00/\xfb\x00v\x8c\x95\x00\x00Bw\x00z\
+\xc0\x00\x00Dd\x00z\xe0e\x00\x00E\x18\x00}\
\x9e\x01\x00\x00\x81\xe7\x00\x81(i\x00\x00na\x00\x85\
7\xe7\x00\x00Mb\x00\x8d\x9c\x0e\x00\x00r\x9f\x00\x97\
\x96\x04\x00\x00k\xb5\x00\x97\x96\x04\x00\x00\x95\xa7\x00\xaf\
\x88w\x00\x00\x01\x9f\x00\xc0\xb8\x84\x00\x00:3\x00\xcd\
&\x11\x00\x00\x009\x01\x10\xaa^\x00\x00T\x99\x01!\
\xadg\x00\x00g#\x01*\xd0\x97\x00\x00\x09\xe7\x01*\
\xd0\x97\x00\x00H\x12\x01*\xd0\x97\x00\x00HO\x01*\
\xd0\x97\x00\x00\x96\x84\x016$q\x00\x00\x8b@\x01<\
\xdf5\x00\x00\xbd \x01?\xf9>\x00\x00\xac\xa5\x01@\
\x1dG\x00\x00Q<\x01C`n\x00\x00-P\x01L\
\x05#\x00\x00\xa2P\x01c\xaa\x09\x00\x00\x10\x96\x01c\
\xaa\x09\x00\x00`f\x01d\xa2o\x00\x002>\x01t\
#\xfd\x00\x00\x9e\xf9\x01\x80\xad\x22\x00\x00{*\x01\x80\
\xad\x22\x00\x00\x90K\x01\xaa\xde>\x00\x00\xb2/\x01\xb8\
\x13D\x00\x00 \xa0\x01\xc1\xf0\x05\x00\x00jA\x01\xca\
E\x8f\x00\x00\x06\x87\x01\xcaE\x8f\x00\x00\x99\x93\x01\xd4\
VT\x00\x00\xb6m\x01\xd7k\xaa\x00\x00\xb8\xf0\x01\xe7\
\xf5T\x00\x00v9\x01\xfb0\xd4\x00\x00\x8f8\x02\x06\
F5\x00\x00D\xd4\x02\x0b\x08\x8e\x00\x00U(\x02\x19\
\xde;\x00\x00d\x1c\x02\x1b7N\x00\x00cD\x02.\
@\xa1\x00\x00V|\x021\xe1\x8e\x00\x00I\xb1\x024\
\xfb\xbe\x00\x00&\xfa\x026R\xd4\x00\x00\x19\x1a\x026\
R\xd4\x00\x00b\x85\x028s\xd2\x00\x004\x96\x028\
\xd4R\x00\x00\xadS\x02;\xe2\x87\x00\x00\xa5\x7f\x02C\
\x04~\x00\x000\xf8\x02l\x99\x03\x00\x00\xb8Y\x02q\
6u\x00\x00\xa7[\x02v\xb8\x09\x00\x00qe\x02\xad\
pR\x00\x00W\xaa\x02\xc1A\xe9\x00\x00\x19d\x02\xd9\
@\xf9\x00\x00\xb5y\x02\xdc Q\x00\x00\xaf'\x02\xe7\
 \xf5\x00\x00\x06\xf7\x02\xe7 \xf5\x00\x00!\xff\x02\xe7\
 \xf5\x00\x00\x9a\x22\x02\xf6\xbc\x8a\x00\x00\x1d\x1d\x03\x00\
(\x14\x00\x00\xbb,\x03\x09\xa2\x9e\x00\x000\x9f\x03\x15\
*u\x00\x00%p\x03%\xdek\x00\x00g\x87\x03C\
L9\x00\x00%\xd0\x03K\xef\xe5\x00\x00CW\x03O\
\x17\x85\x00\x00Fk\x03P\xba\x9e\x00\x00R\xf0\x03S\
\xb0\xcb\x00\x00\x0cf\x03W\xb0\x17\x00\x00\x8c\xa2\x03X\
\x11u\x00\x00v\x00\x03]\xe0\x17\x00\x00(d\x03d\
\xa1\xce\x00\x00O\xfa\x03v\xe01\x00\x00\x82\xd1\x03\x81\
\xa9]\x00\x00 5\x03\x8d\x17\xe3\x00\x00\x8f\x9a\x03\x9d\
\xfdE\x00\x00s\x86\x03\xc5\xefz\x00\x00!\xc7\x03\xcc\
\xfa\xa3\x00\x00\x02a\x03\xcdG\xa5\x00\x00;,\x03\xee\
\xf3\xfa\x00\x00-\x14\x04\x14S\xf5\x00\x00\x13\xf7\x04\x1b\
\xf0d\x00\x00\xb7J\x04\x1d\xf6~\x00\x00b\xde\x04(\
U\xc4\x00\x00\xbb\x8b\x046\x07\xc4\x00\x00\x17\x13\x04K\
+\x03\x00\x00XS\x04L\xedM\x00\x00\xa4\xa3\x04d\
`5\x00\x00@@\x04e\xafi\x00\x00\x0eM\x04e\
\xafi\x00\x00^$\x04e\xafi\x00\x00lR\x04l\
u\x90\x00\x00Y\xbe\x04r\x80\xd4\x00\x00`\xf8\x04r\
\x80\xd4\x00\x00\x98.\x04r\xd0\x03\x00\x00T\xfa\x04\x87\
p\xc8\x00\x00:\x8f\x04\x8f\x07Y\x00\x00p\x89\x04\x90\
\x894\x00\x00o\x11\x04\x94\xa8\x84\x00\x00\x83a\x04\x98\
I\xbc\x00\x00\x06&\x04\x98I\xbc\x00\x00\x08F\x04\x98\
I\xbc\x00\x00\x0a\x1e\x04\x98I\xbc\x00\x00\x0b\xf8\x04\x98\
I\xbc\x00\x00\x10\xf0\x04\x98I\xbc\x00\x00!\x9d\x04\x98\
I\xbc\x00\x00H\x8b\x04\x98I\xbc\x00\x00IL\x04\x98\
I\xbc\x00\x00X\x9b\x04\x98I\xbc\x00\x00[\xcf\x04\x98\
I\xbc\x00\x00d~\x04\x98I\xbc\x00\x00\x99.\x04\x98\
I\xbc\x00\x00\x99\xf8\x04\x98I\xbc\x00\x00\xab\x1e\x04\x99\
n\x95\x00\x00LY\x04\xa0\xb2*\x00\x00.\xbc\x04\xa1\
L\x85\x00\x00.v\x04\xa2\xcb\xd7\x00\x00t\xf9\x04\xa8\
\xb8\xa5\x00\x00\x0c/\x04\xac,\xa5\x00\x00d\xe5\x04\xac\
,\xa5\x00\x00k\x85\x04\xac,\xa5\x00\x00\x95N\x04\xac\
,\xa5\x00\x00\x9aZ\x04\xac\xab]\x00\x00\x0c\xb7\x04\xac\
\xab]\x00\x00\x5c\x06\x04\xac\xab]\x00\x00k\x1e\x04\xc2\
\x8f\xa2\x00\x00\x8fk\x04\xc4y%\x00\x00\x97\xd0\x04\xcf\
v\x94\x00\x00$l\x04\xd1\x1fR\x00\x00\x90\x80\x04\xd5\
P\xa4\x00\x00<\xee\x04\xd5Z\xc4\x00\x00=\xb4\x04\xd5\
n\xc4\x00\x00>'\x04\xd5\xe9\xa9\x00\x00\x1e\x06\x04\xe0\
\x8f\xb2\x00\x00N`\x04\xe3X|\x00\x00\xb0\x13\x04\xe6\
\xf1\xdf\x00\x00\xa1g\x04\xedY\xc4\x00\x00\x18\xd4\x04\xf4\
\x18N\x00\x00/Z\x04\xf6\x91\xc9\x00\x00\xb07\x04\xfa\
\x12\xa3\x00\x00\xb3\xd2\x05\x14\x8d9\x00\x00W`\x05\x17\
60\x00\x00))\x05\x1d\xcf\x09\x00\x00\xa9\x0a\x05\x22\
?\xe9\x00\x00x\x96\x05#k\x81\x00\x00\x92\xa9\x05(\
J\xd3\x00\x00OP\x051\x10\xbe\x00\x00C\xdc\x056\
\x8ay\x00\x00\xab|\x058\x92\xc0\x00\x00\x9c\x17\x05<\
F\x99\x00\x00\xb3\xae\x05@\x5c\xa5\x00\x00\x0e\x18\x05@\
\x5c\xa5\x00\x00]g\x05B\xdd\xac\x00\x00\xbc\xe6\x05E\
\xaf\xd9\x00\x00YU\x05E\xaf\xd9\x00\x00Z\xaa\x05E\
\xaf\xd9\x00\x00]\x9c\x05E\xaf\xd9\x00\x00l\x22\x05K\
\xe0\xd4\x00\x00\x8ej\x05_/R\x00\x00=v\x05f\
j\xa7\x00\x00\xb9,\x05o/\xe3\x00\x00f\x0b\x05v\
*I\x00\x00_\x1a\x05{\x90\x15\x00\x00\x16v\x05\x80\
W\xc4\x00\x00tq\x05\x8b\xa6\x84\x00\x00+\x1b\x05\x8c\
F\xc5\x00\x00Y\xf4\x05\x8c\xac5\x00\x00P\xb7\x05\x8c\
\xac5\x00\x00\x94l\x05\x8c\xac5\x00\x00\x96\xb9\x05\x8e\
c\xb5\x00\x00\xa84\x05\x93\xca\x17\x00\x00q(\x05\x9a\
\x90t\x00\x00TA\x05\x9c}.\x00\x00\x9f\xd3\x05\xa6\
\xecX\x00\x009O\x05\xaa\x8b\xc3\x00\x00mQ\x05\xac\
\xdcQ\x00\x00\x04\xb0\x05\xb4\x98\xde\x00\x00*\xaf\x05\xbd\
\xf7S\x00\x00<\x10\x05\xc6\xa8\xa5\x00\x00V$\x05\xd4\
\x8fX\x00\x006\xb4\x05\xd6\x03\xff\x00\x00?\x83\x05\xdb\
\xc29\x00\x00\x10_\x05\xdb\xc29\x00\x00`/\x05\xdb\
\xc29\x00\x00n1\x05\xdd\xf9D\x00\x00&\x80\x05\xdf\
\xba\xba\x00\x00\x09j\x05\xe0Kg\x00\x003[\x05\xe7\
\x0c5\x00\x00x\x07\x06\x09\xcd\xf4\x00\x00\x87u\x06#\
\xc0[\x00\x00D\x93\x06,\xce\xa9\x00\x00)\xf6\x06.\
!\xe5\x00\x00EG\x06.\x8e)\x00\x00\x83\xf4\x06C\
\x1f\x15\x00\x00\xb3{\x06K\x02\xa5\x00\x00\x17T\x06Q\
V\xe9\x00\x00\xb0[\x06\x5c\xd6\x95\x00\x00c\xd6\x06e\
2`\x00\x00D#\x06e\xa0.\x00\x00Z#\x06\x80\
\xab\x84\x00\x00&\xbf\x06\x816D\x00\x00\xb4\x9e\x06\x95\
x>\x00\x00u\x9f\x06\xa2\x1a]\x00\x00\x94\xe7\x06\xa8\
\xa9\xaa\x00\x00\xbc\xbc\x06\xacWc\x00\x00;\xd2\x06\xae\
\xa4>\x00\x00\x9c\x94\x06\xb0\xbe\xae\x00\x00\x02\x9a\x06\xb0\
\xbe\xae\x00\x00\xb8\xc0\x06\xb5\x04\x22\x00\x00<c\x06\xb8\
\x91\xde\x00\x00.1\x06\xbb]a\x00\x00\x88D\x06\xc4\
y%\x00\x008^\x06\xc9\xb1\x80\x00\x00@\xdd\x06\xd0\
\xbaQ\x00\x00\xb1^\x06\xe3v\xd4\x00\x007\x9e\x06\xe8\
\xc3G\x00\x00\x81w\x07\x02\x06\x83\x00\x00\xab\xd4\x07\x05\
\xe4d\x00\x00\xaf\x81\x07\x09W\xa2\x00\x00>\x9d\x07\x0c\
HY\x00\x00\x1dg\x07\x11\x5c$\x00\x00\x18g\x07\x1f\
\x97[\x00\x00#\x00\x074'\x12\x00\x00W$\x077\
3\xdb\x00\x00\xaef\x07Io~\x00\x00\xaf\xb2\x07P\
\xb3\xaa\x00\x00&\x1f\x07Wf\x07\x00\x00\xa7\x12\x07^\
\xb4t\x00\x00\xaf\xe5\x07h\x80$\x00\x00\x13\x16\x07\x85\
\x93\xd1\x00\x00\xa2\x03\x07\x9a\x96,\x00\x00C%\x07\xa9\
\xbc\x84\x00\x00j\xa0\x07\xab\x06\x13\x00\x00j\xed\x07\xab\
\x08\x98\x00\x00F!\x07\xab\x1aR\x00\x00F\xc1\x07\xb4\
5q\x00\x00\x8a}\x07\xb5\xe2\xfb\x00\x00\x0ay\x07\xb5\
\xe2\xfb\x00\x00\x22b\x07\xb7U\xe4\x00\x00}\x97\x07\xdf\
\x0e\xf3\x00\x00\x16\xcf\x07\xe3\xfd\x9b\x00\x00f\x9c\x07\xe5\
$\xf3\x00\x00\xad.\x08\x03\xeft\x00\x00\x09\x95\x08\x09\
\x7fd\x00\x00\x09\x07\x08\x0abr\x00\x00GO\x08\x0f\
tN\x00\x00\xb9c\x08\x18B%\x00\x00\xb4\xef\x087\
\x99\xfd\x00\x00\xa7\xe7\x08=\xe1s\x00\x00u*\x08B\
\xf3Q\x00\x00\xac\xe6\x08E=\x0e\x00\x00\x00\xcf\x08E\
=\x0e\x00\x00\xa9\x8f\x08Fk\xe2\x00\x00\xbd\xff\x08J\
\x95A\x00\x00\x808\x08K\x95\xb4\x00\x00\x8dj\x08N\
\xb2\xf5\x00\x00w\xb4\x08i5\xf4\x00\x00\xbc\x14\x08i\
\x8d\x8c\x00\x003\x83\x08n\xd9n\x00\x00\x8c\xd8\x08u\
`l\x00\x00\xbc\x88\x08\x80K\xf7\x00\x00}*\x08\x81\
(\x11\x00\x00\x86\xcb\x08\x89)\xf9\x00\x00V\xed\x08\x96\
\x1e\x8c\x00\x00z\x11\x08\x9aE\xee\x00\x00<\x9e\x08\xa2\
\x93\xc7\x00\x00\xa4k\x08\xb3\xba}\x00\x00\x1e\xa2\x08\xb4\
\xac\x0e\x00\x00}\xed\x08\xbah\xc3\x00\x00Q\x97\x08\xbd\
\x8c\xc8\x00\x00g\xd6\x08\xbd\x8c\xc8\x00\x00|\x0d\x08\xbd\
\x8c\xc8\x00\x00\x91\x99\x08\xc2\xb8\xc5\x00\x00S\xb5\x08\xc2\
\xb8\xc5\x00\x00\xa3\xeb\x08\xc4\x9b\xe2\x00\x00\xb3U\x08\xcc\
e\x97\x00\x00\x91\xc5\x08\xce\x01\x9e\x00\x00A\xc6\x08\xd6\
t\x12\x00\x00\x91\xf8\x08\xfd\xd9#\x00\x00U\xf7\x09\x06\
\xb5i\x00\x00\xa0\x9a\x09\x0bI\xc9\x00\x00#\xf6\x09\x16\
(\xb1\x00\x00\x85%\x09)\xe2\x83\x00\x00z\xa9\x09)\
\xe2\x83\x00\x00\x8f\xcd\x09+`\xfc\x00\x00os\x090\
\x8f%\x00\x00\xa3\x00\x096vN\x00\x000M\x09>\
\xbd\xfe\x00\x00\x149\x09?h\x89\x00\x00\x0b\x89\x09?\
h\x89\x00\x00[`\x09J*\xb9\x00\x00\x03e\x09Q\
\xd8\xce\x00\x00\x9b.\x09Z\x7f\xad\x00\x00\x9f\x87\x09\x5c\
\xa9e\x00\x00\x00\x00\x09`\x06\xb5\x00\x00\x0fU\x09`\
\x06\xb5\x00\x00^\x93\x09a~\xb5\x00\x00|\xc1\x09k\
\xd7]\x00\x00\x01\x02\x09m\xf9T\x00\x00$\x9a\x09q\
\x01\xe0\x00\x00\xb9\xdc\x09\x87\xbc\xc5\x00\x00Q\xe6\x09\x87\
\xbc\xc5\x00\x00zD\x09\x87\xbc\xc5\x00\x00\x8d\x9c\x09\x88\
\xbd\xa3\x00\x00v\xcb\x09\x8cu\xff\x00\x00\x9e\xc8\x09\x91\
\xe0\x92\x00\x00>\xcf\x09\x9cu\xa3\x00\x00\x1b\xe6\x09\x9d\
\x14\x84\x00\x00\x1b\x87\x09\xaa\xaa\x89\x00\x00\x9e\x19\x09\xb2\
\xf0\x1e\x00\x00@\x9f\x09\xb8\x9e\x89\x00\x00a\xb1\x09\xc5\
P\x17\x00\x00aU\x09\xc5P\x17\x00\x00m\x1c\x09\xc5\
P\x17\x00\x00|:\x09\xc5P\x17\x00\x00\x98\xae\x09\xc5\
\xb8\x8a\x00\x00\xa6\x0e\x09\xd1\x8d\xf1\x00\x00\x87\xfb\x09\xd5\
\x1e\xb5\x00\x00\x12(\x09\xd5\x1e\xb5\x00\x00_l\x09\xd5\
\x1e\xb5\x00\x00m\x81\x09\xd7\xa4d\x00\x005E\x09\xde\
\xd1\x8d\x00\x00~\x9c\x09\xeb\xbf\xb5\x00\x00T\x16\x09\xfd\
]\xb5\x00\x00\x10\x1a\x09\xfd]\xb5\x00\x00_\xea\x09\xfd\
]\xb5\x00\x00m\xba\x0a\x10d-\x00\x00\x1d\xb5\x0a\x1e\
e\xb4\x00\x00iZ\x0a!\xa6o\x00\x00!\x17\x0a\x22\
\xd2k\x00\x00B\xa6\x0a/k\xbf\x00\x00\x1c\xd6\x0a0\
\xab\x94\x00\x00$\xd9\x0a<j+\x00\x00\x0f\x13\x0a=\
\x0e\x95\x00\x00L\x90\x0a?#\x1b\x00\x00\x11\xa5\x0a?\
#\x1b\x00\x00#=\x0a?#\x1b\x00\x00d\xac\x0a?\
#\x1b\x00\x00\x98Y\x0a?j[\x00\x00#r\x0a?\
j[\x00\x00e\x13\x0a?j[\x00\x00\x95u\x0aZ\
\xcc\xc5\x00\x00A\x88\x0a_\xbe\x83\x00\x009\xb1\x0aa\
\x13>\x00\x00\x93\x84\x0ad\xd0\xcd\x00\x00\x06V\x0ad\
\xd0\xcd\x00\x00\x0aK\x0ad\xd0\xcd\x00\x00\x11u\x0ad\
\xd0\xcd\x00\x00H\xea\x0ad\xd0\xcd\x00\x00I~\x0ad\
\xd0\xcd\x00\x00W\xfa\x0ad\xd0\xcd\x00\x00Y%\x0ad\
\xd0\xcd\x00\x00\x99`\x0ad\xd0\xcd\x00\x00\xac\x82\x0ae\
\xb9\x1c\x00\x00\x227\x0ah\xf6\xd5\x00\x009\xef\x0ai\
A\x82\x00\x00L\xce\x0am\x82\xfc\x00\x00G\x87\x0at\
g\x19\x00\x00\x11\xdf\x0av\x1d\x99\x00\x00(\x8f\x0av\
Z2\x00\x00O(\x0awr\xd7\x00\x00\x07\xbc\x0ay\
_\x07\x00\x001X\x0a\x84\xfb\xa8\x00\x003\xff\x0a\x95\
m\xe4\x00\x008\x90\x0a\x96ke\x00\x00\x0e\x85\x0a\x9a\
\xaaZ\x00\x00\x01\xe0\x0a\xa2\xfa7\x00\x00\xbdt\x0a\xa7\
\xd1>\x00\x00JG\x0a\xa8@\x11\x00\x00|g\x0a\xad\
gY\x00\x00\x924\x0a\xb6v\xe4\x00\x00\xba\x08\x0a\xb9\
\x9c\xf3\x00\x00//\x0a\xb9\x9c\xf3\x00\x00h\x85\x0a\xb9\
\x9c\xf3\x00\x00\xa02\x0a\xbe J\x00\x00\x08\xa9\x0a\xbe\
I\x9e\x00\x00|\xf3\x0a\xd0_d\x00\x00\xa0]\x0a\xd2\
\xc0\xe5\x00\x007\x19\x0a\xd8\xc4\x11\x00\x00\x84\xd2\x0a\xdb\
\x09\xe4\x00\x00\xb2\xd8\x0a\xe1\xb0\x85\x00\x00\xaa\x11\x0a\xe7\
\x93\x14\x00\x00z\xe0\x0a\xe8\xd6\x1e\x00\x00\x9d\x94\x0a\xeb\
f\x09\x00\x00L\x11\x0a\xffe\xee\x00\x00\x9cC\x0b\x00\
\xf9\x94\x00\x00\x12\xcf\x0b\x03\xc6\x94\x00\x00\x0f\xdc\x0b\x03\
\xc6\x94\x00\x00_\xac\x0b\x09yE\x00\x007\xeb\x0b\x09\
ye\x00\x00\x97\xa0\x0b\x09\xa6\xc4\x00\x00M\xfe\x0b%\
\xf5\x11\x00\x00\x05\xc2\x0b08\xf9\x00\x00\x16\x0e\x0b6\
\x01k\x00\x00e\xc2\x0b6\x08+\x00\x00ey\x0bH\
B\xd9\x00\x00\x0b\x00\x0bHB\xd9\x00\x00Z\xd7\x0b`\
\xb6\xd5\x00\x00G\x0b\x0bc\xe2\x94\x00\x00\x80\xe2\x0bd\
\xdd\xbd\x00\x00%\x14\x0b\x883H\x00\x006\x0f\x0b\x8f\
\xdd\xb2\x00\x00E\xb7\x0b\x91\x1f\xcc\x00\x00\x15\x8b\x0b\x92\
\x14 \x00\x003\xbe\x0b\x997\x8e\x00\x00\x8b\xfd\x0b\x9e\
\x96Y\x00\x00y\x22\x0b\xab\x94\x0e\x00\x00\x8d\xf9\x0b\xb4\
a>\x00\x00zm\x0b\xb7p\xde\x00\x00)Z\x0b\xbd\
\xf2c\x00\x00\xa2\x8f\x0b\xc0\x05\xe4\x00\x00\x9fU\x0b\xc2\
\x05\xe4\x00\x00B\xe7\x0b\xc5\x09q\x00\x00\x05\x8b\x0b\xcb\
\x00\xae\x00\x00-\xdb\x0b\xdb\x22C\x00\x00\xa7\x92\x0b\xdd\
_i\x00\x00\x13\x89\x0b\xe3\xea\x81\x00\x00\xa4\x18\x0b\xee\
\x00\xe4\x00\x00N\xc5\x0c\x01\x9e\xd1\x00\x00\xb6\xbd\x0c\x04\
\xa05\x00\x00S\xe5\x0c\x04\xa05\x00\x00c\xa5\x0c\x05\
\x83\x83\x00\x00\x1bQ\x0c\x05\x83\x83\x00\x00P6\x0c\x05\
\x83\x83\x00\x00\x91F\x0c\x10\xbf.\x00\x00\x9a\x84\x0c\x13\
\xf8\xce\x00\x00\x0a\xaf\x0c\x15*\xee\x00\x00\x7f\xb4\x0c!\
\x99\xcb\x00\x00\xad\xa1\x0c*$W\x00\x00H\xb5\x0c*\
$W\x00\x00`\xc0\x0c*$W\x00\x00\x8e8\x0c*\
$W\x00\x00\x97\xfd\x0cB\x17\xa3\x00\x00\x8e\xfc\x0cC\
\xbb\xe2\x00\x00\xa5\xe0\x0cG\x92\xf4\x00\x00k\xed\x0cG\
\x92\xf4\x00\x00\x95\xfb\x0cJfY\x00\x00C\xa4\x0cR\
V\x8e\x00\x00m\xf8\x0cV\x8c\xe5\x00\x00E\xec\x0cV\
\xb7\xad\x00\x00\x22\x95\x0cX\x09e\x00\x00\xb8\x1d\x0cZ\
\xcf\x1d\x00\x00\x19\xbd\x0c^T\xf9\x00\x00\x11\x1f\x0co\
\x11\x8b\x00\x00\x05O\x0cu\x02\xbe\x00\x00Y\x84\x0cu\
K\x99\x00\x00\x8e\xc2\x0cz\xc3\x9e\x00\x00\x15G\x0cz\
\xdb7\x00\x00\xb43\x0c{\x85\x9f\x00\x001\x95\x0c\x80\
\x8a\x83\x00\x00,\xd8\x0c\x84\xfes\x00\x00\xba\xb6\x0c\x88\
\xfa>\x00\x00\xb6H\x0c\x90\xd8\xbc\x00\x00\xaa\x8f\x0c\x92\
\xbc\xa1\x00\x00\x85\xf7\x0c\x97\x12\xac\x00\x00y\xd8\x0c\x98\
\x96\x9d\x00\x00\x18/\x0c\x9a\x01\xda\x00\x003\x02\x0c\xa1\
\xa9\x84\x00\x00>_\x0c\xa3\x80I\x00\x00V\xb6\x0c\xa4\
\x91\xb5\x00\x00;y\x0c\xa8h\x87\x00\x00yk\x0c\xa9\
_$\x00\x00I\x15\x0c\xbb\x01s\x00\x00Tn\x0c\xbb\
\x01s\x00\x00x\xf7\x0c\xc9\xa0\x0e\x00\x00y\xae\x0c\xce\
\x0f\x1f\x00\x00+E\x0c\xdf\x8d\xc8\x00\x00\x08\x0f\x0c\xee\
\xd9[\x00\x00fS\x0c\xf6\x5c\xfe\x00\x00l\x83\x0d\x04\
,\xaf\x00\x00B3\x0d\x05Rs\x00\x00\x13S\x0d\x18\
\x90\xf2\x00\x00M\x22\x0d\x1fN\x94\x00\x00h\x09\x0d1\
\x07\xc5\x00\x00\xbd\xa1\x0d4\xb3\xee\x00\x00G\xc5\x0d9\
\xd2\xae\x00\x00\x1c#\x0dGc\xb4\x00\x00\x8d\xc4\x0dL\
\xdb\xf1\x00\x00\xba-\x0dM\xb0\x9d\x00\x00\x12`\x0dU\
\x94\xe2\x00\x00=\xec\x0dZ\xca\xe7\x00\x00?\x0d\x0d\x5c\
\xa9\x15\x00\x005\xa1\x0d\x5c\xec2\x00\x00?H\x0d_\
\xd6C\x00\x008 \x0d\x89P\x17\x00\x0030\x0d\x89\
P\x17\x00\x00K\xde\x0d\x93x%\x00\x00\x02\x1e\x0d\xa1\
\xc7\xc9\x00\x00\x90\x03\x0d\xacz\xf3\x00\x00\x14\x83\x0d\xb0\
\x8e\xd4\x00\x00t\x05\x0d\xc0\xcb\x94\x00\x00\x14\xc8\x0d\xc5\
\x9e\xbe\x00\x00s\x13\x0d\xd3\x034\x00\x00\xae\x1e\x0d\xd5\
\xf0#\x00\x00Zi\x0d\xd8\xc9)\x00\x00\xa8\xb8\x0d\xdf\
b-\x00\x00\x1e\xf0\x0d\xfc\x13'\x00\x00?\xbb\x0e\x0d\
Dn\x00\x00'\x8a\x0e\x11\x9a\xe6\x00\x00\xaa\xc4\x0e\x12\
\x05s\x00\x00\xb5\xdf\x0e\x17\x01\x1d\x00\x00\x1f\xb2\x0e!\
}d\x00\x00\x97+\x0e/\xa2t\x00\x00\x15\xbe\x0e1\
\xac*\x00\x00\xa50\x0e;\xcd\x81\x00\x00\xb3\x1d\x0eD\
\xcd+\x00\x00]\xd3\x0eF\xc4\xc3\x00\x008\xdd\x0eb\
\xa1\xae\x00\x00\xae\xed\x0ee@\x89\x00\x00\xa0\xf3\x0eg\
\x84\xbb\x00\x00?\xfc\x0er\xa2\x0e\x00\x00+\xe3\x0e\xaf\
o\xc3\x00\x00\x96'\x0e\xb17\x93\x00\x00hI\x0e\xbf\
\xdf:\x00\x00\x08\xdb\x0e\xcb%\xa2\x00\x00R\x16\x0e\xd3\
\x02\xed\x00\x00\x7f&\x0e\xe1~\xa3\x00\x00\x0f\x96\x0e\xe1\
~\xa3\x00\x00^\xd4\x0e\xe5x\x19\x00\x00\x17\x8f\x0e\xe8\
\x9b\xb2\x00\x00\xb5\xae\x0e\xf3\x11C\x00\x00\xa9`\x0f\x03\
\xb7\xa1\x00\x00\xa3y\x0f\x07gi\x00\x00h\xb4\x0f\x0e\
\x89.\x00\x00X\xca\x0f\x19\x22<\x00\x00\x0c\xf6\x0f\x19\
\x22<\x00\x00\x5cE\x0f s\xf1\x00\x00\x04S\x0f!\
o\xdd\x00\x00\x02\xcf\x0f'\xf1\xfb\x00\x00\x04)\x0f'\
\xf1\xfb\x00\x00VQ\x0f3\x9a\x85\x00\x00\x9a\xda\x0f9\
@\xe8\x00\x00\x04\x86\x0fL\xa1\xb3\x00\x00(\xc8\x0fW\
\xb8i\x00\x00i\xed\x0fX\x1aC\x00\x00\xb7~\x0fn\
1U\x00\x00o\xea\x0f\x85\xef\xbe\x00\x00/\xaa\x0f\x8a\
3\xb5\x00\x00u]\x0f\x93gi\x00\x00i\x07\x0f\x96\
\xf2!\x00\x00S+\x0f\x98N\xf4\x00\x00\x98\xd9\x0f\x99\
+e\x00\x00\xab@\x0f\x9eH$\x00\x00\xa8e\x0f\xa1\
3H\x00\x006y\x0f\xadN]\x00\x00\xa9\xdd\x0f\xc0\
w!\x00\x00\x05\x00\x0f\xc9X\x97\x00\x00Q\x0c\x0f\xc9\
X\x97\x00\x00\x92z\x0f\xcc\xa8\xc4\x00\x00#\xa7\x0f\xd2\
\xbb\xbd\x00\x00\x1aO\x0f\xd2\xbb\xbd\x00\x00\x90\xd7\x0f\xd4\
\x9eI\x00\x00\x9bv\x0f\xd5U\xb3\x00\x00}`\x0f\xef\
/\xd4\x00\x00i\xa5\x0f\xf4\xee^\x00\x004\xfe\x0f\xf5\
]#\x00\x00\xad\xd6i\x00\x00\xbe,\x03\x00\x00\x00\x0e\
\xbc\x84\xc8\x04\x00 \xc5\xc5\xb3p\xc7t\xd2\xb8\x08\x00\
\x00\x00\x00\x06\x00\x00\x00\x0eVersion \
Update\x07\x00\x00\x00\x08@defa\
ult\x01\x03\x00\x00\x00H\x00{\x00k\x00e\x00\
y\x00}\x00 \xc7@\x00(\xb2\x94\x00)\x00 \xc7\
 \xd6\xa8\xd5X\xc9\xc0\x00 \xc5J\xc2\xb5\xb2\xc8\xb2\
\xe4\x00.\x00 \xb2\xe8\xcd\x95\xd0\xa4\x00 \xc1$\xc8\
\x15\xc7D\x00 \xd6U\xc7x\xd5X\xc18\xc6\x94\x00\
!\x08\x00\x00\x00\x00\x06\x00\x00\x001{key}\
 is invalid, ple\
ase check the ho\
tkey config!\x07\x00\x00\x00\
\x08@default\x01\x03\x00\x00\x00\x0a\xbc\
\xa0\xd0\xc0\x00 \xbc\x84\xc8\x04\x08\x00\x00\x00\x00\x06\x00\
\x00\x00\x0cBeta Version\x07\
\x00\x00\x00\x08AboutTab\x01\x03\x00\x00\
\x00P\xb2\xe4\xc6\xb4\xad\xf8\xb8\x08\xc7t\xb4\xdc\x00 \
\xc11\xac\xf5\x00 \x00{\x00f\x00r\x00o\x00m\
\x00_\x00v\x00e\x00r\x00s\x00i\x00o\x00n\
\x00}\x00 \x00-\x00>\x00 \x00{\x00t\x00o\
\x00_\x00v\x00e\x00r\x00s\x00i\x00o\x00n\
\x00}\x08\x00\x00\x00\x00\x06\x00\x00\x000Down\
grade success {f\
rom_version} -> \
{to_version}\x07\x00\x00\x00\
\x08AboutTab\x01\x03\x00\x00\x00\x16\xb5\
\x14\xbc\x84\xad\xf8\x00 \xbc\x84\xc8\x04\x00 \xb2\xe4\xc6\
\xb4\xb8\x5c\xb4\xdc\x08\x00\x00\x00\x00\x06\x00\x00\x00\x0eD\
ownload Debug\x07\x00\x00\
\x00\x08AboutTab\x01\x03\x00\x00\x00\x12\
\xb2\xe4\xc6\xb4\xb8\x5c\xb4\xdc\x00 \xc6$\xb9X\x00:\
\x00 \x08\x00\x00\x00\x00\x06\x00\x00\x00\x0fDown\
load Error:\x07\x00\x00\x00\x08\
AboutTab\x01\x03\x00\x00\x00\x16\xb9\xb4\
\xb9\xac\xc2\xa4\x00 \xbc\x84\xc8\x04\x00 \xb2\xe4\xc6\xb4\
\xb8\x5c\xb4\xdc\x08\x00\x00\x00\x00\x06\x00\x00\x00\x10Do\
wnload Release\x07\x00\
\x00\x00\x08AboutTab\x01\x03\x00\x00\x00\
\x0e\xad\x00\xb8(\x00 \xd5\x04\xb8\x5c\xc8\x1d\xd2\xb8\x08\
\x00\x00\x00\x00\x06\x00\x00\x00\x0eOther P\
rojects\x07\x00\x00\x00\x08Abou\
tTab\x01\x03\x00\x00\x00\x0a\xc5H\xc8\x15\x00 \
\xbc\x84\xc8\x04\x08\x00\x00\x00\x00\x06\x00\x00\x00\x0eSt\
able Version\x07\x00\x00\x00\
\x08AboutTab\x01\x03\x00\x00\x00L\xc5\
\xc5\xb3p\xc7t\xd2\xb8\x00 \xc11\xac\xf5\x00 \x00\
{\x00f\x00r\x00o\x00m\x00_\x00v\x00e\x00\
r\x00s\x00i\x00o\x00n\x00}\x00 \x00-\x00\
>\x00 \x00{\x00t\x00o\x00_\x00v\x00e\x00\
r\x00s\x00i\x00o\x00n\x00}\x08\x00\x00\x00\x00\
\x06\x00\x00\x00-Update succ\
ess {from_versio\
n} -> {to_versio\
n}\x07\x00\x00\x00\x08AboutTab\x01\
\x03\x00\x00\x00Z\xac\x8c\xc7\x84\x00 \x00I\x00D\x00\
(\xc6\x08\x00:\x00 \x001\x000\x002\x006\x00\
3\x000\x006\x001\x002\x003\x004\x005\x00\
)\xb2\x94\x00 \xc7t\x00 \xac\xc4\xc8\x15\xc5\xd0\x00\
 \xad\xc0\xc1\x8d\xb4\x18\xc5\xb4\x00 \xbc\xc0\xac\xbd\xd5\
`\x00 \xc2\x18\x00 \xc5\xc6\xc2\xb5\xb2\xc8\xb2\xe4\x08\
\x00\x00\x00\x00\x06\x00\x00\x00L\xe4\xbd\xa0\xe7\x9a\x84\xe6\
\xb8\xb8\xe6\x88\x8f\xe7\xbc\x96\xe5\x8f\xb7, \xe5\xa6\x82\
102630612345, \xe5\xb0\
\x86\xe4\xbc\x9a\xe7\xbb\x91\xe5\xae\x9a\xe6\xad\xa4\xe8\xb4\xa6\
\xe5\x8f\xb7\xe4\xbd\xbf\xe7\x94\xa8\xe6\x97\xa0\xe6\xb3\x95\xe6\
\x9b\xb4\xe6\x94\xb9\x07\x00\x00\x00\x09ActWin\
dow\x01\x03\x00\x00\x00\x06\xd6\x5c\xc11\xd6T\x08\
\x00\x00\x00\x00\x06\x00\x00\x00\x06\xe6\xbf\x80\xe6\xb4\xbb\x07\
\x00\x00\x00\x09ActWindow\x01\x03\x00\
\x00\x00\x0c\xd6\x5c\xc11\xd6T\x00 \xcfT\xb4\xdc\x08\
\x00\x00\x00\x00\x06\x00\x00\x00\x09\xe6\xbf\x80\xe6\xb4\xbb\xe7\
\xa0\x81\x07\x00\x00\x00\x09ActWindow\
\x01\x03\x00\x00\x00\x06\xcc\xb4\xd5\xd8\xd3\x10\x08\x00\x00\x00\
\x00\x06\x00\x00\x00\x06\xe8\xaf\x95\xe7\x94\xa8\x07\x00\x00\x00\
\x09ActWindow\x01\x03\x00\x00\x00\x1c\
\xac\x8c\xc7\x84\x00 \x00I\x00D\xb9|\x00 \xc7\x85\
\xb8%\xd5t\xc8\xfc\xc18\xc6\x94\x00!\x08\x00\x00\x00\
\x00\x06\x00\x00\x00\x16\xe8\xaf\xb7\xe8\xbe\x93\xe5\x85\xa5\xe6\
\xb8\xb8\xe6\x88\x8f\xe7\xbc\x96\xe5\x8f\xb7!\x07\x00\x00\x00\
\x09ActWindow\x01\x03\x00\x00\x00\x1e\
\xd6\x5c\xc11\xd6T\x00 \xcfT\xb4\xdc\xb9|\x00 \
\xc7\x85\xb8%\xd5t\xc8\xfc\xc18\xc6\x94\x00!\x08\x00\
\x00\x00\x00\x06\x00\x00\x00\x13\xe8\xaf\xb7\xe8\xbe\x93\xe5\x85\
\xa5\xe6\xbf\x80\xe6\xb4\xbb\xe7\xa0\x81!\x07\x00\x00\x00\x09\
ActWindow\x01\x03\x00\x00\x00\x12\xc1\
\x8c\xd5\x04\xd2\xb8\xc6\xe8\xc5\xb4\x00 \xd6\x5c\xc11\xd6\
T\x08\x00\x00\x00\x00\x06\x00\x00\x00\x0c\xe8\xbd\xaf\xe4\xbb\
\xb6\xe6\xbf\x80\xe6\xb4\xbb\x07\x00\x00\x00\x09ActW\
indow\x01\x03\x00\x00\x00\x0c\xc7x\xc9\x9d\x00\
 \xc2\xe4\xd3(\x00!\x08\x00\x00\x00\x00\x06\x00\x00\x00\
\x0d\xe9\xaa\x8c\xe8\xaf\x81\xe5\xa4\xb1\xe8\xb4\xa5!\x07\x00\
\x00\x00\x09ActWindow\x01\x03\x00\x00\
\x00\x0c\xc7x\xc9\x9d\x00 \xc11\xac\xf5\x00!\x08\x00\
\x00\x00\x00\x06\x00\x00\x00\x0d\xe9\xaa\x8c\xe8\xaf\x81\xe6\x88\
\x90\xe5\x8a\x9f!\x07\x00\x00\x00\x09ActWin\
dow\x01\x03\x00\x00\x00\x04\xcd\x94\xac\x00\x08\x00\x00\
\x00\x00\x06\x00\x00\x00\x03Add\x07\x00\x00\x00\x11A\
ddTextMessageBox\
\x01\x03\x00\x00\x00\x04\xcd\xe8\xc1\x8c\x08\x00\x00\x00\x00\x06\
\x00\x00\x00\x06Cancel\x07\x00\x00\x00\x11A\
ddTextMessageBox\
\x01\x03\x00\x00\x00\x04\xd6U\xc7x\x08\x00\x00\x00\x00\x06\
\x00\x00\x00\x07Confirm\x07\x00\x00\x00\x11\
AddTextMessageBo\
x\x01\x03\x00\x00\x00&\x00'\x00{\x00}\x00'\x00\
 \xc7D\x00(\xb9|\x00)\x00 \xc0\xad\xc8\x1c\xd5\
X\xc2\xdc\xac\xa0\xc2\xb5\xb2\xc8\xaeL\x00?\x08\x00\x00\
\x00\x00\x06\x00\x00\x00%Are you s\
ure you want to \
delete '{}'?\x07\x00\x00\x00\
\x10AnnotationCanva\
s\x01\x03\x00\x00\x00\x0a\xc0\xad\xc8\x1c\x00 \xd6U\xc7\
x\x08\x00\x00\x00\x00\x06\x00\x00\x00\x0eConfi\
rm Delete\x07\x00\x00\x00\x10An\
notationCanvas\x01\x03\
\x00\x00\x00\x06\xc5\xb4\xb4a\xac\x8c\x08\x00\x00\x00\x00\x06\
\x00\x00\x00\x04Dark\x07\x00\x00\x00\x0fApp\
ConfigWidget\x01\x03\x00\x00\
\x00\x04\xbc\x1d\xac\x8c\x08\x00\x00\x00\x00\x06\x00\x00\x00\x05\
Light\x07\x00\x00\x00\x0fAppCon\
figWidget\x01\x03\x00\x00\x00\x04\xd1\
L\xb9\xc8\x08\x00\x00\x00\x00\x06\x00\x00\x00\x05The\
me\x07\x00\x00\x00\x0fAppConfig\
Widget\x01\x03\x00\x00\x00\x1e\x00'\x00{\
\x00}\x00'\x00 \xc5\xd0\x00 \xc7t\xbb\xf8\x00 \
\xc8t\xc7\xac\xd5i\xb2\xc8\xb2\xe4\x08\x00\x00\x00\x00\x06\
\x00\x00\x00\x16Already exis\
ts in '{}'\x07\x00\x00\x00\x0aB\
BoxDialog\x01\x03\x00\x00\x00\x0c\xbc\
\x14\xc6\xb4\xb5)\x00 \xbc\x15\xc2\xa4\x08\x00\x00\x00\x00\
\x06\x00\x00\x00\x0cBounding Bo\
x\x07\x00\x00\x00\x0aBBoxDialog\
\x01\x03\x00\x00\x00\x04\xcd\xe8\xc1\x8c\x08\x00\x00\x00\x00\x06\
\x00\x00\x00\x06Cancel\x07\x00\x00\x00\x0aB\
BoxDialog\x01\x03\x00\x00\x00\x0e\xce\
t\xd1L\xac\xe0\xb9\xac\x00 \xc7t\xb9\x84\x08\x00\x00\
\x00\x00\x06\x00\x00\x00\x0dCategory \
name\x07\x00\x00\x00\x0aBBoxDia\
log\x01\x03\x00\x00\x00\x0a\xcet\xd1L\xac\xe0\xb9\
\xac\x00:\x08\x00\x00\x00\x00\x06\x00\x00\x00\x09Cat\
egory:\x07\x00\x00\x00\x0aBBoxD\
ialog\x01\x03\x00\x00\x00\x06\xb1\x92\xc7t\x00\
:\x08\x00\x00\x00\x00\x06\x00\x00\x00\x07Heigh\
t:\x07\x00\x00\x00\x0aBBoxDialo\
g\x01\x03\x00\x00\x00\x12\xc7t\xb9\x84\xc7@\x00 \xd5\
D\xc2\x18\xc7\x85\xb2\xc8\xb2\xe4\x08\x00\x00\x00\x00\x06\x00\
\x00\x00\x0dName required\
\x07\x00\x00\x00\x0aBBoxDialog\x01\
\x03\x00\x00\x00\x04\xd6U\xc7x\x08\x00\x00\x00\x00\x06\x00\
\x00\x00\x02OK\x07\x00\x00\x00\x0aBBoxDi\
alog\x01\x03\x00\x00\x00\x06\xb1\x08\xbeD\x00:\
\x08\x00\x00\x00\x00\x06\x00\x00\x00\x06Width:\
\x07\x00\x00\x00\x0aBBoxDialog\x01\
\x03\x00\x00\x00\x1c\xc2\xdc\xc7\x91\x00 \xbaT\xb2t\xc5\
\xd0\x00 \xbc\x14\xb8\x5c\xac\x00\xae0\x00 \xcd\x94\xac\
\x00\x08\x00\x00\x00\x00\x06\x00\x00\x00\x17Add S\
tart Menu Shortc\
ut\x07\x00\x00\x00\x0aConfigCar\
d\x01\x03\x00\x00\x00\x0c\xc1$\xc8\x15\x00 \xcd\x08\xae\
0\xd6T\x08\x00\x00\x00\x00\x06\x00\x00\x00\x0cRes\
et Config\x07\x00\x00\x00\x0aCo\
nfigCard\x01\x03\x00\x00\x00\x04\xcd\xe8\
\xc1\x8c\x08\x00\x00\x00\x00\x06\x00\x00\x00\x06Canc\
el\x07\x00\x00\x00\x0eCopyTaskD\
ialog\x01\x03\x00\x00\x00\x04\xd6U\xc7x\x08\
\x00\x00\x00\x00\x06\x00\x00\x00\x07Confirm\
\x07\x00\x00\x00\x0eCopyTaskDia\
log\x01\x03\x00\x00\x00\x0a\xc7\x91\xc5\xc5\x00 \xbc\
\xf5\xc0\xac\x08\x00\x00\x00\x00\x06\x00\x00\x00\x09Cop\
y Task\x07\x00\x00\x00\x0eCopyT\
askDialog\x01\x03\x00\x00\x00\x18\xbc\
\xf5\xc0\xac\xd5`\x00 \xc7\x91\xc5\xc5\x00 \xc1 \xd0\
\xdd\x00.\x00.\x00.\x08\x00\x00\x00\x00\x06\x00\x00\x00\
\x16Select task to \
copy...\x07\x00\x00\x00\x0eCopy\
TaskDialog\x01\x03\x00\x00\x00\x16\
\x00(\x000\x00 \x00=\x00 \xbeD\xd6\x5c\xc11\
\xd6T\xb4(\x00)\x08\x00\x00\x00\x00\x06\x00\x00\x00\x0e\
(0 = disabled)\x07\x00\
\x00\x00\x18CreateSchedul\
eTaskDialog\x01\x03\x00\x00\x00\
\x08\x002\x004\xc2\xdc\xac\x04\x08\x00\x00\x00\x00\x06\x00\
\x00\x00\x0324h\x07\x00\x00\x00\x18Creat\
eScheduleTaskDia\
log\x01\x03\x00\x00\x00$\xc7\x91\xc5\xc5\x00 \xc6\
D\xb8\xcc\x00 \xd6\xc4\x00 \xc7\x90\xb3\xd9\x00 \xc8\
\x85\xb8\xcc\x00 \x00(\x00-\x00e\x00)\x08\x00\x00\
\x00\x00\x06\x00\x00\x00\x1eAuto exit\
 after task done\
 (-e)\x07\x00\x00\x00\x18Create\
ScheduleTaskDial\
og\x01\x03\x00\x00\x00\x04\xcd\xe8\xc1\x8c\x08\x00\x00\x00\
\x00\x06\x00\x00\x00\x06Cancel\x07\x00\x00\x00\
\x18CreateScheduleT\
askDialog\x01\x03\x00\x00\x00\x04\xc0\
\xdd\xc11\x08\x00\x00\x00\x00\x06\x00\x00\x00\x06Cre\
ate\x07\x00\x00\x00\x18CreateSc\
heduleTaskDialog\
\x01\x03\x00\x00\x00\x10\xc6\x08\xc5}\x00 \xc7\x91\xc5\xc5\
\x00 \xc0\xdd\xc11\x08\x00\x00\x00\x00\x06\x00\x00\x00\x14\
Create Schedule \
Task\x07\x00\x00\x00\x18CreateS\
cheduleTaskDialo\
g\x01\x03\x00\x00\x00\x0c\xc0\xac\xc6\xa9\xc7\x90\x00 \xc8\
\x15\xc7X\x08\x00\x00\x00\x00\x06\x00\x00\x00\x06Cus\
tom\x07\x00\x00\x00\x18CreateSc\
heduleTaskDialog\
\x01\x03\x00\x00\x00\x12\xc0\xac\xc6\xa9\xc7\x90\x00 \xc8\x15\
\xc7X\x00 \xac\x04\xac\xa9\x08\x00\x00\x00\x00\x06\x00\x00\
\x00\x0fCustom Interva\
l\x07\x00\x00\x00\x18CreateSche\
duleTaskDialog\x01\x03\
\x00\x00\x00\x04\xb9\xe4\xc7|\x08\x00\x00\x00\x00\x06\x00\x00\
\x00\x05Daily\x07\x00\x00\x00\x18Crea\
teScheduleTaskDi\
alog\x01\x03\x00\x00\x00\x02\xc7|\x08\x00\x00\x00\
\x00\x06\x00\x00\x00\x04Days\x07\x00\x00\x00\x18C\
reateScheduleTas\
kDialog\x01\x03\x00\x00\x00\x04\xc2\xdc\xac\
\x04\x08\x00\x00\x00\x00\x06\x00\x00\x00\x04Hour\x07\
\x00\x00\x00\x18CreateSchedu\
leTaskDialog\x01\x03\x00\x00\
\x00\x04\xc2\xdc\xac\x04\x08\x00\x00\x00\x00\x06\x00\x00\x00\x05\
Hours\x07\x00\x00\x00\x18Create\
ScheduleTaskDial\
og\x01\x03\x00\x00\x00\x02\xbd\x84\x08\x00\x00\x00\x00\x06\
\x00\x00\x00\x06Minute\x07\x00\x00\x00\x18C\
reateScheduleTas\
kDialog\x01\x03\x00\x00\x00\x04\xb9\xe4\xc6\
\xd4\x08\x00\x00\x00\x00\x06\x00\x00\x00\x07Month\
ly\x07\x00\x00\x00\x18CreateSch\
eduleTaskDialog\x01\
\x03\x00\x00\x00\x18\xc0\xac\xc6\xa9\x00 \xac\x00\xb2\xa5\xd5\
\x5c\x00 \xc7\x91\xc5\xc5\x00 \xc5\xc6\xc7L\x08\x00\x00\
\x00\x00\x06\x00\x00\x00\x12No tasks \
available\x07\x00\x00\x00\x18Cr\
eateScheduleTask\
Dialog\x01\x03\x00\x00\x00\x06\xd5\x5c\x00 \
\xbc\x88\x08\x00\x00\x00\x00\x06\x00\x00\x00\x04Once\
\x07\x00\x00\x00\x18CreateSched\
uleTaskDialog\x01\x03\x00\
\x00\x00\x0a\xc7\x91\xc5\xc5\x00 \xc1 \xd0\xdd\x08\x00\x00\
\x00\x00\x06\x00\x00\x00\x0bSelect Ta\
sk\x07\x00\x00\x00\x18CreateSch\
eduleTaskDialog\x01\
\x03\x00\x00\x00\x0a\xc2\xdc\xc7\x91\x00 \xc2\xdc\xac\x04\x08\
\x00\x00\x00\x00\x06\x00\x00\x00\x0aStart T\
ime\x07\x00\x00\x00\x18CreateSc\
heduleTaskDialog\
\x01\x03\x00\x00\x00\x0a\xc2\xdc\xc7\x91\x00 \xc65\xc1X\
\x08\x00\x00\x00\x00\x06\x00\x00\x00\x0fStartu\
p Options\x07\x00\x00\x00\x18Cr\
eateScheduleTask\
Dialog\x01\x03\x00\x00\x00\x0a\xc2\xdc\xac\x04\
\x00 \xcd\x08\xac\xfc\x08\x00\x00\x00\x00\x06\x00\x00\x00\x07\
Timeout\x07\x00\x00\x00\x18Crea\
teScheduleTaskDi\
alog\x01\x03\x00\x00\x00\x0c\xd2\xb8\xb9\xac\xacp\
\x00 \xc7 \xd6\x15\x08\x00\x00\x00\x00\x06\x00\x00\x00\x0c\
Trigger Type\x07\x00\x00\x00\
\x18CreateScheduleT\
askDialog\x01\x03\x00\x00\x00\x04\xb9\
\xe4\xc8\xfc\x08\x00\x00\x00\x00\x06\x00\x00\x00\x06Wee\
kly\x07\x00\x00\x00\x18CreateSc\
heduleTaskDialog\
\x01\x03\x00\x00\x00\x18\xc2\xdc\xac\x04\x00 \x00(\x000\
\x00 \x00=\x00 \xbb4\xc8\x1c\xd5\x5c\x00)\x08\x00\
\x00\x00\x00\x06\x00\x00\x00\x15hours (0\
 = unlimited)\x07\x00\x00\
\x00\x18CreateSchedule\
TaskDialog\x01\x03\x00\x00\x00\x04\
\xcd\xe8\xc1\x8c\x08\x00\x00\x00\x00\x06\x00\x00\x00\x06Ca\
ncel\x07\x00\x00\x00\x10CreateT\
askDialog\x01\x03\x00\x00\x00\x18\xd0\
t\xb7\x98\xc2\xa4\x00 \xc7t\xb9\x84\x00 \x00(\xc6\
\x01\xc5\xb4\xb9\xcc\x00)\x08\x00\x00\x00\x00\x06\x00\x00\x00\
\x19Class Name (Eng\
lish only)\x07\x00\x00\x00\x10C\
reateTaskDialog\x01\
\x03\x00\x00\x00\x04\xd6U\xc7x\x08\x00\x00\x00\x00\x06\x00\
\x00\x00\x07Confirm\x07\x00\x00\x00\x10C\
reateTaskDialog\x01\
\x03\x00\x00\x00\x0a\xc7\x91\xc5\xc5\x00 \xc0\xdd\xc11\x08\
\x00\x00\x00\x00\x06\x00\x00\x00\x0bCreate \
Task\x07\x00\x00\x00\x10CreateT\
askDialog\x01\x03\x00\x00\x00\x0e\xc1\
$\xba\x85\x00 \x00(\xc1 \xd0\xdd\x00)\x08\x00\x00\
\x00\x00\x06\x00\x00\x00\x16Descripti\
on (Optional)\x07\x00\x00\
\x00\x10CreateTaskDial\
og\x01\x03\x00\x00\x00\x0a\xc7\x91\xc5\xc5\x00 \xc7t\
\xb9\x84\x08\x00\x00\x00\x00\x06\x00\x00\x00\x09Task\
 Name\x07\x00\x00\x00\x10Create\
TaskDialog\x01\x03\x00\x00\x00\x1e\
\x00-\x00-\x00-\x00 \x00{\x00t\x00i\x00t\
\x00l\x00e\x00}\x00 \x00-\x00-\x00-\x08\x00\
\x00\x00\x00\x06\x00\x00\x00\x0f--- {tit\
le} ---\x07\x00\x00\x00\x08Debu\
gTab\x01\x03\x00\x00\x00\x04\xd68\xcd\x9c\x08\x00\
\x00\x00\x00\x06\x00\x00\x00\x04Call\x07\x00\x00\x00\
\x08DebugTab\x01\x03\x00\x00\x00\x1c\x00\
C\x00a\x00p\x00t\x00u\x00r\x00e\x00 \x00\
&\x00 \x00L\x00o\x00a\x00d\x08\x00\x00\x00\x00\
\x06\x00\x00\x00\x0eCapture & L\
oad\x07\x00\x00\x00\x08DebugTab\
\x01\x03\x00\x00\x00\x0e\xc2\xa4\xd0l\xb9\xb0\xc0\xf7\x00 \
\xce\xa1\xcc\x98\x08\x00\x00\x00\x00\x06\x00\x00\x00\x12Ca\
pture Screenshot\
\x07\x00\x00\x00\x08DebugTab\x01\x03\x00\
\x00\x00\x0a\xce\xa1\xcc\x98\x00 \xc11\xac\xf5\x08\x00\x00\
\x00\x00\x06\x00\x00\x00\x0fCapture S\
uccess\x07\x00\x00\x00\x08Debug\
Tab\x01\x03\x00\x00\x006\x00C\x00a\x00p\x00\
t\x00u\x00r\x00e\x00 \x00l\x00o\x00a\x00\
d\x00e\x00d\x00 \x00s\x00u\x00c\x00c\x00\
e\x00s\x00s\x00f\x00u\x00l\x00l\x00y\x08\
\x00\x00\x00\x00\x06\x00\x00\x00\x1bCapture\
 loaded successf\
ully\x07\x00\x00\x00\x08DebugTa\
b\x01\x03\x00\x00\x00\x10\xce\xa1\xcc\x98\xac\x00\x00 \xbe\
D\xc5\xb4\xc7\x88\xc7L\x08\x00\x00\x00\x00\x06\x00\x00\x00\
\x15Capture returne\
d None\x07\x00\x00\x00\x08Debug\
Tab\x01\x03\x00\x00\x00\x1e\x00C\x00l\x00e\x00\
a\x00r\x00 \x00S\x00e\x00l\x00e\x00c\x00\
t\x00i\x00o\x00n\x08\x00\x00\x00\x00\x06\x00\x00\x00\
\x0fClear Selection\
\x07\x00\x00\x00\x08DebugTab\x01\x03\x00\
\x00\x00\x16\x00i\x001\x008\x00n\x00 \xd3\x0c\xc7\
|\x00 \xce\xf4\xd3\x0c\xc7|\x08\x00\x00\x00\x00\x06\x00\
\x00\x00\x12Convert i18n \
files\x07\x00\x00\x00\x08DebugT\
ab\x01\x03\x00\x00\x00&\x00C\x00o\x00p\x00i\
\x00e\x00d\x00 \x00t\x00o\x00 \x00c\x00l\
\x00i\x00p\x00b\x00o\x00a\x00r\x00d\x08\x00\
\x00\x00\x00\x06\x00\x00\x00\x13Copied t\
o clipboard\x07\x00\x00\x00\x08\
DebugTab\x01\x03\x00\x00\x00\x08\x00C\
\x00o\x00p\x00y\x08\x00\x00\x00\x00\x06\x00\x00\x00\x04\
Copy\x07\x00\x00\x00\x08DebugTa\
b\x01\x03\x00\x00\x00\x14\x00T\x00a\x00s\x00k\x00\
 \xd5h\xc2\x18\x00 \xd68\xcd\x9c\x08\x00\x00\x00\x00\
\x06\x00\x00\x00\x13Debug Task \
Function\x07\x00\x00\x00\x08Deb\
ugTab\x01\x03\x00\x00\x00\x0c\xb5\x14\xbc\x84\xad\
\xf8\x00 \xb3\xc4\xadl\x08\x00\x00\x00\x00\x06\x00\x00\x00\
\x0aDebug Tool\x07\x00\x00\x00\x08\
DebugTab\x01\x03\x00\x00\x00\x1a\xc2\xa4\
\xd0l\xb9\xb0\xc0\xf7\x00 \xc1 \xd0\xdd\x00 \xb6\x10\
\xb2\x94\x00 \xb4\xdc\xb8m\x08\x00\x00\x00\x00\x06\x00\x00\
\x00\x19Drop or Select\
 Screenshot\x07\x00\x00\x00\x08\
DebugTab\x01\x03\x00\x00\x00,\xc2\xa4\
\xb8\x08\xb4\xdc\x00 \xb3d\xd5\x04\x00(\xb2\xe8\xcd\x95\
\xd0\xa4\x00:\x00C\x00t\x00r\x00l\x00+\x00A\
\x00l\x00t\x00+\x00D\x00)\x08\x00\x00\x00\x00\x06\
\x00\x00\x00\x1fDump Threads\
(HotKey:Ctrl+Alt\
+D)\x07\x00\x00\x00\x08DebugTab\
\x01\x03\x00\x00\x00(\x00F\x00a\x00i\x00l\x00e\
\x00d\x00 \x00t\x00o\x00 \x00l\x00o\x00a\
\x00d\x00 \x00i\x00m\x00a\x00g\x00e\x08\x00\
\x00\x00\x00\x06\x00\x00\x00\x14Failed t\
o load image\x07\x00\x00\x00\
\x08DebugTab\x01\x03\x00\x00\x00\x14\x00\
i\x001\x008\x00n\x00 \xd3\x0c\xc7|\x00 \xc0\
\xdd\xc11\x08\x00\x00\x00\x00\x06\x00\x00\x00\x13Gen\
erate i18n files\
\x07\x00\x00\x00\x08DebugTab\x01\x03\x00\
\x00\x00\x18\x00I\x00m\x00a\x00g\x00e\x00 \x00\
l\x00o\x00a\x00d\x00e\x00d\x08\x00\x00\x00\x00\
\x06\x00\x00\x00\x0cImage loade\
d\x07\x00\x00\x00\x08DebugTab\x01\x03\
\x00\x00\x00\x14\x00L\x00o\x00a\x00d\x00 \x00I\
\x00m\x00a\x00g\x00e\x08\x00\x00\x00\x00\x06\x00\x00\
\x00\x0aLoad Image\x07\x00\x00\x00\
\x08DebugTab\x01\x03\x00\x00\x00T\xb9\
\xc8\xc6\xb0\xc2\xa4\x00:\x00 \x00(\x00{\x00p\x00\
x\x00}\x00,\x00 \x00{\x00p\x00y\x00}\x00\
)\x00 \xbeD\xc7(\x00:\x00 \x00(\x00{\x00\
r\x00x\x00:\x00.\x003\x00f\x00}\x00,\x00\
 \x00{\x00r\x00y\x00:\x00.\x003\x00f\x00\
}\x00)\x08\x00\x00\x00\x00\x06\x00\x00\x00/Mou\
se: ({px}, {py})\
 ratio: ({rx:.3f\
}, {ry:.3f})\x07\x00\x00\x00\
\x08DebugTab\x01\x03\x00\x00\x00\x12\x00\
M\x00o\x00u\x00s\x00e\x00:\x00 \x00-\x00\
-\x08\x00\x00\x00\x00\x06\x00\x00\x00\x09Mouse\
: --\x07\x00\x00\x00\x08DebugTa\
b\x01\x03\x00\x00\x000\xce\xa1\xcc\x98\x00 \xbc)\xc2\
\xdd\xc7D\x00 \xc0\xac\xc6\xa9\xd5`\x00 \xc2\x18\x00\
 \xc5\xc6\xacp\xb0\x98\x00 \xc1 \xd0\xdd\xb4\x18\xc9\
\xc0\x00 \xc5J\xc7L\x08\x00\x00\x00\x00\x06\x00\x00\x00\
 No Capture Avai\
lable or Selecte\
d\x07\x00\x00\x00\x08DebugTab\x01\x03\
\x00\x00\x00\x18\x00O\x00C\x00R\xc7t\x00 \xadl\
\xc11\xb4\x18\xc9\xc0\x00 \xc5J\xc7L\x08\x00\x00\x00\
\x00\x06\x00\x00\x00\x11No OCR con\
figured\x07\x00\x00\x00\x08Debu\
gTab\x01\x03\x00\x00\x00\x1e\x00N\x00o\x00 \
\x00i\x00m\x00a\x00g\x00e\x00 \x00l\x00o\
\x00a\x00d\x00e\x00d\x08\x00\x00\x00\x00\x06\x00\x00\
\x00\x0fNo image loade\
d\x07\x00\x00\x00\x08DebugTab\x01\x03\
\x00\x00\x00(\x00N\x00o\x00 \x00s\x00e\x00l\
\x00e\x00c\x00t\x00i\x00o\x00n\x00 \x00t\
\x00o\x00 \x00c\x00o\x00p\x00y\x08\x00\x00\x00\
\x00\x06\x00\x00\x00\x14No selecti\
on to copy\x07\x00\x00\x00\x08D\
ebugTab\x01\x03\x00\x00\x000\xc1\x8d\xc1\
1\x00 \xb6\x10\xb2\x94\x00 \xd5h\xc2\x18\x00 \xc5\
\xc6\xc7L\x00:\x00 \x00{\x00f\x00u\x00n\x00\
c\x00_\x00n\x00a\x00m\x00e\x00}\x08\x00\x00\
\x00\x00\x06\x00\x00\x00\x19No such a\
ttr: {func_name}\
\x07\x00\x00\x00\x08DebugTab\x01\x03\x00\
\x00\x00\x0c\x00O\x00C\x00R\x00 \xc7x\xc2\xdd\x08\
\x00\x00\x00\x00\x06\x00\x00\x00\x03OCR\x07\x00\x00\x00\
\x08DebugTab\x01\x03\x00\x00\x004\x00\
O\x00C\x00R\x00 \xc7x\xc2\xdd\x00 \xac\xb0\xac\
\xfc\x00(\xb8\x5c\xad\xf8\x00 \xae0\xb8]\x00)\x00\
:\x00 \x00{\x00r\x00e\x00s\x00u\x00l\x00\
t\x00}\x08\x00\x00\x00\x00\x06\x00\x00\x00\x1eOCR\
 success (Logged\
): {result}\x07\x00\x00\x00\x08\
DebugTab\x01\x03\x00\x00\x00&\x00O\
\x00C\x00R\x00 \xd68\xcd\x9c\x00 \xc11\xac\xf5\
\x00:\x00 \x00{\x00r\x00e\x00s\x00u\x00l\
\x00t\x00}\x08\x00\x00\x00\x00\x06\x00\x00\x00\x15OC\
R success: {resu\
lt}\x07\x00\x00\x00\x08DebugTab\
\x01\x03\x00\x00\x00\x14\x00O\x00p\x00e\x00n\x00 \
\x00I\x00m\x00a\x00g\x00e\x08\x00\x00\x00\x00\x06\
\x00\x00\x00\x0aOpen Image\x07\x00\
\x00\x00\x08DebugTab\x01\x03\x00\x00\x00\
\x10\xb8\x5c\xad\xf8\x00 \xd3\xf4\xb3T\x00 \xc5\xf4\xae\
0\x08\x00\x00\x00\x00\x06\x00\x00\x00\x09Open \
Logs\x07\x00\x00\x00\x08DebugTa\
b\x01\x03\x00\x00\x00,\x00S\x00c\x00r\x00e\x00\
e\x00n\x00s\x00h\x00o\x00t\x00 \x00R\x00\
e\x00g\x00i\x00o\x00n\x00 \x00T\x00e\x00\
s\x00t\x08\x00\x00\x00\x00\x06\x00\x00\x00\x16Scr\
eenshot Region T\
est\x07\x00\x00\x00\x08DebugTab\
\x01\x03\x00\x00\x00\x0e\xc2\xa4\xd0l\xb9\xb0\xc0\xf7\x00 \
\xc1 \xd0\xdd\x08\x00\x00\x00\x00\x06\x00\x00\x00\x12Se\
lect Screenshots\
\x07\x00\x00\x00\x08DebugTab\x01\x03\x00\
\x00\x00d\x00S\x00e\x00l\x00e\x00c\x00t\x00\
 \x00a\x00 \x00r\x00e\x00g\x00i\x00o\x00\
n\x00 \x00o\x00n\x00 \x00t\x00h\x00e\x00\
 \x00i\x00m\x00a\x00g\x00e\x00 \x00t\x00\
o\x00 \x00s\x00e\x00e\x00 \x00c\x00o\x00\
o\x00r\x00d\x00i\x00n\x00a\x00t\x00e\x00\
s\x00.\x00.\x00.\x08\x00\x00\x00\x00\x06\x00\x00\x00\
2Select a region\
 on the image to\
 see coordinates\
...\x07\x00\x00\x00\x08DebugTab\
\x01\x03\x00\x00\x00\x1c\x00S\x00e\x00l\x00e\x00c\
\x00t\x00i\x00o\x00n\x00 \x00I\x00n\x00f\
\x00o\x08\x00\x00\x00\x00\x06\x00\x00\x00\x0eSele\
ction Info\x07\x00\x00\x00\x08D\
ebugTab\x01\x03\x00\x00\x00\x1e\x00S\x00\
e\x00l\x00e\x00c\x00t\x00i\x00o\x00n\x00\
 \x00I\x00n\x00f\x00o\x00:\x08\x00\x00\x00\x00\
\x06\x00\x00\x00\x0fSelection I\
nfo:\x07\x00\x00\x00\x08DebugTa\
b\x01\x03\x00\x00\x00\x16\xd5h\xc2\x18\x00 \xb6\x10\xb2\
\x94\x00 \xc1\x8d\xc11\x00 \xc7\x85\xb8%\x08\x00\x00\
\x00\x00\x06\x00\x00\x00\x1bType a fu\
nction or proper\
ty\x07\x00\x00\x00\x08DebugTab\x01\
\x03\x00\x00\x00\x1e\xd68\xcd\x9c\x00 \xc11\xac\xf5\x00\
:\x00 \x00{\x00r\x00e\x00s\x00u\x00l\x00\
t\x00}\x08\x00\x00\x00\x00\x06\x00\x00\x00\x16cal\
l success: {resu\
lt}\x07\x00\x00\x00\x08DebugTab\
\x01\x03\x00\x00\x00R\xc9\x11\xc2\xec\x00:\x00 \x00(\
\x00{\x00c\x00x\x00}\x00,\x00 \x00{\x00c\
\x00y\x00}\x00)\x00 \x00=\x00 \x00(\x00{\
\x00c\x00r\x00x\x00:\x00.\x004\x00f\x00}\
\x00,\x00 \x00{\x00c\x00r\x00y\x00:\x00.\
\x004\x00f\x00}\x00)\x08\x00\x00\x00\x00\x06\x00\x00\
\x00-center: ({cx},\
 {cy}) = ({crx:.\
4f}, {cry:.4f})\x07\
\x00\x00\x00\x08DebugTab\x01\x03\x00\x00\
\x00\x1e\xc7t\xbb\xf8\xc9\xc0\x00 \xd0l\xae0\x00:\
\x00 \x00{\x00w\x00}\x00x\x00{\x00h\x00}\
\x08\x00\x00\x00\x00\x06\x00\x00\x00\x13image \
size: {w}x{h}\x07\x00\x00\
\x00\x08DebugTab\x01\x03\x00\x00\x00l\
\xbeD\xc7(\x00:\x00 \x00r\x00x\x00=\x00{\
\x00r\x00x\x00:\x00.\x004\x00f\x00}\x00,\
\x00 \x00r\x00y\x00=\x00{\x00r\x00y\x00:\
\x00.\x004\x00f\x00}\x00,\x00 \x00r\x00w\
\x00=\x00{\x00r\x00w\x00:\x00.\x004\x00f\
\x00}\x00,\x00 \x00r\x00h\x00=\x00{\x00r\
\x00h\x00:\x00.\x004\x00f\x00}\x08\x00\x00\x00\
\x00\x06\x00\x00\x009ratio: rx=\
{rx:.4f}, ry={ry\
:.4f}, rw={rw:.4\
f}, rh={rh:.4f}\x07\
\x00\x00\x00\x08DebugTab\x01\x03\x00\x00\
\x00D\x00x\x001\x00=\x00{\x00x\x001\x00}\
\x00,\x00 \x00y\x001\x00=\x00{\x00y\x001\
\x00}\x00,\x00 \x00x\x002\x00=\x00{\x00x\
\x002\x00}\x00,\x00 \x00y\x002\x00=\x00{\
\x00y\x002\x00}\x08\x00\x00\x00\x00\x06\x00\x00\x00\x22\
x1={x1}, y1={y1}\
, x2={x2}, y2={y\
2}\x07\x00\x00\x00\x08DebugTab\x01\
\x03\x00\x00\x004\x00x\x00=\x00{\x00x\x00}\x00\
,\x00 \x00y\x00=\x00{\x00y\x00}\x00,\x00\
 \x00w\x00=\x00{\x00w\x00}\x00,\x00 \x00\
h\x00=\x00{\x00h\x00}\x08\x00\x00\x00\x00\x06\x00\
\x00\x00\x1ax={x}, y={y},\
 w={w}, h={h}\x07\x00\x00\
\x00\x08DebugTab\x01\x03\x00\x00\x00\x1c\
\x00{\x00n\x00u\x00m\x00}\xac\x1c\x00 \xc7t\
\xbb\xf8\xc9\xc0\x00 \xc1 \xd0\xdd\xb4(\x08\x00\x00\x00\
\x00\x06\x00\x00\x00\x15{num} imag\
es selected\x07\x00\x00\x00\x08\
DebugTab\x01\x03\x00\x00\x00\x06\x00A\
\x00D\x00B\x08\x00\x00\x00\x00\x06\x00\x00\x00\x03AD\
B\x07\x00\x00\x00\x0bEditTaskTa\
b\x01\x03\x00\x00\x00\x1c\x00{\x00}\x00 \xb9|\x00\
 \xc0\xad\xc8\x1c\xd5X\xc2\xdc\xac\xa0\xc2\xb5\xb2\xc8\xae\
L\x00?\x08\x00\x00\x00\x00\x06\x00\x00\x00#Are\
 you sure you wa\
nt to delete {}?\
\x07\x00\x00\x00\x0bEditTaskTab\
\x01\x03\x00\x00\x00\x04\xbc\x15\xc2\xa4\x08\x00\x00\x00\x00\x06\
\x00\x00\x00\x03Box\x07\x00\x00\x00\x0bEdit\
TaskTab\x01\x03\x00\x00\x00\x04\xcd\xe8\xc1\
\x8c\x08\x00\x00\x00\x00\x06\x00\x00\x00\x06Cance\
l\x07\x00\x00\x00\x0bEditTaskTa\
b\x01\x03\x00\x00\x00\x0c\xc7\x91\xc5\xc5\x00 \xc1 \xd0\
\xdd\x00:\x08\x00\x00\x00\x00\x06\x00\x00\x00\x0cCho\
ose Task:\x07\x00\x00\x00\x0bEd\
itTaskTab\x01\x03\x00\x00\x00\x0a\xc0\
\xad\xc8\x1c\x00 \xd6U\xc7x\x08\x00\x00\x00\x00\x06\x00\
\x00\x00\x0eConfirm Delet\
e\x07\x00\x00\x00\x0bEditTaskTa\
b\x01\x03\x00\x00\x00\x04\xc8\x1c\xc5\xb4\x08\x00\x00\x00\x00\
\x06\x00\x00\x00\x07Control\x07\x00\x00\x00\
\x0bEditTaskTab\x01\x03\x00\x00\
\x00\x0a\xc7\x91\xc5\xc5\x00 \xbc\xf5\xc0\xac\x08\x00\x00\x00\
\x00\x06\x00\x00\x00\x09Copy Task\x07\
\x00\x00\x00\x0bEditTaskTab\x01\
\x03\x00\x00\x00*\x00{\x00}\x00 \xc7X\x00 \xc1\
\x8c\xc2\xa4\x00 \xd3\x0c\xc7|\xc7D\x00 \xcc>\xc7\
D\x00 \xc2\x18\x00 \xc5\xc6\xc2\xb5\xb2\xc8\xb2\xe4\x08\
\x00\x00\x00\x00\x06\x00\x00\x00!Could n\
ot find source f\
ile for {}\x07\x00\x00\x00\x0bE\
ditTaskTab\x01\x03\x00\x00\x00\x0e\
\xc0\xc8\x00 \xc7\x91\xc5\xc5\x00 \xc0\xdd\xc11\x08\x00\
\x00\x00\x00\x06\x00\x00\x00\x0fCreate N\
ew Task\x07\x00\x00\x00\x0bEdit\
TaskTab\x01\x03\x00\x00\x00\x0a\xc7\x91\xc5\
\xc5\x00 \xc0\xdd\xc11\x08\x00\x00\x00\x00\x06\x00\x00\x00\
\x0bCreate Task\x07\x00\x00\x00\
\x0bEditTaskTab\x01\x03\x00\x00\
\x00\x0a\xc7\x91\xc5\xc5\x00 \xc0\xad\xc8\x1c\x08\x00\x00\x00\
\x00\x06\x00\x00\x00\x0bDelete Tas\
k\x07\x00\x00\x00\x0bEditTaskTa\
b\x01\x03\x00\x00\x00\x14\xc2\xa4\xd0l\xb9\xbd\xd2\xb8\x00\
 \xd4\x5c\xc2\xdc\x00 \xc7t\xb9\x84\x08\x00\x00\x00\x00\
\x06\x00\x00\x00\x1bDisplay nam\
e for the script\
\x07\x00\x00\x00\x0bEditTaskTab\
\x01\x03\x00\x00\x00(\xc6\x01\xc5\xb4\x00,\x00 \xc2+\
\xc7\x90\x00 \xbc\x0f\x00 \xc7 \xd6\xa8\xd5\x5c\x00 \
\xd3\x0c\xc7|\xba\x85\x00 \xbb8\xc7\x90\xb9\xcc\x08\x00\
\x00\x00\x00\x06\x00\x00\x00.English,\
 numbers and val\
id filename char\
s only\x07\x00\x00\x00\x0bEditT\
askTab\x01\x03\x00\x00\x00\x08\xb0\xb4\xbc\xf4\
\xb0\xb4\xae0\x08\x00\x00\x00\x00\x06\x00\x00\x00\x06Ex\
port\x07\x00\x00\x00\x0bEditTas\
kTab\x01\x03\x00\x00\x00\x12\xc2\xa4\xd0l\xb9\xbd\
\xd2\xb8\x00 \xb0\xb4\xbc\xf4\xb0\xb4\xae0\x08\x00\x00\x00\
\x00\x06\x00\x00\x00\x0dExport Scr\
ipt\x07\x00\x00\x00\x0bEditTask\
Tab\x01\x03\x00\x00\x00\x0e\xb0\xb4\xbc\xf4\xb0\xb4\xae\
0\x00 \xc2\xe4\xd3(\x08\x00\x00\x00\x00\x06\x00\x00\x00\
\x0dExport failed\x07\x00\
\x00\x00\x0bEditTaskTab\x01\x03\
\x00\x00\x00\x1e\xc1\x8c\xc2\xa4\x00 \xd3\x0c\xc7|\x00 \
\xc7}\xae0\x00 \xc2\xe4\xd3(\x00:\x00 \x00{\
\x00}\x08\x00\x00\x00\x00\x06\x00\x00\x00\x1eFail\
ed to read sourc\
e file: {}\x07\x00\x00\x00\x0bE\
ditTaskTab\x01\x03\x00\x00\x00\x0a\
\xc8\x00\xc7\xa5\x00 \xc2\xe4\xd3(\x08\x00\x00\x00\x00\x06\
\x00\x00\x00\x0eFailed to sa\
ve\x07\x00\x00\x00\x0bEditTaskT\
ab\x01\x03\x00\x00\x00\x04\xd3\x0c\xc7|\x08\x00\x00\x00\
\x00\x06\x00\x00\x00\x04File\x07\x00\x00\x00\x0bE\
ditTaskTab\x01\x03\x00\x00\x00\x18\
\xd3\x0c\xc7|\xc7t\x00 \xc6x\xbd\x80\xc5\xd0\xc1\x1c\
\x00 \xbc\xc0\xac\xbd\xb4(\x08\x00\x00\x00\x00\x06\x00\x00\
\x00\x17File Changed E\
xternally\x07\x00\x00\x00\x0bEd\
itTaskTab\x01\x03\x00\x00\x00\x0c\xd3\
\x0c\xc7|\x00 \xc7t\xb9\x84\x00:\x08\x00\x00\x00\x00\
\x06\x00\x00\x00\x0aFile Name:\x07\
\x00\x00\x00\x0bEditTaskTab\x01\
\x03\x00\x00\x00\x06\xac\x00\xc7t\xb4\xdc\x08\x00\x00\x00\x00\
\x06\x00\x00\x00\x05Guide\x07\x00\x00\x00\x0bE\
ditTaskTab\x01\x03\x00\x00\x00\x12\
\xc2\xa4\xd0l\xb9\xbd\xd2\xb8\x00 \xac\x00\xc88\xc6$\
\xae0\x08\x00\x00\x00\x00\x06\x00\x00\x00\x0dImpo\
rt Script\x07\x00\x00\x00\x0bEd\
itTaskTab\x01\x03\x00\x00\x00\x0e\xac\
\x00\xc88\xc6$\xae0\x00 \xc2\xe4\xd3(\x08\x00\x00\
\x00\x00\x06\x00\x00\x00\x0dImport fa\
iled\x07\x00\x00\x00\x0bEditTas\
kTab\x01\x03\x00\x00\x00<\xd0t\xb7\x98\xc2\xa4\
\x00 \xc7t\xb9\x84\xc7t\x00 \xc7 \xd6\xa8\xd5X\
\xc9\xc0\x00 \xc5J\xc2\xb5\xb2\xc8\xb2\xe4\x00.\x00 \
\xc6\x01\xbb8\xc7\x90\xb9\xcc\x00 \xc0\xac\xc6\xa9\xd5X\
\xc18\xc6\x94\x00.\x08\x00\x00\x00\x00\x06\x00\x00\x004\
Invalid Class Na\
me. Must be Engl\
ish characters o\
nly.\x07\x00\x00\x00\x0bEditTas\
kTab\x01\x03\x00\x00\x00J\xc7\x98\xba\xbb\xb4\x1c\
\x00 \xd3\x0c\xc7|\x00 \xc7t\xb9\x84\xc7\x85\xb2\xc8\
\xb2\xe4\x00.\x00 \xc6\x01\xc5\xb4\x00,\x00 \xc2+\
\xc7\x90\x00,\x00 \xbc\x11\xc9\x04\x00,\x00 \xd5X\
\xc7t\xd5\x08\xb9\xcc\x00 \xc0\xac\xc6\xa9\xd5X\xc18\
\xc6\x94\x00.\x08\x00\x00\x00\x00\x06\x00\x00\x00KIn\
valid file name.\
 Use English let\
ters, numbers, u\
nderscores, hyph\
ens only.\x07\x00\x00\x00\x0bEd\
itTaskTab\x01\x03\x00\x00\x00\x02\xd0\
\xa4\x08\x00\x00\x00\x00\x06\x00\x00\x00\x03Key\x07\x00\
\x00\x00\x0bEditTaskTab\x01\x03\
\x00\x00\x00\x04\xb8\x5c\xaeE\x08\x00\x00\x00\x00\x06\x00\x00\
\x00\x07Logging\x07\x00\x00\x00\x0bEd\
itTaskTab\x01\x03\x00\x00\x00\x0a\xbb\
4\xd5\x5c\x00 \xbc\x18\xbc\xf5\x08\x00\x00\x00\x00\x06\x00\
\x00\x00\x0fLoop infinite\
ly\x07\x00\x00\x00\x0bEditTaskT\
ab\x01\x03\x00\x00\x00\x0a\x00x\xbc\x88\x00 \xbc\x18\
\xbc\xf5\x08\x00\x00\x00\x00\x06\x00\x00\x00\x0cLoop\
 x times\x07\x00\x00\x00\x0bEdi\
tTaskTab\x01\x03\x00\x00\x00\x06\xb9\xc8\
\xc6\xb0\xc2\xa4\x08\x00\x00\x00\x00\x06\x00\x00\x00\x05Mo\
use\x07\x00\x00\x00\x0bEditTask\
Tab\x01\x03\x00\x00\x00\x0a\xbc\x18\xbc\xf5\x00 \xc5\
\xc6\xc7L\x08\x00\x00\x00\x00\x06\x00\x00\x00\x07No \
loop\x07\x00\x00\x00\x0bEditTas\
kTab\x01\x03\x00\x00\x00\x1a\xb0\xb4\xbc\xf4\xb0\xbc\
\x00 \xc7\x91\xc5\xc5\xc7t\x00 \xc5\xc6\xc2\xb5\xb2\xc8\
\xb2\xe4\x00.\x08\x00\x00\x00\x00\x06\x00\x00\x00\x13No\
 tasks to export\
.\x07\x00\x00\x00\x0bEditTaskTa\
b\x01\x03\x00\x00\x00\x06\x00O\x00C\x00R\x08\x00\x00\
\x00\x00\x06\x00\x00\x00\x03OCR\x07\x00\x00\x00\x0bE\
ditTaskTab\x01\x03\x00\x00\x00\x04\
\xd6U\xc7x\x08\x00\x00\x00\x00\x06\x00\x00\x00\x02OK\
\x07\x00\x00\x00\x0bEditTaskTab\
\x01\x03\x00\x00\x00F\x00O\x00K\x00S\x00c\x00r\
\x00i\x00p\x00t\x00 \xd3\x0c\xc7|\x00 \x00(\
\x00*\x00.\x00o\x00k\x00s\x00c\x00r\x00i\
\x00p\x00t\x00)\x00;\x00;\xba\xa8\xb4\xe0\x00 \
\xd3\x0c\xc7|\x00 \x00(\x00*\x00)\x08\x00\x00\x00\
\x00\x06\x00\x00\x00*OKScript F\
iles (*.okscript\
);;All Files (*)\
\x07\x00\x00\x00\x0bEditTaskTab\
\x01\x03\x00\x00\x00\x04\xae0\xd0\xc0\x08\x00\x00\x00\x00\x06\
\x00\x00\x00\x05Other\x07\x00\x00\x00\x0bEd\
itTaskTab\x01\x03\x00\x00\x00\x22\xcd\
\x5c\xc1\x8c\x00 \xd5X\xb0\x98\xc7X\x00 \xc7\x91\xc5\
\xc5\xc7D\x00 \xc1 \xd0\xdd\xd5X\xc18\xc6\x94\x00\
.\x08\x00\x00\x00\x00\x06\x00\x00\x00*Pleas\
e select at leas\
t one task to ex\
port.\x07\x00\x00\x00\x0bEditTa\
skTab\x01\x03\x00\x00\x00\x04\xb1y\xd6T\x08\
\x00\x00\x00\x00\x06\x00\x00\x00\x06Record\x07\
\x00\x00\x00\x0bEditTaskTab\x01\
\x03\x00\x00\x00F\xb1y\xd6T\xd5X\xbat\x00 \xd6\
\x04\xc7\xac\x00 \xc2\xa4\xd0l\xb9\xbd\xd2\xb8\x00 \xb8\
\x5c\xc9\xc1\xc7t\x00 \xb3n\xc5\xb4\xc5\x0c\xc6\xcc\xc9\
\xd1\xb2\xc8\xb2\xe4\x00.\x00 \xac\xc4\xc1\x8d\xd5X\xc2\
\xdc\xac\xa0\xc2\xb5\xb2\xc8\xaeL\x00?\x08\x00\x00\x00\x00\
\x06\x00\x00\x008Record will\
 override the cu\
rrent script log\
ic. Continue?\x07\x00\x00\
\x00\x0bEditTaskTab\x01\x03\x00\
\x00\x00H\xcc=\x00 \x00'\x00{\x00h\x00w\x00\
n\x00d\x00_\x00n\x00a\x00m\x00e\x00}\x00\
'\xc7t\x00(\xac\x00\x00)\x00 \xd6\x5c\xc11\xd6\
T\xb4\x18\xbat\x00 \xb1y\xd6T\xac\x00\x00 \xc2\
\xdc\xc7\x91\xb4)\xb2\xc8\xb2\xe4\x00.\x08\x00\x00\x00\x00\
\x06\x00\x00\x00>Recording w\
ill start when w\
indow '{hwnd_nam\
e}' becomes acti\
ve.\x07\x00\x00\x00\x0bEditTask\
Tab\x01\x03\x00\x00\x00\x04\xc2\xe4\xd5\x89\x08\x00\x00\
\x00\x00\x06\x00\x00\x00\x03Run\x07\x00\x00\x00\x0bE\
ditTaskTab\x01\x03\x00\x00\x00\x04\
\xc8\x00\xc7\xa5\x08\x00\x00\x00\x00\x06\x00\x00\x00\x04Sa\
ve\x07\x00\x00\x00\x0bEditTaskT\
ab\x01\x03\x00\x00\x00\x10\xbc\xc0\xac\xbd\x00 \xc0\xac\
\xd5m\x00 \xc8\x00\xc7\xa5\x08\x00\x00\x00\x00\x06\x00\x00\
\x00\x0cSave Changes\x07\x00\
\x00\x00\x0bEditTaskTab\x01\x03\
\x00\x00\x00\x10\xc2\xa4\xd0l\xb9\xbd\xd2\xb8\x00 \xc7t\
\xb9\x84\x00:\x08\x00\x00\x00\x00\x06\x00\x00\x00\x0cSc\
ript Name:\x07\x00\x00\x00\x0bE\
ditTaskTab\x01\x03\x00\x00\x00:\
\xc2\xa4\xd0l\xb9\xbd\xd2\xb8\xac\x00\x00 \xb2\xe4\xc6\xb4\
\xb8\x5c\xb4\xdc\x00 \xd3\xf4\xb3T\xc5\xd0\x00 \xc11\
\xac\xf5\xc8\x01\xc7<\xb8\x5c\x00 \xb0\xb4\xbc\xf4\xb0\xb4\
\xc8L\xc2\xb5\xb2\xc8\xb2\xe4\x00.\x08\x00\x00\x00\x00\x06\
\x00\x00\x001Script expor\
ted successfully\
 to Downloads fo\
lder.\x07\x00\x00\x00\x0bEditTa\
skTab\x01\x03\x00\x00\x00\x1e\xc2\xa4\xd0l\xb9\
\xbd\xd2\xb8\x00 \xc7t\xb9\x84\xc7@\x00 \xd5D\xc2\
\x18\xc7\x85\xb2\xc8\xb2\xe4\x00.\x08\x00\x00\x00\x00\x06\x00\
\x00\x00\x18Script name i\
s required.\x07\x00\x00\x00\x0b\
EditTaskTab\x01\x03\x00\x00\x00\
\x12\xd1\x5c\xd5\x0c\xb9\xbf\x00 \xac\x80\xc0\xc9\x00.\x00\
.\x00.\x08\x00\x00\x00\x00\x06\x00\x00\x00\x13Sea\
rch templates...\
\x07\x00\x00\x00\x0bEditTaskTab\
\x01\x03\x00\x00\x00\x14\xc2\xa4\xd0l\xb9\xbd\xd2\xb8\x00 \
\xd3\x0c\xc7|\x00 \xc1 \xd0\xdd\x08\x00\x00\x00\x00\x06\
\x00\x00\x00\x12Select Scrip\
t File\x07\x00\x00\x00\x0bEditT\
askTab\x01\x03\x00\x00\x00\x14\xb0\xb4\xbc\xf4\
\xb0\xbc\x00 \xc7\x91\xc5\xc5\x00 \xc1 \xd0\xdd\x00:\
\x08\x00\x00\x00\x00\x06\x00\x00\x00\x17Select\
 tasks to export\
:\x07\x00\x00\x00\x0bEditTaskTa\
b\x01\x03\x00\x00\x00\x04\xc9\x11\xc9\xc0\x08\x00\x00\x00\x00\
\x06\x00\x00\x00\x04Stop\x07\x00\x00\x00\x0bEd\
itTaskTab\x01\x03\x00\x00\x00\x04\xc1\
1\xac\xf5\x08\x00\x00\x00\x00\x06\x00\x00\x00\x07Suc\
cess\x07\x00\x00\x00\x0bEditTas\
kTab\x01\x03\x00\x00\x00\x1a\xc7\x91\xc5\xc5\x00 \
\xc7t\xb9\x84\xc7@\x00 \xd5D\xc2\x18\xc7\x85\xb2\xc8\
\xb2\xe4\x00.\x08\x00\x00\x00\x00\x06\x00\x00\x00\x16Ta\
sk Name is requi\
red.\x07\x00\x00\x00\x0bEditTas\
kTab\x01\x03\x00\x00\x00\x18\xc7\x91\xc5\xc5\xc7t\
\x00 \xbc\xf5\xc0\xac\xb4\x18\xc5\xc8\xc2\xb5\xb2\xc8\xb2\xe4\
\x00.\x08\x00\x00\x00\x00\x06\x00\x00\x00\x19Task\
 copied successf\
ully.\x07\x00\x00\x00\x0bEditTa\
skTab\x01\x03\x00\x00\x00\x18\xc7\x91\xc5\xc5\xc7\
t\x00 \xc0\xdd\xc11\xb4\x18\xc5\xc8\xc2\xb5\xb2\xc8\xb2\
\xe4\x00.\x08\x00\x00\x00\x00\x06\x00\x00\x00\x1aTas\
k created succes\
sfully.\x07\x00\x00\x00\x0bEdit\
TaskTab\x01\x03\x00\x00\x00\x18\xc7\x91\xc5\
\xc5\xc7t\x00 \xc0\xad\xc8\x1c\xb4\x18\xc5\xc8\xc2\xb5\xb2\
\xc8\xb2\xe4\x00.\x08\x00\x00\x00\x00\x06\x00\x00\x00\x1aT\
ask deleted succ\
essfully.\x07\x00\x00\x00\x0bEd\
itTaskTab\x01\x03\x00\x00\x00 \xc7\
\x91\xc5\xc5\x00 \xd3\x0c\xc7|\xc7t\x00 \xc7t\xbb\
\xf8\x00 \xc8t\xc7\xac\xd5i\xb2\xc8\xb2\xe4\x00.\x08\
\x00\x00\x00\x00\x06\x00\x00\x00\x19Task fi\
le already exist\
s.\x07\x00\x00\x00\x0bEditTaskT\
ab\x01\x03\x00\x00\x00&\xc7\x91\xc5\xc5\xc7t\x00 \
\xc11\xac\xf5\xc8\x01\xc7<\xb8\x5c\x00 \xc7\xac\xadl\
\xc11\xb4\x18\xc5\xc8\xc2\xb5\xb2\xc8\xb2\xe4\x00.\x08\x00\
\x00\x00\x00\x06\x00\x00\x00\x1aTask reb\
uilt successfull\
y.\x07\x00\x00\x00\x0bEditTaskT\
ab\x01\x03\x00\x00\x00\x0c\xd1\x5c\xd5\x0c\xb9\xbf\x00 \
\xb9\xe4\xcem\x08\x00\x00\x00\x00\x06\x00\x00\x00\x11Te\
mplate Matching\x07\
\x00\x00\x00\x0bEditTaskTab\x01\
\x03\x00\x00\x00J\xd6\x04\xc7\xac\x00 \xc7\x91\xc5\xc5\xc5\
\xd0\x00 \xc8\x00\xc7\xa5\xb4\x18\xc9\xc0\x00 \xc5J\xc7\
@\x00 \xbc\xc0\xac\xbd\x00 \xc0\xac\xd5m\xc7t\x00\
 \xc7\x88\xc2\xb5\xb2\xc8\xb2\xe4\x00.\x00 \xc8\x00\xc7\
\xa5\xd5X\xc2\xdc\xac\xa0\xc2\xb5\xb2\xc8\xaeL\x00?\x08\
\x00\x00\x00\x00\x06\x00\x00\x00?The cur\
rent task has un\
saved changes. D\
o you want to sa\
ve them?\x07\x00\x00\x00\x0bEdi\
tTaskTab\x01\x03\x00\x00\x00T\xd3\x0c\
\xc7|\xc7t\x00 \xc6x\xbd\x80\xc5\xd0\xc1\x1c\x00 \
\xc2\x18\xc8\x15\xb4\x18\xc5\xc8\xc2\xb5\xb2\xc8\xb2\xe4\x00.\
\x00 \xc8\x00\xc7\xa5\xd5X\xc9\xc0\x00 \xc5J\xc7@\
\x00 \xbc\xc0\xac\xbd\x00 \xc0\xac\xd5m\xc7D\x00 \
\xb3n\xc5\xb4\xc4\xf0\xc2\xdc\xac\xa0\xc2\xb5\xb2\xc8\xaeL\
\x00?\x08\x00\x00\x00\x00\x06\x00\x00\x00PThe \
file was modifie\
d externally. Do\
 you want to ove\
rwrite your unsa\
ved changes?\x07\x00\x00\x00\
\x0bEditTaskTab\x01\x03\x00\x00\
\x00\x06\xbc\x84\xc8\x04\x00:\x08\x00\x00\x00\x00\x06\x00\x00\
\x00\x08Version:\x07\x00\x00\x00\x0bE\
ditTaskTab\x01\x03\x00\x00\x00\x04\
\xac\xbd\xac\xe0\x08\x00\x00\x00\x00\x06\x00\x00\x00\x07Wa\
rning\x07\x00\x00\x00\x0bEditTa\
skTab\x01\x03\x00\x00\x00\x02\xcc=\x08\x00\x00\
\x00\x00\x06\x00\x00\x00\x06Window\x07\x00\x00\
\x00\x0bEditTaskTab\x01\x03\x00\
\x00\x00\x12\x00a\x00d\x00b\x00_\x00s\x00h\x00\
e\x00l\x00l\x08\x00\x00\x00\x00\x06\x00\x00\x00\x09a\
db_shell\x07\x00\x00\x00\x0bEdi\
tTaskTab\x01\x03\x00\x00\x00\x16\x00a\
\x00d\x00b\x00_\x00u\x00i\x00_\x00d\x00u\
\x00m\x00p\x08\x00\x00\x00\x00\x06\x00\x00\x00\x0bad\
b_ui_dump\x07\x00\x00\x00\x0bEd\
itTaskTab\x01\x03\x00\x00\x00\x18\x00\
a\x00d\x00d\x00_\x00t\x00e\x00x\x00t\x00\
_\x00f\x00i\x00x\x08\x00\x00\x00\x00\x06\x00\x00\x00\
\x0cadd_text_fix\x07\x00\x00\
\x00\x0bEditTaskTab\x01\x03\x00\
\x00\x00\x08\x00b\x00a\x00c\x00k\x08\x00\x00\x00\x00\
\x06\x00\x00\x00\x04back\x07\x00\x00\x00\x0bEd\
itTaskTab\x01\x03\x00\x00\x00\x04\xc0\
\xc1\xc7\x90\x08\x00\x00\x00\x00\x06\x00\x00\x00\x03box\
\x07\x00\x00\x00\x0bEditTaskTab\
\x01\x03\x00\x00\x000\x00b\x00o\x00x\x00_\x00i\
\x00n\x00_\x00h\x00o\x00r\x00i\x00z\x00o\
\x00n\x00t\x00a\x00l\x00_\x00c\x00e\x00n\
\x00t\x00e\x00r\x08\x00\x00\x00\x00\x06\x00\x00\x00\x18\
box_in_horizonta\
l_center\x07\x00\x00\x00\x0bEdi\
tTaskTab\x01\x03\x00\x00\x00\x1a\x00b\
\x00o\x00x\x00_\x00o\x00f\x00_\x00s\x00c\
\x00r\x00e\x00e\x00n\x08\x00\x00\x00\x00\x06\x00\x00\
\x00\x0dbox_of_screen\x07\
\x00\x00\x00\x0bEditTaskTab\x01\
\x03\x00\x00\x00(\x00b\x00o\x00x\x00_\x00o\x00\
f\x00_\x00s\x00c\x00r\x00e\x00e\x00n\x00\
_\x00s\x00c\x00a\x00l\x00e\x00d\x08\x00\x00\
\x00\x00\x06\x00\x00\x00\x14box_of_sc\
reen_scaled\x07\x00\x00\x00\x0b\
EditTaskTab\x01\x03\x00\x00\x00\
4\x00c\x00a\x00l\x00c\x00u\x00l\x00a\x00\
t\x00e\x00_\x00c\x00o\x00l\x00o\x00r\x00\
_\x00p\x00e\x00r\x00c\x00e\x00n\x00t\x00\
a\x00g\x00e\x08\x00\x00\x00\x00\x06\x00\x00\x00\x1ac\
alculate_color_p\
ercentage\x07\x00\x00\x00\x0bEd\
itTaskTab\x01\x03\x00\x00\x00\x12\x00\
c\x00l\x00e\x00a\x00r\x00_\x00b\x00o\x00\
x\x08\x00\x00\x00\x00\x06\x00\x00\x00\x09clear\
_box\x07\x00\x00\x00\x0bEditTas\
kTab\x01\x03\x00\x00\x00\x0a\x00c\x00l\x00i\
\x00c\x00k\x08\x00\x00\x00\x00\x06\x00\x00\x00\x05cl\
ick\x07\x00\x00\x00\x0bEditTask\
Tab\x01\x03\x00\x00\x00\x12\x00c\x00l\x00i\x00\
c\x00k\x00_\x00b\x00o\x00x\x08\x00\x00\x00\x00\
\x06\x00\x00\x00\x09click_box\x07\x00\
\x00\x00\x0bEditTaskTab\x01\x03\
\x00\x00\x00.\x00c\x00l\x00i\x00c\x00k\x00_\
\x00b\x00o\x00x\x00_\x00i\x00f\x00_\x00n\
\x00a\x00m\x00e\x00_\x00m\x00a\x00t\x00c\
\x00h\x08\x00\x00\x00\x00\x06\x00\x00\x00\x17clic\
k_box_if_name_ma\
tch\x07\x00\x00\x00\x0bEditTask\
Tab\x01\x03\x00\x00\x00\x1c\x00c\x00l\x00i\x00\
c\x00k\x00_\x00r\x00e\x00l\x00a\x00t\x00\
i\x00v\x00e\x08\x00\x00\x00\x00\x06\x00\x00\x00\x0ec\
lick_relative\x07\x00\x00\
\x00\x0bEditTaskTab\x01\x03\x00\
\x00\x00\x12\x00c\x00l\x00i\x00p\x00b\x00o\x00\
a\x00r\x00d\x08\x00\x00\x00\x00\x06\x00\x00\x00\x09c\
lipboard\x07\x00\x00\x00\x0bEdi\
tTaskTab\x01\x03\x00\x00\x00\x1e\x00c\
\x00r\x00e\x00a\x00t\x00e\x00_\x00s\x00h\
\x00o\x00r\x00t\x00c\x00u\x00t\x08\x00\x00\x00\
\x00\x06\x00\x00\x00\x0fcreate_sho\
rtcut\x07\x00\x00\x00\x0bEditTa\
skTab\x01\x03\x00\x00\x00\x0e\x00d\x00i\x00\
s\x00a\x00b\x00l\x00e\x08\x00\x00\x00\x00\x06\x00\
\x00\x00\x07disable\x07\x00\x00\x00\x0bE\
ditTaskTab\x01\x03\x00\x00\x00\x14\
\x00d\x00r\x00a\x00w\x00_\x00b\x00o\x00x\
\x00e\x00s\x08\x00\x00\x00\x00\x06\x00\x00\x00\x0adr\
aw_boxes\x07\x00\x00\x00\x0bEdi\
tTaskTab\x01\x03\x00\x00\x00\x0c\x00e\
\x00n\x00a\x00b\x00l\x00e\x08\x00\x00\x00\x00\x06\
\x00\x00\x00\x06enable\x07\x00\x00\x00\x0bE\
ditTaskTab\x01\x03\x00\x00\x00\x1e\
\x00e\x00n\x00s\x00u\x00r\x00e\x00_\x00i\
\x00n\x00_\x00f\x00r\x00o\x00n\x00t\x08\x00\
\x00\x00\x00\x06\x00\x00\x00\x0fensure_i\
n_front\x07\x00\x00\x00\x0bEdit\
TaskTab\x01\x03\x00\x00\x00\x1c\x00f\x00\
e\x00a\x00t\x00u\x00r\x00e\x00_\x00e\x00\
x\x00i\x00s\x00t\x00s\x08\x00\x00\x00\x00\x06\x00\
\x00\x00\x0efeature_exist\
s\x07\x00\x00\x00\x0bEditTaskTa\
b\x01\x03\x00\x00\x00\x04\xcc>\xae0\x08\x00\x00\x00\x00\
\x06\x00\x00\x00\x04find\x07\x00\x00\x00\x0bEd\
itTaskTab\x01\x03\x00\x00\x00,\x00\
f\x00i\x00n\x00d\x00_\x00b\x00e\x00s\x00\
t\x00_\x00m\x00a\x00t\x00c\x00h\x00_\x00\
i\x00n\x00_\x00b\x00o\x00x\x08\x00\x00\x00\x00\
\x06\x00\x00\x00\x16find_best_m\
atch_in_box\x07\x00\x00\x00\x0b\
EditTaskTab\x01\x03\x00\x00\x00\
\x14\x00f\x00i\x00n\x00d\x00_\x00b\x00o\x00\
x\x00e\x00s\x08\x00\x00\x00\x00\x06\x00\x00\x00\x0af\
ind_boxes\x07\x00\x00\x00\x0bEd\
itTaskTab\x01\x03\x00\x00\x00\x18\x00\
f\x00i\x00n\x00d\x00_\x00f\x00e\x00a\x00\
t\x00u\x00r\x00e\x08\x00\x00\x00\x00\x06\x00\x00\x00\
\x0cfind_feature\x07\x00\x00\
\x00\x0bEditTaskTab\x01\x03\x00\
\x00\x00(\x00f\x00i\x00n\x00d\x00_\x00f\x00\
e\x00a\x00t\x00u\x00r\x00e\x00_\x00a\x00\
n\x00d\x00_\x00s\x00e\x00t\x08\x00\x00\x00\x00\
\x06\x00\x00\x00\x14find_featur\
e_and_set\x07\x00\x00\x00\x0bEd\
itTaskTab\x01\x03\x00\x00\x00.\x00\
f\x00i\x00n\x00d\x00_\x00f\x00i\x00r\x00\
s\x00t\x00_\x00m\x00a\x00t\x00c\x00h\x00\
_\x00i\x00n\x00_\x00b\x00o\x00x\x08\x00\x00\
\x00\x00\x06\x00\x00\x00\x17find_firs\
t_match_in_box\x07\x00\
\x00\x00\x0bEditTaskTab\x01\x03\
\x00\x00\x00\x10\x00f\x00i\x00n\x00d\x00_\x00o\
\x00n\x00e\x08\x00\x00\x00\x00\x06\x00\x00\x00\x08fi\
nd_one\x07\x00\x00\x00\x0bEditT\
askTab\x01\x03\x00\x00\x00\x1e\x00g\x00e\
\x00t\x00_\x00b\x00o\x00x\x00_\x00b\x00y\
\x00_\x00n\x00a\x00m\x00e\x08\x00\x00\x00\x00\x06\
\x00\x00\x00\x0fget_box_by_n\
ame\x07\x00\x00\x00\x0bEditTask\
Tab\x01\x03\x00\x00\x00&\x00g\x00e\x00t\x00\
_\x00f\x00e\x00a\x00t\x00u\x00r\x00e\x00\
_\x00b\x00y\x00_\x00n\x00a\x00m\x00e\x08\
\x00\x00\x00\x00\x06\x00\x00\x00\x13get_fea\
ture_by_name\x07\x00\x00\x00\
\x0bEditTaskTab\x01\x03\x00\x00\
\x00\x14\x00g\x00e\x00t\x00_\x00s\x00t\x00a\
\x00t\x00u\x00s\x08\x00\x00\x00\x00\x06\x00\x00\x00\x0a\
get_status\x07\x00\x00\x00\x0bE\
ditTaskTab\x01\x03\x00\x00\x00\x22\
\x00g\x00e\x00t\x00_\x00t\x00a\x00s\x00k\
\x00_\x00b\x00y\x00_\x00c\x00l\x00a\x00s\
\x00s\x08\x00\x00\x00\x00\x06\x00\x00\x00\x11get_\
task_by_class\x07\x00\x00\
\x00\x0bEditTaskTab\x01\x03\x00\
\x00\x00\x12\x00g\x00o\x00_\x00t\x00o\x00_\x00\
t\x00a\x00b\x08\x00\x00\x00\x00\x06\x00\x00\x00\x09g\
o_to_tab\x07\x00\x00\x00\x0bEdi\
tTaskTab\x01\x03\x00\x00\x00 \x00h\
\x00e\x00i\x00g\x00h\x00t\x00_\x00o\x00f\
\x00_\x00s\x00c\x00r\x00e\x00e\x00n\x08\x00\
\x00\x00\x00\x06\x00\x00\x00\x10height_o\
f_screen\x07\x00\x00\x00\x0bEdi\
tTaskTab\x01\x03\x00\x00\x00\x10\x00i\
\x00n\x00f\x00o\x00_\x00a\x00d\x00d\x08\x00\
\x00\x00\x00\x06\x00\x00\x00\x08info_add\
\x07\x00\x00\x00\x0bEditTaskTab\
\x01\x03\x00\x00\x00 \x00i\x00n\x00f\x00o\x00_\
\x00a\x00d\x00d\x00_\x00t\x00o\x00_\x00l\
\x00i\x00s\x00t\x08\x00\x00\x00\x00\x06\x00\x00\x00\x10\
info_add_to_list\
\x07\x00\x00\x00\x0bEditTaskTab\
\x01\x03\x00\x00\x00\x14\x00i\x00n\x00f\x00o\x00_\
\x00c\x00l\x00e\x00a\x00r\x08\x00\x00\x00\x00\x06\
\x00\x00\x00\x0ainfo_clear\x07\x00\
\x00\x00\x0bEditTaskTab\x01\x03\
\x00\x00\x00\x10\x00i\x00n\x00f\x00o\x00_\x00g\
\x00e\x00t\x08\x00\x00\x00\x00\x06\x00\x00\x00\x08in\
fo_get\x07\x00\x00\x00\x0bEditT\
askTab\x01\x03\x00\x00\x00\x12\x00i\x00n\
\x00f\x00o\x00_\x00i\x00n\x00c\x00r\x08\x00\
\x00\x00\x00\x06\x00\x00\x00\x09info_inc\
r\x07\x00\x00\x00\x0bEditTaskTa\
b\x01\x03\x00\x00\x00\x10\x00i\x00n\x00f\x00o\x00\
_\x00s\x00e\x00t\x08\x00\x00\x00\x00\x06\x00\x00\x00\
\x08info_set\x07\x00\x00\x00\x0bEd\
itTaskTab\x01\x03\x00\x00\x00\x14\x00\
i\x00n\x00p\x00u\x00t\x00_\x00t\x00e\x00\
x\x00t\x08\x00\x00\x00\x00\x06\x00\x00\x00\x0ainp\
ut_text\x07\x00\x00\x00\x0bEdit\
TaskTab\x01\x03\x00\x00\x00\x0c\x00i\x00\
s\x00_\x00a\x00d\x00b\x08\x00\x00\x00\x00\x06\x00\
\x00\x00\x06is_adb\x07\x00\x00\x00\x0bEd\
itTaskTab\x01\x03\x00\x00\x00\x14\x00\
i\x00s\x00_\x00b\x00r\x00o\x00w\x00s\x00\
e\x00r\x08\x00\x00\x00\x00\x06\x00\x00\x00\x0ais_\
browser\x07\x00\x00\x00\x0bEdit\
TaskTab\x01\x03\x00\x00\x00\x12\x00l\x00\
o\x00g\x00_\x00d\x00e\x00b\x00u\x00g\x08\
\x00\x00\x00\x00\x06\x00\x00\x00\x09log_deb\
ug\x07\x00\x00\x00\x0bEditTaskT\
ab\x01\x03\x00\x00\x00\x12\x00l\x00o\x00g\x00_\
\x00e\x00r\x00r\x00o\x00r\x08\x00\x00\x00\x00\x06\
\x00\x00\x00\x09log_error\x07\x00\x00\
\x00\x0bEditTaskTab\x01\x03\x00\
\x00\x00\x10\x00l\x00o\x00g\x00_\x00i\x00n\x00\
f\x00o\x08\x00\x00\x00\x00\x06\x00\x00\x00\x08log\
_info\x07\x00\x00\x00\x0bEditTa\
skTab\x01\x03\x00\x00\x00\x16\x00l\x00o\x00\
g\x00_\x00w\x00a\x00r\x00n\x00i\x00n\x00\
g\x08\x00\x00\x00\x00\x06\x00\x00\x00\x0blog_w\
arning\x07\x00\x00\x00\x0bEditT\
askTab\x01\x03\x00\x00\x00\x18\x00m\x00i\
\x00d\x00d\x00l\x00e\x00_\x00c\x00l\x00i\
\x00c\x00k\x08\x00\x00\x00\x00\x06\x00\x00\x00\x0cmi\
ddle_click\x07\x00\x00\x00\x0bE\
ditTaskTab\x01\x03\x00\x00\x00*\
\x00m\x00i\x00d\x00d\x00l\x00e\x00_\x00c\
\x00l\x00i\x00c\x00k\x00_\x00r\x00e\x00l\
\x00a\x00t\x00i\x00v\x00e\x08\x00\x00\x00\x00\x06\
\x00\x00\x00\x15middle_click\
_relative\x07\x00\x00\x00\x0bEd\
itTaskTab\x01\x03\x00\x00\x00\x14\x00\
m\x00o\x00u\x00s\x00e\x00_\x00d\x00o\x00\
w\x00n\x08\x00\x00\x00\x00\x06\x00\x00\x00\x0amou\
se_down\x07\x00\x00\x00\x0bEdit\
TaskTab\x01\x03\x00\x00\x00\x10\x00m\x00\
o\x00u\x00s\x00e\x00_\x00u\x00p\x08\x00\x00\
\x00\x00\x06\x00\x00\x00\x08mouse_up\x07\
\x00\x00\x00\x0bEditTaskTab\x01\
\x03\x00\x00\x00\x08\x00m\x00o\x00v\x00e\x08\x00\x00\
\x00\x00\x06\x00\x00\x00\x04move\x07\x00\x00\x00\x0b\
EditTaskTab\x01\x03\x00\x00\x00\
\x1a\x00m\x00o\x00v\x00e\x00_\x00r\x00e\x00\
l\x00a\x00t\x00i\x00v\x00e\x08\x00\x00\x00\x00\
\x06\x00\x00\x00\x0dmove_relati\
ve\x07\x00\x00\x00\x0bEditTaskT\
ab\x01\x03\x00\x00\x00\x14\x00n\x00e\x00x\x00t\
\x00_\x00f\x00r\x00a\x00m\x00e\x08\x00\x00\x00\
\x00\x06\x00\x00\x00\x0anext_frame\
\x07\x00\x00\x00\x0bEditTaskTab\
\x01\x03\x00\x00\x00\x18\x00n\x00o\x00t\x00i\x00f\
\x00i\x00c\x00a\x00t\x00i\x00o\x00n\x08\x00\
\x00\x00\x00\x06\x00\x00\x00\x0cnotifica\
tion\x07\x00\x00\x00\x0bEditTas\
kTab\x01\x03\x00\x00\x00\x06\x00o\x00c\x00r\
\x08\x00\x00\x00\x00\x06\x00\x00\x00\x03ocr\x07\x00\x00\
\x00\x0bEditTaskTab\x01\x03\x00\
\x00\x00\x18\x00o\x00u\x00t\x00_\x00o\x00f\x00\
_\x00r\x00a\x00t\x00i\x00o\x08\x00\x00\x00\x00\
\x06\x00\x00\x00\x0cout_of_rati\
o\x07\x00\x00\x00\x0bEditTaskTa\
b\x01\x03\x00\x00\x00\x0a\x00p\x00a\x00u\x00s\x00\
e\x08\x00\x00\x00\x00\x06\x00\x00\x00\x05pause\
\x07\x00\x00\x00\x0bEditTaskTab\
\x01\x03\x00\x00\x00\x16\x00r\x00i\x00g\x00h\x00t\
\x00_\x00c\x00l\x00i\x00c\x00k\x08\x00\x00\x00\
\x00\x06\x00\x00\x00\x0bright_clic\
k\x07\x00\x00\x00\x0bEditTaskTa\
b\x01\x03\x00\x00\x00\x14\x00s\x00c\x00r\x00e\x00\
e\x00n\x00s\x00h\x00o\x00t\x08\x00\x00\x00\x00\
\x06\x00\x00\x00\x0ascreenshot\x07\
\x00\x00\x00\x0bEditTaskTab\x01\
\x03\x00\x00\x00\x0c\x00s\x00c\x00r\x00o\x00l\x00\
l\x08\x00\x00\x00\x00\x06\x00\x00\x00\x06scrol\
l\x07\x00\x00\x00\x0bEditTaskTa\
b\x01\x03\x00\x00\x00\x1e\x00s\x00c\x00r\x00o\x00\
l\x00l\x00_\x00r\x00e\x00l\x00a\x00t\x00\
i\x00v\x00e\x08\x00\x00\x00\x00\x06\x00\x00\x00\x0fs\
croll_relative\x07\x00\
\x00\x00\x0bEditTaskTab\x01\x03\
\x00\x00\x00\x10\x00s\x00e\x00n\x00d\x00_\x00k\
\x00e\x00y\x08\x00\x00\x00\x00\x06\x00\x00\x00\x08se\
nd_key\x07\x00\x00\x00\x0bEditT\
askTab\x01\x03\x00\x00\x00\x1a\x00s\x00e\
\x00n\x00d\x00_\x00k\x00e\x00y\x00_\x00d\
\x00o\x00w\x00n\x08\x00\x00\x00\x00\x06\x00\x00\x00\x0d\
send_key_down\x07\x00\x00\
\x00\x0bEditTaskTab\x01\x03\x00\
\x00\x00\x16\x00s\x00e\x00n\x00d\x00_\x00k\x00\
e\x00y\x00_\x00u\x00p\x08\x00\x00\x00\x00\x06\x00\
\x00\x00\x0bsend_key_up\x07\x00\
\x00\x00\x0bEditTaskTab\x01\x03\
\x00\x00\x00\x0a\x00s\x00l\x00e\x00e\x00p\x08\x00\
\x00\x00\x00\x06\x00\x00\x00\x05sleep\x07\x00\x00\
\x00\x0bEditTaskTab\x01\x03\x00\
\x00\x00\x16\x00s\x00l\x00e\x00e\x00p\x00_\x00\
c\x00h\x00e\x00c\x00k\x08\x00\x00\x00\x00\x06\x00\
\x00\x00\x0bsleep_check\x07\x00\
\x00\x00\x0bEditTaskTab\x01\x03\
\x00\x00\x00\x18\x00s\x00t\x00a\x00r\x00t\x00_\
\x00d\x00e\x00v\x00i\x00c\x00e\x08\x00\x00\x00\
\x00\x06\x00\x00\x00\x0cstart_devi\
ce\x07\x00\x00\x00\x0bEditTaskT\
ab\x01\x03\x00\x00\x00\x0a\x00s\x00w\x00i\x00p\
\x00e\x08\x00\x00\x00\x00\x06\x00\x00\x00\x05swip\
e\x07\x00\x00\x00\x0bEditTaskTa\
b\x01\x03\x00\x00\x00\x1c\x00s\x00w\x00i\x00p\x00\
e\x00_\x00r\x00e\x00l\x00a\x00t\x00i\x00\
v\x00e\x08\x00\x00\x00\x00\x06\x00\x00\x00\x0eswi\
pe_relative\x07\x00\x00\x00\x0b\
EditTaskTab\x01\x03\x00\x00\x00\
\x04\x00t\x00r\x08\x00\x00\x00\x00\x06\x00\x00\x00\x02t\
r\x07\x00\x00\x00\x0bEditTaskTa\
b\x01\x03\x00\x00\x00\x0e\x00t\x00r\x00i\x00g\x00\
g\x00e\x00r\x08\x00\x00\x00\x00\x06\x00\x00\x00\x07t\
rigger\x07\x00\x00\x00\x0bEditT\
askTab\x01\x03\x00\x00\x00\x0e\x00u\x00n\
\x00p\x00a\x00u\x00s\x00e\x08\x00\x00\x00\x00\x06\
\x00\x00\x00\x07unpause\x07\x00\x00\x00\x0b\
EditTaskTab\x01\x03\x00\x00\x00\
\x1c\x00w\x00a\x00i\x00t\x00_\x00c\x00l\x00\
i\x00c\x00k\x00_\x00b\x00o\x00x\x08\x00\x00\
\x00\x00\x06\x00\x00\x00\x0ewait_clic\
k_box\x07\x00\x00\x00\x0bEditTa\
skTab\x01\x03\x00\x00\x00$\x00w\x00a\x00\
i\x00t\x00_\x00c\x00l\x00i\x00c\x00k\x00\
_\x00f\x00e\x00a\x00t\x00u\x00r\x00e\x08\
\x00\x00\x00\x00\x06\x00\x00\x00\x12wait_cl\
ick_feature\x07\x00\x00\x00\x0b\
EditTaskTab\x01\x03\x00\x00\x00\
\x1c\x00w\x00a\x00i\x00t\x00_\x00c\x00l\x00\
i\x00c\x00k\x00_\x00o\x00c\x00r\x08\x00\x00\
\x00\x00\x06\x00\x00\x00\x0ewait_clic\
k_ocr\x07\x00\x00\x00\x0bEditTa\
skTab\x01\x03\x00\x00\x00\x18\x00w\x00a\x00\
i\x00t\x00_\x00f\x00e\x00a\x00t\x00u\x00\
r\x00e\x08\x00\x00\x00\x00\x06\x00\x00\x00\x0cwai\
t_feature\x07\x00\x00\x00\x0bEd\
itTaskTab\x01\x03\x00\x00\x00\x10\x00\
w\x00a\x00i\x00t\x00_\x00o\x00c\x00r\x08\
\x00\x00\x00\x00\x06\x00\x00\x00\x08wait_oc\
r\x07\x00\x00\x00\x0bEditTaskTa\
b\x01\x03\x00\x00\x00\x14\x00w\x00a\x00i\x00t\x00\
_\x00u\x00n\x00t\x00i\x00l\x08\x00\x00\x00\x00\
\x06\x00\x00\x00\x0await_until\x07\
\x00\x00\x00\x0bEditTaskTab\x01\
\x03\x00\x00\x00\x1e\x00w\x00i\x00d\x00t\x00h\x00\
_\x00o\x00f\x00_\x00s\x00c\x00r\x00e\x00\
e\x00n\x08\x00\x00\x00\x00\x06\x00\x00\x00\x0fwid\
th_of_screen\x07\x00\x00\x00\
\x0bEditTaskTab\x01\x03\x00\x00\
\x00\x0c\xc1$\xc8\x15\x00 \xcd\x08\xae0\xd6T\x08\x00\
\x00\x00\x00\x06\x00\x00\x00\x0cReset Co\
nfig\x07\x00\x00\x00\x10GlobalC\
onfigCard\x01\x03\x00\x00\x00\x0c\xc1\
$\xc8\x15\x00 \xcd\x08\xae0\xd6T\x08\x00\x00\x00\x00\
\x06\x00\x00\x00\x0cReset Confi\
g\x07\x00\x00\x00\x0fGlobalConf\
igTab\x01\x03\x00\x00\x00\x04\xcd\xe8\xc1\x8c\x08\
\x00\x00\x00\x00\x06\x00\x00\x00\x06Cancel\x07\
\x00\x00\x00\x0bHwndChooser\x01\
\x03\x00\x00\x00\x08\xcc=\x00 \xc1 \xd0\xdd\x08\x00\x00\
\x00\x00\x06\x00\x00\x00\x0dChoose Wi\
ndow\x07\x00\x00\x00\x0bHwndCho\
oser\x01\x03\x00\x00\x00\x04\xd6U\xc7x\x08\x00\
\x00\x00\x00\x06\x00\x00\x00\x07Confirm\x07\
\x00\x00\x00\x0bHwndChooser\x01\
\x03\x00\x00\x00\x0c\x00{\x00}\x00 \xc1 \xd0\xdd\xb4\
(\x08\x00\x00\x00\x00\x06\x00\x00\x00\x0b{} Se\
lected\x07\x00\x00\x00\x0bHwndC\
hooser\x01\x03\x00\x00\x00\x04\xcd\xe8\xc1\x8c\
\x08\x00\x00\x00\x00\x06\x00\x00\x00\x06Cancel\
\x07\x00\x00\x00\x13ImportWarni\
ngDialog\x01\x03\x00\x00\x00\x04\xd6U\
\xc7x\x08\x00\x00\x00\x00\x06\x00\x00\x00\x07Conf\
irm\x07\x00\x00\x00\x13ImportWa\
rningDialog\x01\x03\x00\x00\x00\
8\xc7\x04\xd5\xd8\xc7D\x00 \xc7x\xc9\xc0\xd5X\xac\
\xe0\x00 \xc7t\x00 \xc2\xa4\xd0l\xb9\xbd\xd2\xb8\xb9\
|\x00 \xac\x00\xc88\xc6$\xae0\xb9|\x00 \xc6\
\xd0\xd5i\xb2\xc8\xb2\xe4\x00.\x08\x00\x00\x00\x00\x06\x00\
\x00\x006I understand \
the risks and wa\
nt to import thi\
s script.\x07\x00\x00\x00\x13Im\
portWarningDialo\
g\x01\x03\x00\x00\x00\xc4\xc2\xa4\xd0l\xb9\xbd\xd2\xb8\x00\
 \xac\x8c\xc2\xdc\xc7\x90\xb9|\x00 \xc2\xe0\xb8\xb0\xd5\
X\xb2\x94\xc9\xc0\x00 \xd6U\xc7x\xd5X\xc2\xed\xc2\
\xdc\xc6$\x00.\x00 \xd6U\xc7x\xb4\x18\xc9\xc0\x00\
 \xc5J\xc7@\x00 \xc2\xa4\xd0l\xb9\xbd\xd2\xb8\xb2\
\x94\x00 \xac\xc4\xc8\x15\x00/\xb3p\xc7t\xd10\x00\
/\xae\x08\xc8\x04\x00 \xb3\xc4\xc6\xa9\x00,\x00 \xb3\
p\xc7t\xd10\x00 \xd3\x0c\xad4\x00,\x00 \xce\
\xf4\xd4\xe8\xd10\x00 \xc1\x90\xc0\xc1\x00/\xc8\x1c\xc5\
\xb4\x00 \xb4\xf1\xc7D\x00 \xd3\xec\xd5h\xd5X\xb4\
\x18\x00 \xc7t\xc5\xd0\x00 \xadm\xd5\x5c\xb4\x18\xc9\
\xc0\x00 \xc5J\xb2\x94\x00 \xc7\x04\xd5\xd8\xc7t\x00\
 \xc7\x88\xc2\xb5\xb2\xc8\xb2\xe4\x00.\x08\x00\x00\x00\x00\
\x06\x00\x00\x00\xabMake sure t\
hat you trust th\
e script publish\
er, unverified s\
cript can and no\
t limited to ste\
al your account/\
 data money, des\
troy your data, \
harm/ controllin\
g your computer.\
\x07\x00\x00\x00\x13ImportWarni\
ngDialog\x01\x03\x00\x00\x00\x04\xac\xbd\
\xac\xe0\x08\x00\x00\x00\x00\x06\x00\x00\x00\x07Warn\
ing\x07\x00\x00\x00\x13ImportWa\
rningDialog\x01\x03\x00\x00\x00\
\x12\xba\xa8\xb4\xe0\x00 \xd3\x0c\xc7|\x00 \x00(\x00\
*\x00)\x08\x00\x00\x00\x00\x06\x00\x00\x00\x0dAll\
 Files (*)\x07\x00\x00\x00\x14L\
abelAndFileSelec\
tor\x01\x03\x00\x00\x00\x08\xcc>\xc5D\xbc\xf4\xae\
0\x08\x00\x00\x00\x00\x06\x00\x00\x00\x06Brows\
e\x07\x00\x00\x00\x14LabelAndFi\
leSelector\x01\x03\x00\x00\x00\x0a\
\xd3\x0c\xc7|\x00 \xc1 \xd0\xdd\x08\x00\x00\x00\x00\x06\
\x00\x00\x00\x0bSelect File\x07\
\x00\x00\x00\x14LabelAndFile\
Selector\x01\x03\x00\x00\x00\x16\xd3\x0c\
\xc7|\x00 \xb6\x10\xb2\x94\x00 \xd3\xf4\xb3T\x00 \
\xc1 \xd0\xdd\x08\x00\x00\x00\x00\x06\x00\x00\x00\x15Se\
lect File or Fol\
der\x07\x00\x00\x00\x14LabelAnd\
FileSelector\x01\x03\x00\x00\
\x00\x0a\xd3\xf4\xb3T\x00 \xc1 \xd0\xdd\x08\x00\x00\x00\
\x00\x06\x00\x00\x00\x0dSelect Fol\
der\x07\x00\x00\x00\x14LabelAnd\
FileSelector\x01\x03\x00\x00\
\x00\x0e\xc1$\xc8\x15\xc7<\xb8\x5c\x00 \xc7t\xb3\xd9\
\x08\x00\x00\x00\x00\x06\x00\x00\x00\x0cGo to \
Config\x07\x00\x00\x00\x0eLabel\
AndGlobal\x01\x03\x00\x00\x00\x06\xc5\
D\xb2\xc8\xc6\x94\x08\x00\x00\x00\x00\x06\x00\x00\x00\x02N\
o\x07\x00\x00\x00\x14LabelAndSw\
itchButton\x01\x03\x00\x00\x00\x02\
\xc6\x08\x08\x00\x00\x00\x00\x06\x00\x00\x00\x03Yes\x07\
\x00\x00\x00\x14LabelAndSwit\
chButton\x01\x03\x00\x00\x00\x0e\x00D\
\x00i\x00s\x00c\x00o\x00r\x00d\x08\x00\x00\x00\
\x00\x06\x00\x00\x00\x07Discord\x07\x00\x00\
\x00\x08LinksBar\x01\x03\x00\x00\x00\x10\
\xc7\x90\xc8\xfc\x00 \xbb;\xb2\x94\x00 \xc9\xc8\xbb8\
\x08\x00\x00\x00\x00\x06\x00\x00\x00\x03FAQ\x07\x00\x00\
\x00\x08LinksBar\x01\x03\x00\x00\x00\x0c\
\x00G\x00i\x00t\x00H\x00u\x00b\x08\x00\x00\x00\
\x00\x06\x00\x00\x00\x06GitHub\x07\x00\x00\x00\
\x08LinksBar\x01\x03\x00\x00\x00\x14\xb2\
\xe4\xc6\xb4\xb8\x5c\xb4\xdc\x00 \xb9\xc1\xd0l\x00 \xac\
\xf5\xc7 \x08\x00\x00\x00\x00\x06\x00\x00\x00\x05Sha\
re\x07\x00\x00\x00\x08LinksBar\x01\
\x03\x00\x00\x00(\xac\xf5\xc7 \x00 \xb9\xc1\xd0l\xac\
\x00\x00 \xd0t\xb9\xbd\xbc\xf4\xb4\xdc\xc5\xd0\x00 \xbc\
\xf5\xc0\xac\xb4\x18\xc5\xc8\xc2\xb5\xb2\xc8\xb2\xe4\x08\x00\x00\
\x00\x00\x06\x00\x00\x00\x1eShare Lin\
k copied to clip\
board\x07\x00\x00\x00\x08LinksB\
ar\x01\x03\x00\x00\x00\x04\xd6\xc4\xc6\xd0\x08\x00\x00\x00\
\x00\x06\x00\x00\x00\x07Sponsor\x07\x00\x00\
\x00\x08LinksBar\x01\x03\x00\x00\x00\x0a\
\xba\xa8\xb4\xe0\x00 \xb8\x08\xbc\xa8\x08\x00\x00\x00\x00\x06\
\x00\x00\x00\x0aAll Levels\x07\x00\
\x00\x00\x09LogWindow\x01\x03\x00\x00\
\x00\x06\xc9\xc0\xc6\xb0\xae0\x08\x00\x00\x00\x00\x06\x00\x00\
\x00\x05Clear\x07\x00\x00\x00\x09LogW\
indow\x01\x03\x00\x00\x00\x04\xb2\xeb\xae0\x08\
\x00\x00\x00\x00\x06\x00\x00\x00\x05Close\x07\x00\
\x00\x00\x09LogWindow\x01\x03\x00\x00\
\x00\x06\xb4\xdc\xb7\x98\xad\xf8\x08\x00\x00\x00\x00\x06\x00\x00\
\x00\x04Drag\x07\x00\x00\x00\x09LogWi\
ndow\x01\x03\x00\x00\x00\x10\xb8\x5c\xad\xf8\x00 \
\xd5D\xd10\x00.\x00.\x00.\x08\x00\x00\x00\x00\x06\
\x00\x00\x00\x0eFilter logs.\
..\x07\x00\x00\x00\x09LogWindow\
\x01\x03\x00\x00\x00\x0a\xb8\x5c\xad\xf8\x00 \xc5\xf4\xae0\
\x08\x00\x00\x00\x00\x06\x00\x00\x00\x09Open L\
ogs\x07\x00\x00\x00\x09LogWindo\
w\x01\x03\x00\x00\x00\x08\xc7|\xc2\xdc\xc8\x15\xc9\xc0\x08\
\x00\x00\x00\x00\x06\x00\x00\x00\x05Pause\x07\x00\
\x00\x00\x09LogWindow\x01\x03\x00\x00\
\x00\x04\xac\xe0\xc8\x15\x08\x00\x00\x00\x00\x06\x00\x00\x00\x03\
Pin\x07\x00\x00\x00\x09LogWindo\
w\x01\x03\x00\x00\x00\x04\xc7\xac\xac\x1c\x08\x00\x00\x00\x00\
\x06\x00\x00\x00\x06Resume\x07\x00\x00\x00\x09\
LogWindow\x01\x03\x00\x00\x00\x0a\xac\
\xe0\xc8\x15\x00 \xd5t\xc8\x1c\x08\x00\x00\x00\x00\x06\x00\
\x00\x00\x05Unpin\x07\x00\x00\x00\x09Log\
Window\x01\x03\x00\x00\x00\x0a\xb8\x5c\xad\xf8\
\x00 \xbc\xf4\xae0\x08\x00\x00\x00\x00\x06\x00\x00\x00\x08\
View Log\x07\x00\x00\x00\x09Log\
Window\x01\x03\x00\x00\x00$\x00o\x00k\
\x00-\x00s\x00c\x00r\x00i\x00p\x00t\x00.\
\x00l\x00o\x00g\x00 \xb3\x00\xae0\x00 \xc9\x11\
\x08\x00\x00\x00\x00\x06\x00\x00\x00\x19Waitin\
g for ok-script.\
log\x07\x00\x00\x00\x09LogWindo\
w\x01\x03\x00\x00\x00\x02\xac\x1c\x08\x00\x00\x00\x00\x06\x00\
\x00\x00\x07records\x07\x00\x00\x00\x09L\
ogWindow\x01\x03\x00\x00\x00\x04\xc8\x15\
\xbc\xf4\x08\x00\x00\x00\x00\x06\x00\x00\x00\x05Abou\
t\x07\x00\x00\x00\x0aMainWindow\
\x01\x03\x00\x00\x00\x0a\xce\xa1\xcc\x98\x00 \xbc)\xc2\xdd\
\x08\x00\x00\x00\x00\x06\x00\x00\x00\x07Captur\
e\x07\x00\x00\x00\x0aMainWindow\
\x01\x03\x00\x00\x00\x0a\xce\xa1\xcc\x98\x00 \xc6$\xb9X\
\x08\x00\x00\x00\x00\x06\x00\x00\x00\x0dCaptur\
e Error\x07\x00\x00\x00\x0aMain\
Window\x01\x03\x00\x00\x00\x0a\xac\x1c\xbc\x1c\
\x00 \xb3\xc4\xadl\x08\x00\x00\x00\x00\x06\x00\x00\x00\x05\
Debug\x07\x00\x00\x00\x0aMainWi\
ndow\x01\x03\x00\x00\x00\x04\xc6$\xb9X\x08\x00\
\x00\x00\x00\x06\x00\x00\x00\x05Error\x07\x00\x00\
\x00\x0aMainWindow\x01\x03\x00\x00\
\x00\x04\xc8\x85\xb8\xcc\x08\x00\x00\x00\x00\x06\x00\x00\x00\x04\
Exit\x07\x00\x00\x00\x0aMainWin\
dow\x01\x03\x00\x00\x00\x04\xc8\x15\xbc\xf4\x08\x00\x00\
\x00\x00\x06\x00\x00\x00\x04Info\x07\x00\x00\x00\x0a\
MainWindow\x01\x03\x00\x00\x00\x0e\
\xc7|\xc2\xdc\x00 \xc9\x11\xc9\xc0\xb4(\x00.\x08\x00\
\x00\x00\x00\x06\x00\x00\x00\x0ePause Su\
ccess.\x07\x00\x00\x00\x0aMainW\
indow\x01\x03\x00\x00\x000\xac\x8c\xc7\x84\x00\
 \xcc=\xc7t\x00 \xc6,\xbc\x14\xb9t\xac\x8c\x00\
 \xc1 \xd0\xdd\xb4\x18\xc5\xc8\xb2\x94\xc9\xc0\x00 \xd6\
U\xc7x\xd5X\xc18\xc6\x94\x00!\x08\x00\x00\x00\x00\
\x06\x00\x00\x00;Please chec\
k whether the ga\
me window is sel\
ected correctly!\
\x07\x00\x00\x00\x0aMainWindow\x01\
\x03\x00\x00\x00\x0a\xc5H\xc8\x15\x00 \xbc\x84\xc8\x04\x08\
\x00\x00\x00\x00\x06\x00\x00\x00\x07Release\
\x07\x00\x00\x00\x0aMainWindow\x01\
\x03\x00\x00\x00\x0a\xcfT\xb4\xdc\x00 \xc2\xe4\xd5\x89\x08\
\x00\x00\x00\x00\x06\x00\x00\x00\x08Run Cod\
e\x07\x00\x00\x00\x0aMainWindow\
\x01\x03\x00\x00\x00\x04\xc7|\xc8\x15\x08\x00\x00\x00\x00\x06\
\x00\x00\x00\x08Schedule\x07\x00\x00\x00\
\x0aMainWindow\x01\x03\x00\x00\x00\
\x08\xc2\xa4\xd0l\xb9\xbd\xd2\xb8\x08\x00\x00\x00\x00\x06\x00\
\x00\x00\x06Script\x07\x00\x00\x00\x0aMa\
inWindow\x01\x03\x00\x00\x00\x04\xc1$\
\xc8\x15\x08\x00\x00\x00\x00\x06\x00\x00\x00\x08Sett\
ings\x07\x00\x00\x00\x0aMainWin\
dow\x01\x03\x00\x00\x00\x0c\xc2\xdc\xc7\x91\x00 \xc1\
1\xac\xf5\x00.\x08\x00\x00\x00\x00\x06\x00\x00\x00\x0eS\
tart Success.\x07\x00\x00\
\x00\x0aMainWindow\x01\x03\x00\x00\
\x00\x04\xc7\x91\xc5\xc5\x08\x00\x00\x00\x00\x06\x00\x00\x00\x05\
Tasks\x07\x00\x00\x00\x0aMainWi\
ndow\x01\x03\x00\x00\x00\x06\xd1\x5c\xd5\x0c\xb9\xbf\
\x08\x00\x00\x00\x00\x06\x00\x00\x00\x09Templa\
tes\x07\x00\x00\x00\x0aMainWind\
ow\x01\x03\x00\x00\x00V\xc7t\xac\x83\xc7@\x00 \
\xbb4\xb8\xcc\x00 \xc1\x8c\xd5\x04\xd2\xb8\xc6\xe8\xc5\xb4\
\xc7\x85\xb2\xc8\xb2\xe4\x00.\x00 \xb9\xcc\xc5}\x00 \
\xadl\xb9\xe4\xd5X\xc1h\xb2\xe4\xbat\x00 \xd3\x10\
\xb9\xe4\xc7\x90\xc5\xd0\xac\x8c\x00 \xd6X\xbd\x88\xc7D\
\x00 \xc6\x94\xcc\xad\xd5X\xc18\xc6\x94\x00.\x08\x00\
\x00\x00\x00\x06\x00\x00\x00ZThis is \
a free software.\
 If you purchase\
d this anywhere,\
 request a refun\
d from the selle\
r.\x07\x00\x00\x00\x0aMainWindo\
w\x01\x03\x00\x00\x00\x06\xd2\xb8\xb9\xac\xacp\x08\x00\x00\
\x00\x00\x06\x00\x00\x00\x08Triggers\x07\
\x00\x00\x00\x0aMainWindow\x01\x03\
\x00\x00\x00\x08\xc5\xc5\xb3p\xc7t\xd2\xb8\x08\x00\x00\x00\
\x00\x06\x00\x00\x00\x06Update\x07\x00\x00\x00\
\x0aMainWindow\x01\x03\x00\x00\x00\
\x06\xd6\x5c\xc11\xd6T\x08\x00\x00\x00\x00\x06\x00\x00\x00\
\x06\xe6\xbf\x80\xe6\xb4\xbb\x07\x00\x00\x00\x0aMain\
Window\x01\x03\x00\x00\x00\x0c\xd2\xb8\xb9\xac\
\xacp\x00 \xc0\xc1\xd0\xdc\x08\x00\x00\x00\x00\x06\x00\x00\
\x00\x0f\xe8\xa7\xa6\xe5\x8f\x91\xe5\x99\xa8\xe7\x8a\xb6\xe6\x80\
\x81\x07\x00\x00\x00\x0aMainWindow\
\x01\x03\x00\x00\x00\x0c\xc0\xad\xc8\x1c\x00 \x00(\x00D\
\x00)\x08\x00\x00\x00\x00\x06\x00\x00\x00\x0aDele\
te (D)\x07\x00\x00\x00\x0cMarkU\
pWindow\x01\x03\x00\x00\x00\x0e\xad\xf8\xb9\
\xac\xae0\x00 \x00(\x00R\x00)\x08\x00\x00\x00\x00\
\x06\x00\x00\x00\x08Draw (R)\x07\x00\x00\
\x00\x0cMarkUpWindow\x01\x03\
\x00\x00\x00\x0e\xb9\xc8\xd0l\xc5\xc5\x00 \xd3\xb8\xc9\xd1\
\xae0\x08\x00\x00\x00\x00\x06\x00\x00\x00\x0dMark\
up Editor\x07\x00\x00\x00\x0cMa\
rkUpWindow\x01\x03\x00\x00\x00\x14\
\xc2\x18\xc8\x15\x00 \x00(\xb3T\xbe\x14\x00 \xd0t\
\xb9\xad\x00)\x08\x00\x00\x00\x00\x06\x00\x00\x00\x15Mo\
dify (Double Cli\
ck)\x07\x00\x00\x00\x0cMarkUpWi\
ndow\x01\x03\x00\x00\x00\x16\xc6\xb0\xd0t\xb9\xad\
\xc7<\xb8\x5c\x00 \xc0\xc9\xc0\xc1\x00 \xbc\xf5\xc0\xac\
\x08\x00\x00\x00\x00\x06\x00\x00\x00\x19Right \
click to copy co\
lor\x07\x00\x00\x00\x0cMarkUpWi\
ndow\x01\x03\x00\x00\x00\x04\xd6U\xc7x\x08\x00\
\x00\x00\x00\x06\x00\x00\x00\x07Confirm\x07\
\x00\x00\x00\x0dMessageWindo\
w\x01\x03\x00\x00\x00\x04\xcd\x94\xac\x00\x08\x00\x00\x00\x00\
\x06\x00\x00\x00\x03Add\x07\x00\x00\x00\x10Mod\
ifyListDialog\x01\x03\x00\
\x00\x00\x12\xc0\xac\xc6\xa9\x00 \xac\x00\xb2\xa5\xd5\x5c\x00\
 \xc65\xc1X\x08\x00\x00\x00\x00\x06\x00\x00\x00\x11A\
vailable Options\
\x07\x00\x00\x00\x10ModifyListD\
ialog\x01\x03\x00\x00\x00\x04\xcd\xe8\xc1\x8c\x08\
\x00\x00\x00\x00\x06\x00\x00\x00\x06Cancel\x07\
\x00\x00\x00\x10ModifyListDi\
alog\x01\x03\x00\x00\x00\x1c\xcd\x94\xac\x00\xd5`\
\x00 \xc65\xc1X\xc7D\x00 \xd0t\xb9\xad\xd5X\
\xc18\xc6\x94\x00.\x08\x00\x00\x00\x00\x06\x00\x00\x00\x1a\
Click an option \
to add it.\x07\x00\x00\x00\x10M\
odifyListDialog\x01\
\x03\x00\x00\x00\x04\xd6U\xc7x\x08\x00\x00\x00\x00\x06\x00\
\x00\x00\x07Confirm\x07\x00\x00\x00\x10M\
odifyListDialog\x01\
\x03\x00\x00\x00\x04\xc2\x18\xc8\x15\x08\x00\x00\x00\x00\x06\x00\
\x00\x00\x06Modify\x07\x00\x00\x00\x10Mo\
difyListDialog\x01\x03\
\x00\x00\x00\x0c\xc5D\xb7\x98\xb8\x5c\x00 \xc7t\xb3\xd9\
\x08\x00\x00\x00\x00\x06\x00\x00\x00\x09Move D\
own\x07\x00\x00\x00\x10ModifyLi\
stDialog\x01\x03\x00\x00\x00\x0a\xc7\x04\
\xb8\x5c\x00 \xc7t\xb3\xd9\x08\x00\x00\x00\x00\x06\x00\x00\
\x00\x07Move Up\x07\x00\x00\x00\x10Mo\
difyListDialog\x01\x03\
\x00\x00\x00\x04\xc8\x1c\xacp\x08\x00\x00\x00\x00\x06\x00\x00\
\x00\x06Remove\x07\x00\x00\x00\x10Mod\
ifyListDialog\x01\x03\x00\
\x00\x00\x10\xc65\xc1X\x00 \xac\x80\xc0\xc9\x00.\x00\
.\x00.\x08\x00\x00\x00\x00\x06\x00\x00\x00\x11Sea\
rch options...\x07\x00\
\x00\x00\x10ModifyListDia\
log\x01\x03\x00\x00\x00\x0c\xc1 \xd0\xdd\xd5\x5c\x00\
 \xc65\xc1X\x08\x00\x00\x00\x00\x06\x00\x00\x00\x10S\
elected Options\x07\
\x00\x00\x00\x10ModifyListDi\
alog\x01\x03\x00\x00\x00\x04\xc2\x18\xc8\x15\x08\x00\
\x00\x00\x00\x06\x00\x00\x00\x06Modify\x07\x00\
\x00\x00\x0eModifyListIte\
m\x01\x03\x00\x00\x00\x16\x00(\x000\x00 \x00=\x00\
 \xbeD\xd6\x5c\xc11\xd6T\xb4(\x00)\x08\x00\x00\
\x00\x00\x06\x00\x00\x00\x0e(0 = disa\
bled)\x07\x00\x00\x00\x18Modify\
ScheduleTaskDial\
og\x01\x03\x00\x00\x00\x08\x002\x004\xc2\xdc\xac\x04\
\x08\x00\x00\x00\x00\x06\x00\x00\x00\x0324h\x07\x00\x00\
\x00\x18ModifySchedule\
TaskDialog\x01\x03\x00\x00\x00$\
\xc7\x91\xc5\xc5\x00 \xc6D\xb8\xcc\x00 \xd6\xc4\x00 \
\xc7\x90\xb3\xd9\x00 \xc8\x85\xb8\xcc\x00 \x00(\x00-\
\x00e\x00)\x08\x00\x00\x00\x00\x06\x00\x00\x00\x1eAu\
to exit after ta\
sk done (-e)\x07\x00\x00\x00\
\x18ModifyScheduleT\
askDialog\x01\x03\x00\x00\x00\x04\xcd\
\xe8\xc1\x8c\x08\x00\x00\x00\x00\x06\x00\x00\x00\x06Can\
cel\x07\x00\x00\x00\x18ModifySc\
heduleTaskDialog\
\x01\x03\x00\x00\x00\x0c\xc0\xac\xc6\xa9\xc7\x90\x00 \xc8\x15\
\xc7X\x08\x00\x00\x00\x00\x06\x00\x00\x00\x06Cust\
om\x07\x00\x00\x00\x18ModifySch\
eduleTaskDialog\x01\
\x03\x00\x00\x00\x12\xc0\xac\xc6\xa9\xc7\x90\x00 \xc8\x15\xc7\
X\x00 \xac\x04\xac\xa9\x08\x00\x00\x00\x00\x06\x00\x00\x00\
\x0fCustom Interval\
\x07\x00\x00\x00\x18ModifySched\
uleTaskDialog\x01\x03\x00\
\x00\x00\x04\xb9\xe4\xc7|\x08\x00\x00\x00\x00\x06\x00\x00\x00\
\x05Daily\x07\x00\x00\x00\x18Modif\
yScheduleTaskDia\
log\x01\x03\x00\x00\x00\x02\xc7|\x08\x00\x00\x00\x00\
\x06\x00\x00\x00\x04Days\x07\x00\x00\x00\x18Mo\
difyScheduleTask\
Dialog\x01\x03\x00\x00\x00\x04\xc2\xdc\xac\x04\
\x08\x00\x00\x00\x00\x06\x00\x00\x00\x04Hour\x07\x00\
\x00\x00\x18ModifySchedul\
eTaskDialog\x01\x03\x00\x00\x00\
\x04\xc2\xdc\xac\x04\x08\x00\x00\x00\x00\x06\x00\x00\x00\x05H\
ours\x07\x00\x00\x00\x18ModifyS\
cheduleTaskDialo\
g\x01\x03\x00\x00\x00\x02\xbd\x84\x08\x00\x00\x00\x00\x06\x00\
\x00\x00\x06Minute\x07\x00\x00\x00\x18Mo\
difyScheduleTask\
Dialog\x01\x03\x00\x00\x00\x04\xc2\x18\xc8\x15\
\x08\x00\x00\x00\x00\x06\x00\x00\x00\x06Modify\
\x07\x00\x00\x00\x18ModifySched\
uleTaskDialog\x01\x03\x00\
\x00\x00\x10\xc6\x08\xc5}\x00 \xc7\x91\xc5\xc5\x00 \xc2\
\x18\xc8\x15\x08\x00\x00\x00\x00\x06\x00\x00\x00\x14Mod\
ify Schedule Tas\
k\x07\x00\x00\x00\x18ModifySche\
duleTaskDialog\x01\x03\
\x00\x00\x00\x04\xb9\xe4\xc6\xd4\x08\x00\x00\x00\x00\x06\x00\x00\
\x00\x07Monthly\x07\x00\x00\x00\x18Mo\
difyScheduleTask\
Dialog\x01\x03\x00\x00\x00\x06\xd5\x5c\x00 \
\xbc\x88\x08\x00\x00\x00\x00\x06\x00\x00\x00\x04Once\
\x07\x00\x00\x00\x18ModifySched\
uleTaskDialog\x01\x03\x00\
\x00\x00\x0a\xc2\xdc\xc7\x91\x00 \xc2\xdc\xac\x04\x08\x00\x00\
\x00\x00\x06\x00\x00\x00\x0aStart Tim\
e\x07\x00\x00\x00\x18ModifySche\
duleTaskDialog\x01\x03\
\x00\x00\x00\x0a\xc2\xdc\xc7\x91\x00 \xc65\xc1X\x08\x00\
\x00\x00\x00\x06\x00\x00\x00\x0fStartup \
Options\x07\x00\x00\x00\x18Modi\
fyScheduleTaskDi\
alog\x01\x03\x00\x00\x00\x16\xc7\x91\xc5\xc5\x00 \
\xc7x\xb3q\xc2\xa4\x00 \x00(\x00-\x00t\x00)\
\x08\x00\x00\x00\x00\x06\x00\x00\x00\x0fTask I\
ndex (-t)\x07\x00\x00\x00\x18Mo\
difyScheduleTask\
Dialog\x01\x03\x00\x00\x00\x0a\xc7\x91\xc5\xc5\
\x00 \xc7t\xb9\x84\x08\x00\x00\x00\x00\x06\x00\x00\x00\x09\
Task Name\x07\x00\x00\x00\x18Mo\
difyScheduleTask\
Dialog\x01\x03\x00\x00\x00\x0a\xc2\xdc\xac\x04\
\x00 \xcd\x08\xac\xfc\x08\x00\x00\x00\x00\x06\x00\x00\x00\x07\
Timeout\x07\x00\x00\x00\x18Modi\
fyScheduleTaskDi\
alog\x01\x03\x00\x00\x00\x0c\xd2\xb8\xb9\xac\xacp\
\x00 \xc7 \xd6\x15\x08\x00\x00\x00\x00\x06\x00\x00\x00\x0c\
Trigger Type\x07\x00\x00\x00\
\x18ModifyScheduleT\
askDialog\x01\x03\x00\x00\x00\x04\xb9\
\xe4\xc8\xfc\x08\x00\x00\x00\x00\x06\x00\x00\x00\x06Wee\
kly\x07\x00\x00\x00\x18ModifySc\
heduleTaskDialog\
\x01\x03\x00\x00\x00\x18\xc2\xdc\xac\x04\x00 \x00(\x000\
\x00 \x00=\x00 \xbb4\xc8\x1c\xd5\x5c\x00)\x08\x00\
\x00\x00\x00\x06\x00\x00\x00\x15hours (0\
 = unlimited)\x07\x00\x00\
\x00\x18ModifySchedule\
TaskDialog\x01\x03\x00\x00\x00\x08\
\xcc=\x00 \xc1 \xd0\xdd\x08\x00\x00\x00\x00\x06\x00\x00\
\x00\x0dChoose Window\x07\
\x00\x00\x00\x0eOneTimeTaskT\
ab\x01\x03\x00\x00\x00\x06\xc6D\xb8\xcc\xb4(\x08\x00\
\x00\x00\x00\x06\x00\x00\x00\x09Complete\
d\x07\x00\x00\x00\x0eOneTimeTas\
kTab\x01\x03\x00\x00\x00\x04\xc8\x15\xbc\xf4\x08\x00\
\x00\x00\x00\x06\x00\x00\x00\x04Info\x07\x00\x00\x00\
\x0eOneTimeTaskTab\x01\
\x03\x00\x00\x00\x08\xc2\xe4\xd5\x89\x00 \xc9\x11\x08\x00\x00\
\x00\x00\x06\x00\x00\x00\x07Running\x07\x00\
\x00\x00\x0eOneTimeTaskTa\
b\x01\x03\x00\x00\x00\x02\xac\x12\x08\x00\x00\x00\x00\x06\x00\
\x00\x00\x05Value\x07\x00\x00\x00\x0eOne\
TimeTaskTab\x01\x03\x00\x00\x00\
V\x00{\x00x\x00}\x00,\x00 \x00{\x00y\x00\
}\x00,\x00 \x00{\x00x\x00r\x00:\x00.\x00\
3\x00f\x00}\x00,\x00 \x00{\x00y\x00r\x00\
:\x00.\x003\x00f\x00}\x00 \x00(\x00A\x00\
l\x00t\x00+\xc6\xb0\xd0t\xb9\xad\xc7<\xb8\x5c\x00\
 \xbc\xf5\xc0\xac\x00)\x08\x00\x00\x00\x00\x06\x00\x00\x00\
0{x}, {y}, {xr:.\
3f}, {yr:.3f} (a\
lt+right to copy\
)\x07\x00\x00\x00\x0dOverlayWid\
get\x01\x03\x00\x00\x00\x04\xc6$\xb9X\x08\x00\x00\
\x00\x00\x06\x00\x00\x00\x03app\x07\x00\x00\x00\x10Q\
CoreApplication\x01\
\x03\x00\x00\x00\x1e\x00N\x00o\x00 \x00i\x00m\x00\
a\x00g\x00e\x00 \x00l\x00o\x00a\x00d\x00\
e\x00d\x08\x00\x00\x00\x00\x06\x00\x00\x00\x0fNo \
image loaded\x07\x00\x00\x00\
\x17RegionSelectIma\
geWidget\x01\x03\x00\x00\x00.\xc5\xec\
\xae0\xc5\xd0\x00 \x00P\x00y\x00t\x00h\x00o\
\x00n\x00 \xcfT\xb4\xdc\xb9|\x00 \xc7\x85\xb8%\
\xd5X\xc18\xc6\x94\x00.\x00.\x00.\x08\x00\x00\x00\
\x00\x06\x00\x00\x00\x19Enter Pyth\
on code here...\x07\
\x00\x00\x00\x0aRunCodeTab\x01\x03\
\x00\x00\x00&\xcd\x9c\xb8%\x00 \xac\xb0\xac\xfc\xac\x00\
\x00 \xc5\xec\xae0\xc5\xd0\x00 \xd4\x5c\xc2\xdc\xb4)\
\xb2\xc8\xb2\xe4\x00.\x00.\x00.\x08\x00\x00\x00\x00\x06\
\x00\x00\x00\x1cOutput will \
be shown here...\
\x07\x00\x00\x00\x0aRunCodeTab\x01\
\x03\x00\x00\x00\x0a\xcfT\xb4\xdc\x00 \xc2\xe4\xd5\x89\x08\
\x00\x00\x00\x00\x06\x00\x00\x00\x08Run Cod\
e\x07\x00\x00\x00\x0aRunCodeTab\
\x01\x03\x00\x00\x00\x18\x00P\x00y\x00t\x00h\x00o\
\x00n\x00 \xcfT\xb4\xdc\x00 \xc2\xe4\xd5\x89\x08\x00\
\x00\x00\x00\x06\x00\x00\x00\x0fRun Pyth\
on Code\x07\x00\x00\x00\x0aRunC\
odeTab\x01\x03\x00\x00\x00\x1a\xc7\x91\xc5\xc5\
\xc7D\x00 \xc0\xad\xc8\x1c\xd5X\xc2\xdc\xac\xa0\xc2\xb5\
\xb2\xc8\xaeL\x00?\x08\x00\x00\x00\x00\x06\x00\x00\x00$\
Are you sure you\
 want to delete \
task\x07\x00\x00\x00\x0fSchedul\
eTaskTab\x01\x03\x00\x00\x00\x04\xcd\xe8\
\xc1\x8c\x08\x00\x00\x00\x00\x06\x00\x00\x00\x06Canc\
el\x07\x00\x00\x00\x0fScheduleT\
askTab\x01\x03\x00\x00\x00\x0a\xc7\x91\xc5\xc5\
\x00 \xc0\xdd\xc11\x08\x00\x00\x00\x00\x06\x00\x00\x00\x0b\
Create Task\x07\x00\x00\x00\x0f\
ScheduleTaskTab\x01\
\x03\x00\x00\x00\x04\xc0\xad\xc8\x1c\x08\x00\x00\x00\x00\x06\x00\
\x00\x00\x06Delete\x07\x00\x00\x00\x0fSc\
heduleTaskTab\x01\x03\x00\
\x00\x00\x0a\xc7\x91\xc5\xc5\x00 \xc0\xad\xc8\x1c\x08\x00\x00\
\x00\x00\x06\x00\x00\x00\x0bDelete Ta\
sk\x07\x00\x00\x00\x0fScheduleT\
askTab\x01\x03\x00\x00\x00\x04\xc6$\xb9X\
\x08\x00\x00\x00\x00\x06\x00\x00\x00\x05Error\x07\
\x00\x00\x00\x0fScheduleTask\
Tab\x01\x03\x00\x00\x00\x10\xc7\x91\xc5\xc5\x00 \xc0\
\xdd\xc11\x00 \xc2\xe4\xd3(\x08\x00\x00\x00\x00\x06\x00\
\x00\x00\x15Failed to cre\
ate task\x07\x00\x00\x00\x0fSch\
eduleTaskTab\x01\x03\x00\x00\
\x00\x10\xc7\x91\xc5\xc5\x00 \xc0\xad\xc8\x1c\x00 \xc2\xe4\
\xd3(\x08\x00\x00\x00\x00\x06\x00\x00\x00\x15Fail\
ed to delete tas\
k\x07\x00\x00\x00\x0fScheduleTa\
skTab\x01\x03\x00\x00\x00\x10\xc7\x91\xc5\xc5\x00\
 \xb8\x5c\xb4\xdc\x00 \xc2\xe4\xd3(\x08\x00\x00\x00\x00\
\x06\x00\x00\x00\x14Failed to l\
oad tasks\x07\x00\x00\x00\x0fSc\
heduleTaskTab\x01\x03\x00\
\x00\x00\x10\xc7\x91\xc5\xc5\x00 \xc2\x18\xc8\x15\x00 \xc2\
\xe4\xd3(\x08\x00\x00\x00\x00\x06\x00\x00\x00\x15Fai\
led to modify ta\
sk\x07\x00\x00\x00\x0fScheduleT\
askTab\x01\x03\x00\x00\x006\xc7\x91\xc5\xc5\
\x00 \xc2\x18\xc8\x15\x00 \xc2\xe4\xd3(\x00:\x00 \
\xc7t\xc8\x04\x00 \xc7\x91\xc5\xc5\xc7D\x00 \xc0\xad\
\xc8\x1c\xd5`\x00 \xc2\x18\x00 \xc5\xc6\xc2\xb5\xb2\xc8\
\xb2\xe4\x08\x00\x00\x00\x00\x06\x00\x00\x00-Fail\
ed to modify tas\
k: cannot delete\
 old task\x07\x00\x00\x00\x0fSc\
heduleTaskTab\x01\x03\x00\
\x00\x00$\xc2\x18\xc8\x15\x00 \xb3\x00\xd6T\x00 \xc0\
\xc1\xc7\x90\xb9|\x00 \xc5\xf4\xc9\xc0\x00 \xba\xbb\xd5\
\x88\xc2\xb5\xb2\xc8\xb2\xe4\x08\x00\x00\x00\x00\x06\x00\x00\x00\
\x1cFailed to open \
modify dialog\x07\x00\x00\
\x00\x0fScheduleTaskTa\
b\x01\x03\x00\x00\x00\x16\xc7\x91\xc5\xc5\x00 \xc0\xc1\xd0\
\xdc\x00 \xc8\x04\xd6X\x00 \xc2\xe4\xd3(\x08\x00\x00\
\x00\x00\x06\x00\x00\x00\x15Failed to\
 toggle task\x07\x00\x00\x00\
\x0fScheduleTaskTab\
\x01\x03\x00\x00\x00\x08\xc0\xc8\xb8\x5c\xac\xe0\xceh\x08\x00\
\x00\x00\x00\x06\x00\x00\x00\x07Refresh\x07\
\x00\x00\x00\x0fScheduleTask\
Tab\x01\x03\x00\x00\x00\x0e\xc0\xc8\xb8\x5c\xac\xe0\xce\
h\x00 \xc2\xe4\xd3(\x08\x00\x00\x00\x00\x06\x00\x00\x00\
\x0eRefresh failed\x07\
\x00\x00\x00\x0fScheduleTask\
Tab\x01\x03\x00\x00\x00\x0a\xc6\x08\xc5}\x00 \xc7\
\x91\xc5\xc5\x08\x00\x00\x00\x00\x06\x00\x00\x00\x0eSch\
edule Tasks\x07\x00\x00\x00\x0f\
ScheduleTaskTab\x01\
\x03\x00\x00\x00\x04\xc11\xac\xf5\x08\x00\x00\x00\x00\x06\x00\
\x00\x00\x07Success\x07\x00\x00\x00\x0fS\
cheduleTaskTab\x01\x03\
\x00\x00\x00\x16\xc7\x91\xc5\xc5\xc7t\x00 \xc0\xdd\xc11\
\xb4\x18\xc5\xc8\xc2\xb5\xb2\xc8\xb2\xe4\x08\x00\x00\x00\x00\x06\
\x00\x00\x00\x19Task created\
 successfully\x07\x00\x00\
\x00\x0fScheduleTaskTa\
b\x01\x03\x00\x00\x00\x16\xc7\x91\xc5\xc5\xc7t\x00 \xc0\
\xad\xc8\x1c\xb4\x18\xc5\xc8\xc2\xb5\xb2\xc8\xb2\xe4\x08\x00\x00\
\x00\x00\x06\x00\x00\x00\x19Task dele\
ted successfully\
\x07\x00\x00\x00\x0fScheduleTas\
kTab\x01\x03\x00\x00\x00\x1a\xc7\x91\xc5\xc5\xc7t\
\x00 \xbeD\xd6\x5c\xc11\xd6T\xb4\x18\xc5\xc8\xc2\xb5\
\xb2\xc8\xb2\xe4\x08\x00\x00\x00\x00\x06\x00\x00\x00\x0dTa\
sk disabled\x07\x00\x00\x00\x0f\
ScheduleTaskTab\x01\
\x03\x00\x00\x00\x18\xc7\x91\xc5\xc5\xc7t\x00 \xd6\x5c\xc1\
1\xd6T\xb4\x18\xc5\xc8\xc2\xb5\xb2\xc8\xb2\xe4\x08\x00\x00\
\x00\x00\x06\x00\x00\x00\x0cTask enab\
led\x07\x00\x00\x00\x0fSchedule\
TaskTab\x01\x03\x00\x00\x00\x16\xc7\x91\xc5\
\xc5\xc7t\x00 \xc2\x18\xc8\x15\xb4\x18\xc5\xc8\xc2\xb5\xb2\
\xc8\xb2\xe4\x08\x00\x00\x00\x00\x06\x00\x00\x00\x1aTas\
k modified succe\
ssfully\x07\x00\x00\x00\x0fSche\
duleTaskTab\x01\x03\x00\x00\x00\
$\xce\x90\xc2\xdc\xc5\xd0\xc1\x1c\x00 \xc7\x91\xc5\xc5\xc7\
D\x00 \xcc>\xc7D\x00 \xc2\x18\x00 \xc5\xc6\xc2\
\xb5\xb2\xc8\xb2\xe4\x08\x00\x00\x00\x00\x06\x00\x00\x00\x17T\
ask not found in\
 cache\x07\x00\x00\x00\x0fSched\
uleTaskTab\x01\x03\x00\x00\x00\x1a\
\xc7\x91\xc5\xc5\xc7t\x00 \xc0\xc8\xb8\x5c\xac\xe0\xceh\
\xb4\x18\xc5\xc8\xc2\xb5\xb2\xc8\xb2\xe4\x08\x00\x00\x00\x00\x06\
\x00\x00\x00\x0fTasks refres\
hed\x07\x00\x00\x00\x0fSchedule\
TaskTab\x01\x03\x00\x00\x00\x04\xc7\x91\xc5\
\xc5\x08\x00\x00\x00\x00\x06\x00\x00\x00\x07Actio\
ns\x07\x00\x00\x00\x11ScheduleT\
askTable\x01\x03\x00\x00\x00\x0c\xc0\xac\
\xc6\xa9\xc7\x90\x00 \xc8\x15\xc7X\x08\x00\x00\x00\x00\x06\
\x00\x00\x00\x06Custom\x07\x00\x00\x00\x11S\
cheduleTaskTable\
\x01\x03\x00\x00\x00\x04\xb9\xe4\xc7|\x08\x00\x00\x00\x00\x06\
\x00\x00\x00\x05Daily\x07\x00\x00\x00\x11Sc\
heduleTaskTable\x01\
\x03\x00\x00\x00\x04\xc0\xad\xc8\x1c\x08\x00\x00\x00\x00\x06\x00\
\x00\x00\x06Delete\x07\x00\x00\x00\x11Sc\
heduleTaskTable\x01\
\x03\x00\x00\x00\x0a\xbeD\xd6\x5c\xc11\xd6T\xb4(\x08\
\x00\x00\x00\x00\x06\x00\x00\x00\x08Disable\
d\x07\x00\x00\x00\x11ScheduleTa\
skTable\x01\x03\x00\x00\x00\x08\xd6\x5c\xc1\
1\xd6T\xb4(\x08\x00\x00\x00\x00\x06\x00\x00\x00\x07E\
nabled\x07\x00\x00\x00\x11Sched\
uleTaskTable\x01\x03\x00\x00\
\x00\x04\xc2\x18\xc8\x15\x08\x00\x00\x00\x00\x06\x00\x00\x00\x06\
Modify\x07\x00\x00\x00\x11Sched\
uleTaskTable\x01\x03\x00\x00\
\x00\x04\xb9\xe4\xc6\xd4\x08\x00\x00\x00\x00\x06\x00\x00\x00\x07\
Monthly\x07\x00\x00\x00\x11Sche\
duleTaskTable\x01\x03\x00\
\x00\x00\x0a\xb2\xe4\xc7L\x00 \xc2\xe4\xd5\x89\x08\x00\x00\
\x00\x00\x06\x00\x00\x00\x08Next Run\x07\
\x00\x00\x00\x11ScheduleTask\
Table\x01\x03\x00\x00\x00\x06\xd5\x5c\x00 \xbc\
\x88\x08\x00\x00\x00\x00\x06\x00\x00\x00\x04Once\x07\
\x00\x00\x00\x11ScheduleTask\
Table\x01\x03\x00\x00\x00\x06\xc9\x00\xbeD\xb4\
(\x08\x00\x00\x00\x00\x06\x00\x00\x00\x05Ready\
\x07\x00\x00\x00\x11ScheduleTas\
kTable\x01\x03\x00\x00\x00\x08\xc2\xe4\xd5\x89\
\x00 \xc9\x11\x08\x00\x00\x00\x00\x06\x00\x00\x00\x07Ru\
nning\x07\x00\x00\x00\x11Schedu\
leTaskTable\x01\x03\x00\x00\x00\
\x04\xc0\xc1\xd0\xdc\x08\x00\x00\x00\x00\x06\x00\x00\x00\x06S\
tatus\x07\x00\x00\x00\x11Schedu\
leTaskTable\x01\x03\x00\x00\x00\
\x0a\xc7\x91\xc5\xc5\x00 \xc7t\xb9\x84\x08\x00\x00\x00\x00\
\x06\x00\x00\x00\x09Task Name\x07\x00\
\x00\x00\x11ScheduleTaskT\
able\x01\x03\x00\x00\x00\x0c\xd2\xb8\xb9\xac\xacp\
\x00 \xc7 \xd6\x15\x08\x00\x00\x00\x00\x06\x00\x00\x00\x0c\
Trigger Type\x07\x00\x00\x00\
\x11ScheduleTaskTab\
le\x01\x03\x00\x00\x00\x0c\xc5L\x00 \xc2\x18\x00 \
\xc5\xc6\xc7L\x08\x00\x00\x00\x00\x06\x00\x00\x00\x07Un\
known\x07\x00\x00\x00\x11Schedu\
leTaskTable\x01\x03\x00\x00\x00\
\x04\xb9\xe4\xc8\xfc\x08\x00\x00\x00\x00\x06\x00\x00\x00\x06W\
eekly\x07\x00\x00\x00\x11Schedu\
leTaskTable\x01\x03\x00\x00\x00\
F\x00A\x00D\x00B\x00(\xbc1\xad\xf8\xb7|\xc6\
\xb4\xb4\xdc\x00 \xc9\xc0\xc6\xd0\x00,\x00 \xb2\x90\xb9\
\xbc\x00,\x00 \xb1\x92\xc7@\x00 \xd68\xd6X\xc1\
1\x00,\x00 \xb1\x92\xc7@\x00 \xc9\xc0\xc5\xf0\x00\
 \xc2\xdc\xac\x04\x00)\x08\x00\x00\x00\x00\x06\x00\x00\x00\
@ADB(Supports Ba\
ckground, Slow, \
High Compatibili\
ty, High Latency\
)\x07\x00\x00\x00\x15SelectCapt\
ureListView\x01\x03\x00\x00\x00\
2\x00B\x00i\x00t\x00B\x00l\x00t\x00 \x00\
-\x00 \xac\x00\xc7\xa5\x00 \xbe`\xb9\x84\x00,\x00\
 \xd68\xd6X\xc11\x00 \xac\x00\xc7\xa5\x00 \xb0\
\xae\xc7L\x08\x00\x00\x00\x00\x06\x00\x00\x00\x06Bit\
Blt\x07\x00\x00\x00\x15SelectCa\
ptureListView\x01\x03\x00\
\x00\x00<\x00B\x00i\x00t\x00B\x00l\x00t\x00\
_\x00R\x00e\x00n\x00d\x00e\x00r\x00F\x00\
u\x00l\x00l\x00 \x00-\x00 \xb2\x90\xb9\xbc\x00\
,\x00 \xac\x00\xc7\xa5\x00 \xd68\xd6X\xb4(\x08\
\x00\x00\x00\x00\x06\x00\x00\x00\x11BitBlt_\
RenderFull\x07\x00\x00\x00\x15S\
electCaptureList\
View\x01\x03\x00\x00\x00\x0e\xbe\x0c\xb7|\xc6\xb0\
\xc8\x00\x00 \xce\xa1\xcc\x98\x08\x00\x00\x00\x00\x06\x00\x00\
\x00\x0fBrowser Captur\
e\x07\x00\x00\x00\x15SelectCapt\
ureListView\x01\x03\x00\x00\x00\
*\x00D\x00X\x00G\x00I\x00 \x00-\x00 \xac\
\x00\xc7\xa5\x00 \xb2\x90\xb9\xbc\x00,\x00 \xbc1\xc5\
\xc5\xc7<\xb8\x5c\x00 \xc0\xac\xc6\xa9\x08\x00\x00\x00\x00\
\x06\x00\x00\x00\x04DXGI\x07\x00\x00\x00\x15Se\
lectCaptureListV\
iew\x01\x03\x00\x00\x00>\xc5\xd0\xbb\xac\xb8\x08\xc7\
t\xd10\x00 \xcc=\x00(\xbc1\xad\xf8\xb7|\xc6\
\xb4\xb4\xdc\x00 \xc9\xc0\xc6\xd0\x00,\x00 \xbe`\xb9\
\x84\x00,\x00 \xb0\xae\xc7@\x00 \xc9\xc0\xc5\xf0\x00\
 \xc2\xdc\xac\x04\x00)\x08\x00\x00\x00\x00\x06\x00\x00\x00\
7Emulator Window\
(Supports Backgr\
ound, Fast, Low \
Latency)\x07\x00\x00\x00\x15Sel\
ectCaptureListVi\
ew\x01\x03\x00\x00\x00\x08\xac\x8c\xc7\x84\x00 \xcc=\
\x08\x00\x00\x00\x00\x06\x00\x00\x00\x0bGame W\
indow\x07\x00\x00\x00\x15Select\
CaptureListView\x01\
\x03\x00\x00\x008\xb1$\xc7t\xd2\xf0\xbe\x0c\x00(\x00\
M\x00u\x00M\x00u\x00P\x00l\x00a\x00y\x00\
e\x00r\x001\x002\x00 \xbc\x84\xc8\x04\x00 \x00\
>\x00=\x00 \x004\x00.\x000\x00)\x08\x00\x00\
\x00\x00\x06\x00\x00\x00!Ipc (MuMu\
Player12 version\
 >= 4.0)\x07\x00\x00\x00\x15Sel\
ectCaptureListVi\
ew\x01\x03\x00\x00\x00\x22\x00W\x00G\x00C\x00 \
\x00-\x00 \x00>\x00=\x00W\x00i\x00n\x001\
\x000\x00,\x00 \xbe`\xb9\x84\x08\x00\x00\x00\x00\x06\
\x00\x00\x00\x03WGC\x07\x00\x00\x00\x15Sele\
ctCaptureListVie\
w\x01\x03\x00\x00\x00,\x00A\x00D\x00B\x00I\x00\
n\x00t\x00e\x00r\x00a\x00c\x00t\x00i\x00\
o\x00n\x00 \x00-\x00 \xbc1\xad\xf8\xb7|\xc6\
\xb4\xb4\xdc\x08\x00\x00\x00\x00\x06\x00\x00\x00\x0eADB\
Interaction\x07\x00\x00\x00\x19\
SelectInteractio\
nListView\x01\x03\x00\x00\x004\x00\
B\x00r\x00o\x00w\x00s\x00e\x00r\x00I\x00\
n\x00t\x00e\x00r\x00a\x00c\x00t\x00i\x00\
o\x00n\x00 \x00-\x00 \xbc1\xad\xf8\xb7|\xc6\
\xb4\xb4\xdc\x08\x00\x00\x00\x00\x06\x00\x00\x00\x12Bro\
wserInteraction\x07\
\x00\x00\x00\x19SelectIntera\
ctionListView\x01\x03\x00\
\x00\x00>\x00G\x00e\x00n\x00s\x00h\x00i\x00\
n\x00 \x00-\x00 \xbc1\xad\xf8\xb7|\xc6\xb4\xb4\
\xdc\x00,\x00 \xc7|\xbd\x80\x00 \x00U\x00n\x00\
i\x00t\x00y\x00 \xac\x8c\xc7\x84\x00 \xc9\xc0\xc6\
\xd0\x08\x00\x00\x00\x00\x06\x00\x00\x00\x07Gensh\
in\x07\x00\x00\x00\x19SelectInt\
eractionListView\
\x01\x03\x00\x00\x00F\x00P\x00o\x00s\x00t\x00M\
\x00e\x00s\x00s\x00a\x00g\x00e\x00 \x00-\
\x00 \xbc1\xad\xf8\xb7|\xc6\xb4\xb4\xdc\x00,\x00 \
\xb3\x00\xbd\x80\xbd\x84\xc7X\x00 \xc5q\x00 \xbc\x0f\
\x00 \xc7|\xbd\x80\x00 \xac\x8c\xc7\x84\x08\x00\x00\x00\
\x00\x06\x00\x00\x00\x0bPostMessag\
e\x07\x00\x00\x00\x19SelectInte\
ractionListView\x01\
\x03\x00\x00\x006\x00P\x00y\x00D\x00i\x00r\x00\
e\x00c\x00t\x00 \x00-\x00 \xd3\xec\xad\xf8\xb7\
|\xc6\xb4\xb4\xdc\x00,\x00 \x00P\x00y\x00n\x00\
p\x00u\x00t\x00 \xbc1\xc5\xc5\x08\x00\x00\x00\x00\
\x06\x00\x00\x00\x08PyDirect\x07\x00\x00\
\x00\x19SelectInteract\
ionListView\x01\x03\x00\x00\x00\
,\x00P\x00y\x00n\x00p\x00u\x00t\x00 \x00\
-\x00 \xd3\xec\xad\xf8\xb7|\xc6\xb4\xb4\xdc\x00,\x00\
 \xac\x00\xc7\xa5\x00 \xd68\xd6X\xb4(\x08\x00\x00\
\x00\x00\x06\x00\x00\x00\x06Pynput\x07\x00\x00\
\x00\x19SelectInteract\
ionListView\x01\x03\x00\x00\x00\
\x04\xc8\x15\xbc\xf4\x08\x00\x00\x00\x00\x06\x00\x00\x00\x05A\
bout\x07\x00\x00\x00\x0aSetting\
Tab\x01\x03\x00\x00\x00\x08\xc5q\x00 \xc1$\xc8\
\x15\x08\x00\x00\x00\x00\x06\x00\x00\x00\x0aApp C\
onfig\x07\x00\x00\x00\x0aSettin\
gTab\x01\x03\x00\x00\x00\x08\xc5q\x00 \xc1$\
\xc8\x15\x08\x00\x00\x00\x00\x06\x00\x00\x00\x0cApp \
Settings\x07\x00\x00\x00\x0aSet\
tingTab\x01\x03\x00\x00\x00\x12\xc5`\xd5\
\x0c\xb9\xac\xcf\x00\xc7t\xc1X\x00 \xd1L\xb9\xc8\x08\
\x00\x00\x00\x00\x06\x00\x00\x00\x11Applica\
tion Theme\x07\x00\x00\x00\x0aS\
ettingTab\x01\x03\x00\x00\x00\x1a\xc5\
`\xd5\x0c\xb9\xac\xcf\x00\xc7t\xc1X\xc7X\x00 \xba\
\xa8\xc5\x91\x00 \xbc\xc0\xac\xbd\x08\x00\x00\x00\x00\x06\x00\
\x00\x00(Change the ap\
pearance of the \
application\x07\x00\x00\x00\x0a\
SettingTab\x01\x03\x00\x00\x00\x0e\
\xc5\xc5\xb3p\xc7t\xd2\xb8\x00 \xd6U\xc7x\x08\x00\
\x00\x00\x00\x06\x00\x00\x00\x0cCheck up\
date\x07\x00\x00\x00\x0aSetting\
Tab\x01\x03\x00\x00\x00\x22\xb2\xe4\xc2\xdc\x00 \xc2\
\xdc\xc7\x91\xd5X\xbat\x00 \xadl\xc11\xc7t\x00\
 \xc8\x01\xc6\xa9\xb4)\xb2\xc8\xb2\xe4\x08\x00\x00\x00\x00\
\x06\x00\x00\x00(Configurati\
on takes effect \
after restart\x07\x00\x00\
\x00\x0aSettingTab\x01\x03\x00\x00\
\x00\x06\xc5\xb4\xb4a\xac\x8c\x08\x00\x00\x00\x00\x06\x00\x00\
\x00\x04Dark\x07\x00\x00\x00\x0aSetti\
ngTab\x01\x03\x00\x00\x00\x5c\xc0\xc8\xb8\x5c\xc6\
\xb4\x00 \xae0\xb2\xa5\xc7D\x00 \xbc\x1c\xac\xac\xd5\
X\xac\xe0\x00 \x00P\x00y\x00Q\x00t\x00-\x00\
F\x00l\x00u\x00e\x00n\x00t\x00-\x00W\x00\
i\x00d\x00g\x00e\x00t\x00s\xc5\xd0\x00 \xb3\
\x00\xd5\x5c\x00 \xc7 \xc6\xa9\xd5\x5c\x00 \xd3\x01\x00\
 \xbc0\xc6\xb0\xae0\x08\x00\x00\x00\x00\x06\x00\x00\x00\
EDiscover new fe\
atures and learn\
 useful tips abo\
ut PyQt-Fluent-W\
idgets\x07\x00\x00\x00\x0aSetti\
ngTab\x01\x03\x00\x00\x00\x06\xb3\xc4\xc6\xc0\xb9\
\xd0\x08\x00\x00\x00\x00\x06\x00\x00\x00\x04Help\x07\
\x00\x00\x00\x0aSettingTab\x01\x03\
\x00\x00\x00\x04\xc5\xb8\xc5\xb4\x08\x00\x00\x00\x00\x06\x00\x00\
\x00\x08Language\x07\x00\x00\x00\x0aS\
ettingTab\x01\x03\x00\x00\x00\x04\xbc\
\x1d\xac\x8c\x08\x00\x00\x00\x00\x06\x00\x00\x00\x05Lig\
ht\x07\x00\x00\x00\x0aSettingTa\
b\x01\x03\x00\x00\x00\x14\xb3\xc4\xc6\xc0\xb9\xd0\x00 \xd3\
\x98\xc7t\xc9\xc0\x00 \xc5\xf4\xae0\x08\x00\x00\x00\x00\
\x06\x00\x00\x00\x0eOpen help p\
age\x07\x00\x00\x00\x0aSettingT\
ab\x01\x03\x00\x00\x00\x14\xc1 \xd68\xd5X\xb2\x94\
\x00 \xc5\xb8\xc5\xb4\x00 \xc1$\xc8\x15\x08\x00\x00\x00\
\x00\x06\x00\x00\x00\x1bSet your p\
referred languag\
e\x07\x00\x00\x00\x0aSettingTab\
\x01\x03\x00\x00\x00 \x00U\x00I\xc5\xd0\x00 \xc0\xac\
\xc6\xa9\xd5`\x00 \xc1 \xd68\x00 \xc5\xb8\xc5\xb4\
\x00 \xc1$\xc8\x15\x08\x00\x00\x00\x00\x06\x00\x00\x00\x22\
Set your preferr\
ed language for \
UI\x07\x00\x00\x00\x0aSettingTa\
b\x01\x03\x00\x00\x00\x04\xc1$\xc8\x15\x08\x00\x00\x00\x00\
\x06\x00\x00\x00\x08Settings\x07\x00\x00\
\x00\x0aSettingTab\x01\x03\x00\x00\
\x00\x16\xc11\xac\xf5\xc8\x01\xc7<\xb8\x5c\x00 \xc5\xc5\
\xb3p\xc7t\xd2\xb8\xb4(\x08\x00\x00\x00\x00\x06\x00\x00\
\x00\x14Updated succes\
sfully\x07\x00\x00\x00\x0aSetti\
ngTab\x01\x03\x00\x00\x00\x12\xc2\xdc\xc2\xa4\xd1\
\x5c\x00 \xc1$\xc8\x15\x00 \xc0\xac\xc6\xa9\x08\x00\x00\
\x00\x00\x06\x00\x00\x00\x12Use syste\
m setting\x07\x00\x00\x00\x0aSe\
ttingTab\x01\x03\x00\x00\x00\x04\xbc\x84\
\xc8\x04\x08\x00\x00\x00\x00\x06\x00\x00\x00\x07Vers\
ion\x07\x00\x00\x00\x0aSettingT\
ab\x01\x03\x00\x00\x00\x10\xba\xa8\xb4P\x00 \xc7|\
\xc2\xdc\x00 \xc9\x11\xc9\xc0\x08\x00\x00\x00\x00\x06\x00\x00\
\x00\x09Pause All\x07\x00\x00\x00\x0b\
StartButton\x01\x03\x00\x00\x00\
\x0a\xba\xa8\xb4P\x00 \xc2\xdc\xc7\x91\x08\x00\x00\x00\x00\
\x06\x00\x00\x00\x09Start All\x07\x00\
\x00\x00\x0bStartButton\x01\x03\
\x00\x00\x00\x04\xce\xa1\xcc\x98\x08\x00\x00\x00\x00\x06\x00\x00\
\x00\x07Capture\x07\x00\x00\x00\x09St\
artCard\x01\x03\x00\x00\x00\x14\x00E\x00\
x\x00p\x00e\x00d\x00i\x00t\x00i\x00o\x00\
n\x08\x00\x00\x00\x00\x06\x00\x00\x00\x0aExped\
ition\x07\x00\x00\x00\x09StartC\
ard\x01\x03\x00\x00\x00\x0e\xb8\x5c\xad\xf8\x00 \xb0\
\xb4\xbc\xf4\xb0\xb4\xae0\x08\x00\x00\x00\x00\x06\x00\x00\x00\
\x0bExport Logs\x07\x00\x00\x00\
\x09StartCard\x01\x03\x00\x00\x00\x14\
\xac\x8c\xc7\x84\x00 \xcc=\x00 \xc5\xf0\xac\xb0\x00 \
\xb0J\xae@\x08\x00\x00\x00\x00\x06\x00\x00\x00\x18Ga\
me Window Discon\
nected\x07\x00\x00\x00\x09Start\
Card\x01\x03\x00\x00\x00\x0a\xc1$\xceX\x00 \
\xd3\xf4\xb3T\x08\x00\x00\x00\x00\x06\x00\x00\x00\x0eIn\
stall Folder\x07\x00\x00\x00\
\x09StartCard\x01\x03\x00\x00\x00\x0a\
\xc7|\xc2\xdc\x00 \xc9\x11\xc9\xc0\x08\x00\x00\x00\x00\x06\
\x00\x00\x00\x05Pause\x07\x00\x00\x00\x09St\
artCard\x01\x03\x00\x00\x00:\xc7|\xc2\
\xdc\x00 \xc9\x11\xc9\xc0\xb4(\x00:\x00 \x00P\x00\
C\x00 \xac\x8c\xc7\x84\x00 \xcc=\xc7t\x00 \xc8\
\x04\xbat\xc5\xd0\x00 \xc7\x88\xc5\xb4\xc5|\x00 \xd5\
i\xb2\xc8\xb2\xe4\x00!\x08\x00\x00\x00\x00\x06\x00\x00\x00\
(Paused: PC Game\
 Window Must Be \
in Front!\x07\x00\x00\x00\x09St\
artCard\x01\x03\x00\x00\x00\x08\xc0\xc8\xb8\
\x5c\xac\xe0\xceh\x08\x00\x00\x00\x00\x06\x00\x00\x00\x07R\
efresh\x07\x00\x00\x00\x09Start\
Card\x01\x03\x00\x00\x00\x08\xc2\xe4\xd5\x89\x00 \
\xc9\x11\x08\x00\x00\x00\x00\x06\x00\x00\x00\x07Runn\
ing\x07\x00\x00\x00\x09StartCar\
d\x01\x03\x00\x00\x00\x0e\x00S\x00t\x00a\x00m\x00\
i\x00n\x00a\x08\x00\x00\x00\x00\x06\x00\x00\x00\x07S\
tamina\x07\x00\x00\x00\x09Start\
Card\x01\x03\x00\x00\x00\x04\xc2\xdc\xc7\x91\x08\x00\
\x00\x00\x00\x06\x00\x00\x00\x05Start\x07\x00\x00\
\x00\x09StartCard\x01\x03\x00\x00\x00\
\x0a\xac\x8c\xc7\x84\x00 \xc2\xdc\xc7\x91\x08\x00\x00\x00\x00\
\x06\x00\x00\x00\x0aStart Game\x07\
\x00\x00\x00\x09StartCard\x01\x03\x00\
\x00\x00\x0e\xc2\xdc\xc7\x91\x00 \xc9\x11\x00.\x00.\x00\
.\x08\x00\x00\x00\x00\x06\x00\x00\x00\x0bStart\
ing...\x07\x00\x00\x00\x09Start\
Card\x01\x03\x00\x00\x00\x10\x00T\x00r\x00a\
\x00i\x00n\x00i\x00n\x00g\x08\x00\x00\x00\x00\x06\
\x00\x00\x00\x08Training\x07\x00\x00\x00\
\x09StartCard\x01\x03\x00\x00\x00\x0c\
\xd2\xb8\xb9\xac\xacp\x00 \xc7\x91\xc5\xc5\x08\x00\x00\x00\
\x00\x06\x00\x00\x00\x0dTrigger Ta\
sks\x07\x00\x00\x00\x09StartCar\
d\x01\x03\x00\x00\x00\x1a\xc2\xdc\xc7\x91\xd5`\x00 \xc7\
\x91\xc5\xc5\xc7D\x00 \xc1 \xd0\xdd\xd5X\xc18\xc6\
\x94\x08\x00\x00\x00\x00\x06\x00\x00\x00\x1eWaiti\
ng for task to b\
e enabled\x07\x00\x00\x00\x09St\
artCard\x01\x03\x00\x00\x00L\x00,\x00\
 \xac\x8c\xc7\x84\x00 \xcc=\xc7t\x00 \xcd\x5c\xc1\
\x8c\xd6T\x00,\x00 \xd0l\xae0\x00 \xc8p\xc8\
\x15\x00 \xb6\x10\xb2\x94\x00 \xd6T\xbat\x00 \xbc\
\x16\xc5\xd0\x00 \xc7\x88\xb2\x94\xc9\xc0\x00 \xd6U\xc7\
x\xd5X\xc18\xc6\x94\x00.\x08\x00\x00\x00\x00\x06\x00\
\x00\x00?, check if ga\
me windows is mi\
nimized, resized\
 or out of scree\
n.\x07\x00\x00\x00\x0fStartCont\
roller\x01\x03\x00\x00\x00:\x00,\x00 \
\xc9\xc0\xc6\xd0\xb4\x18\xb2\x94\x00 \xcd\x5c\xc1\x8c\x00 \
\xd5t\xc0\xc1\xb3\xc4\xb2\x94\x00 \x00{\x00m\x00i\
\x00n\x00_\x00s\x00i\x00z\x00e\x00}\x00 \
\xc7\x85\xb2\xc8\xb2\xe4\x08\x00\x00\x00\x00\x06\x00\x00\x00,\
, the supported \
min resolution i\
s {min_size}\x07\x00\x00\x00\
\x0fStartController\
\x01\x03\x00\x00\x00@\x00,\x00 \xc9\xc0\xc6\xd0\xb4\x18\
\xb2\x94\x00 \xbeD\xc7(\xc7@\x00 \x00{\x00s\
\x00u\x00p\x00p\x00o\x00r\x00t\x00e\x00d\
\x00_\x00r\x00a\x00t\x00i\x00o\x00}\x00 \
\xc7\x85\xb2\xc8\xb2\xe4\x08\x00\x00\x00\x00\x06\x00\x00\x00*\
, the supported \
ratio is {suppor\
ted_ratio}\x07\x00\x00\x00\x0fS\
tartController\x01\x03\
\x00\x00\x002\xc7\x90\xb3\xd9\x00 \x00H\x00D\x00R\
\xc7t\x00 \xcf\x1c\xc88\x00 \xc7\x88\xc2\xb5\xb2\xc8\
\xb2\xe4\x00.\x00 \xba<\xc8\x00\x00 \xae\xbc\xc8\xfc\
\xc18\xc6\x94\x00.\x08\x00\x00\x00\x00\x06\x00\x00\x00.\
Auto HDR is enab\
led, please turn\
 it off first.\x07\x00\
\x00\x00\x0fStartControll\
er\x01\x03\x00\x00\x00R\xc7\x90\xb3\xd9\x00 \x00H\
\x00D\x00R\xc7t\x00 \xcf\x1c\xc88\x00 \xc7\x88\
\xc2\xb5\xb2\xc8\xb2\xe4\x00.\x00 \xc7\x91\xc5\xc5\xc7t\
\x00 \xc6,\xbc\x14\xb9t\xac\x8c\x00 \xc7\x91\xb3\xd9\
\xd5X\xc9\xc0\x00 \xc5J\xc7D\x00 \xc2\x18\x00 \
\xc7\x88\xc2\xb5\xb2\xc8\xb2\xe4\x00!\x08\x00\x00\x00\x00\x06\
\x00\x00\x004Auto HDR is \
enabled, tasks m\
ight not work co\
rrectly!\x07\x00\x00\x00\x0fSta\
rtController\x01\x03\x00\x00\
\x00@\xac\x8c\xc7\x84\xc7D\x00 \xc2\xdc\xc7\x91\xd5`\
\x00 \xc2\x18\x00 \xc5\xc6\xc2\xb5\xb2\xc8\xb2\xe4\x00.\
\x00 \xac\x8c\xc7\x84\xc7t\x00 \xc1$\xceX\xb4\x18\
\xc5\xc8\xb2\x94\xc9\xc0\x00 \xd6U\xc7x\xd5X\xc18\
\xc6\x94\x08\x00\x00\x00\x00\x06\x00\x00\x001Can'\
t start game, ma\
ke sure the game\
 is installed\x07\x00\x00\
\x00\x0fStartControlle\
r\x01\x03\x00\x00\x00$\xce\xa1\xcc\x98\x00 \xc2\xe4\xd3\
(\x00,\x00 \xac\x8c\xc7\x84\x00 \xcc=\xc7D\x00\
 \xd6U\xc7x\xd5X\xc18\xc6\x94\x08\x00\x00\x00\x00\
\x06\x00\x00\x00(Capture fai\
led, please chec\
k game window\x07\x00\x00\
\x00\x0fStartControlle\
r\x01\x03\x00\x00\x00F\xc5\xd0\xbb\xac\xb8\x08\xc7t\xd1\
0\xac\x00\x00 \xc5\xf0\xac\xb0\xb4\x18\xc9\xc0\x00 \xc5\
J\xc5X\xc2\xb5\xb2\xc8\xb2\xe4\x00.\x00 \xba<\xc8\
\x00\x00 \xc5\xd0\xbb\xac\xb8\x08\xc7t\xd10\xb9|\x00\
 \xc2\xdc\xc7\x91\xd5X\xc18\xc6\x94\x00!\x08\x00\x00\
\x00\x00\x06\x00\x00\x004Emulator \
is not connected\
, start the emul\
ator first!\x07\x00\x00\x00\x0f\
StartController\x01\
\x03\x00\x00\x00\x16\x00G\x00P\x00U\x00 \xb4\xdc\xb7\
|\xc7t\xbc\x84\x00 \xac\xbd\xac\xe0\x08\x00\x00\x00\x00\
\x06\x00\x00\x00\x12GPU Driver \
Warning\x07\x00\x00\x00\x0fStar\
tController\x01\x03\x00\x00\x00\
8\xac\x8c\xc7\x84\x00 \xac\xbd\xb8\x5c\xac\x00\x00 \xc5\
\xc6\xc2\xb5\xb2\xc8\xb2\xe4\x00.\x00 \xac\x8c\xc7\x84\xc7\
D\x00 \xc2\x18\xb3\xd9\xc7<\xb8\x5c\x00 \xc2\xdc\xc7\
\x91\xd5X\xc18\xc6\x94\x00!\x08\x00\x00\x00\x00\x06\x00\
\x00\x004Game path doe\
s not exist, Ple\
ase open game ma\
nually!\x07\x00\x00\x00\x0fStar\
tController\x01\x03\x00\x00\x00\
B\xac\x8c\xc7\x84\x00 \xd5t\xc0\xc1\xb3\xc4\x00 \x00\
{\x00r\x00e\x00s\x00o\x00l\x00u\x00t\x00\
i\x00o\x00n\x00}\xc7@\x00(\xb2\x94\x00)\x00\
 \xc9\xc0\xc6\xd0\xb4\x18\xc9\xc0\x00 \xc5J\xc2\xb5\xb2\
\xc8\xb2\xe4\x08\x00\x00\x00\x00\x06\x00\x00\x00-Gam\
e resolution {re\
solution} is not\
 supported\x07\x00\x00\x00\x0fS\
tartController\x01\x03\
\x00\x00\x00^\xc7t\xbb\xf8\xc9\xc0\x00 \xb9\xac\xc1\x8c\
\xc2\xa4\x00 \xb8\x5c\xb4\xdc\x00 \xc2\xe4\xd3(\x00,\
\x00 \xb2\xe4\xc2\xdc\x00 \xc1$\xceX\xd5t\x00 \
\xbc\xf4\xc18\xc6\x94\x00.\x00 \x00(\xc5q\xc7D\
\x00 \xb2\xe4\xc6\xb4\xb8\x5c\xb4\xdc\x00 \xd3\xf4\xb3T\
\xc5\xd0\x00 \xb4P\xc9\xc0\x00 \xb9\xc8\xc18\xc6\x94\
\x00)\x08\x00\x00\x00\x00\x06\x00\x00\x00\x5cImag\
e resource load \
failed, please t\
ry install again\
.(Don't put the \
app in Downloads\
 folder)\x07\x00\x00\x00\x0fSta\
rtController\x01\x03\x00\x00\
\x00\x1e\xac\x8c\xc7\x84\xc7D\x00 \xc1 \xd0\xdd\xd5X\
\xc9\xc0\x00 \xc5J\xc5X\xc2\xb5\xb2\xc8\xb2\xe4\x00!\
\x08\x00\x00\x00\x00\x06\x00\x00\x00\x11No gam\
e selected!\x07\x00\x00\x00\x0f\
StartController\x01\
\x03\x00\x00\x00Z\x00P\x00C\x00 \xbc\x84\xc8\x04\xc7\
@\x00 \xad\x00\xb9\xac\xc7\x90\x00 \xad\x8c\xd5\x5c\xc7\
t\x00 \xd5D\xc6\x94\xd5i\xb2\xc8\xb2\xe4\x00.\x00\
 \xad\x00\xb9\xac\xc7\x90\x00 \xad\x8c\xd5\x5c\xc7<\xb8\
\x5c\x00 \xc7t\x00 \xc5q\xc7D\x00 \xb2\xe4\xc2\
\xdc\x00 \xc2\xdc\xc7\x91\xd5X\xc18\xc6\x94\x00!\x08\
\x00\x00\x00\x00\x06\x00\x00\x00TPC vers\
ion requires adm\
in privileges, P\
lease restart th\
is app with admi\
n privileges!\x07\x00\x00\
\x00\x0fStartControlle\
r\x01\x03\x00\x00\x00f\xd5t\xc0\xc1\xb3\xc4\x00 \x00\
{\x00r\x00e\x00s\x00o\x00l\x00u\x00t\x00\
i\x00o\x00n\x00}\x00 \xd6U\xc7x\x00 \xc2\
\xe4\xd3(\x00,\x00 \xc7|\xbd\x80\x00 \xc7\x91\xc5\
\xc5\xc7t\x00 \xc6,\xbc\x14\xb9t\xac\x8c\x00 \xc7\
\x91\xb3\xd9\xd5X\xc9\xc0\x00 \xc5J\xc7D\x00 \xc2\
\x18\x00 \xc7\x88\xc2\xb5\xb2\xc8\xb2\xe4\x00!\x08\x00\x00\
\x00\x00\x06\x00\x00\x00JResolutio\
n {resolution} c\
heck failed, som\
e tasks might no\
t work correctly\
!\x07\x00\x00\x00\x0fStartContr\
oller\x01\x03\x00\x00\x00B\xc1 \xd0\xdd\xd5\
\x5c\x00 \xce\xa1\xcc\x98\x00 \xbc)\xbc\x95\xc7t\x00\
 \xac\x8c\xc7\x84\x00 \xb6\x10\xb2\x94\x00 \xc2\xdc\xc2\
\xa4\xd1\x5c\xc5\xd0\xc1\x1c\x00 \xc9\xc0\xc6\xd0\xb4\x18\xc9\
\xc0\x00 \xc5J\xc2\xb5\xb2\xc8\xb2\xe4\x00!\x08\x00\x00\
\x00\x00\x06\x00\x00\x00DSelected \
capture method i\
s not supported \
by the game or y\
our system!\x07\x00\x00\x00\x0f\
StartController\x01\
\x03\x00\x00\x008\xac\x8c\xc7\x84\x00 \xc2\xdc\xc7\x91\x00\
 \xc2\xe4\xd3(\x00,\x00 \xba<\xc8\x00\x00 \xac\
\x8c\xc7\x84\xc7D\x00 \xc2\x18\xb3\xd9\xc7<\xb8\x5c\x00\
 \xc2\xdc\xc7\x91\xd5X\xc18\xc6\x94\x00!\x08\x00\x00\
\x00\x00\x06\x00\x00\x00*Start gam\
e failed, please\
 start game firs\
t\x07\x00\x00\x00\x0fStartContr\
oller\x01\x03\x00\x00\x00\x12\xc2\xdc\xc7\x91\x00\
 \xc2\xdc\xac\x04\x00 \xcd\x08\xac\xfc\x00!\x08\x00\x00\
\x00\x00\x06\x00\x00\x00\x13Start gam\
e timeout!\x07\x00\x00\x00\x0fS\
tartController\x01\x03\
\x00\x00\x00`\xac\x8c\xc7\x84\x00 \xcc=\xc7t\x00 \
\xcd\x5c\xc1\x8c\xd6T\xb4\x18\xc5\xc8\xacp\xb0\x98\x00 \
\xd6T\xbat\x00 \xbc\x16\xc5\xd0\x00 \xc7\x88\xc2\xb5\
\xb2\xc8\xb2\xe4\x00.\x00 \xc8\x04\xcc\xb4\x00 \xd6T\
\xbat\x00 \xc8\x04\xc6\xa9\x00 \xba\xa8\xb4\xdc\xb9|\
\x00 \xc0\xac\xc6\xa9\xd5X\xc9\xc0\x00 \xb9\xc8\xc18\
\xc6\x94\x00!\x08\x00\x00\x00\x00\x06\x00\x00\x00KWi\
ndow is minimize\
d or out of scre\
en, and do NOT u\
se full-screen e\
xclusive!\x07\x00\x00\x00\x0fSt\
artController\x01\x03\x00\
\x00\x00Z\xcc=\xc7t\x00 \xcd\x5c\xc1\x8c\xd6T\xb4\
\x18\xc5\xc8\xacp\xb0\x98\x00 \xd6T\xbat\x00 \xbc\
\x16\xc5\xd0\x00 \xc7\x88\xc2\xb5\xb2\xc8\xb2\xe4\x00.\x00\
 \xc8\x04\xcc\xb4\x00 \xd6T\xbat\x00 \xc8\x04\xc6\
\xa9\x00 \xba\xa8\xb4\xdc\xb9|\x00 \xc0\xac\xc6\xa9\xd5\
X\xc9\xc0\x00 \xb9\xc8\xc18\xc6\x94\x00!\x08\x00\x00\
\x00\x00\x06\x00\x00\x00OWindow is\
 minimized or ou\
t of screen, and\
 don't use full-\
screen exclusive\
 mode!\x07\x00\x00\x00\x0fStart\
Controller\x01\x03\x00\x00\x00@\
\x00W\x00i\x00n\x00d\x00o\x00w\x00s\x00 \
\xc5|\xac\x04\x00 \xba\xa8\xb4\xdc\xac\x00\x00 \xcf\x1c\
\xc88\x00 \xc7\x88\xc2\xb5\xb2\xc8\xb2\xe4\x00.\x00 \
\xba<\xc8\x00\x00 \xae\xbc\xc8\xfc\xc18\xc6\x94\x00.\
\x08\x00\x00\x00\x00\x06\x00\x00\x009Window\
s night light is\
 enabled, please\
 turn it off fir\
st.\x07\x00\x00\x00\x0fStartCon\
troller\x01\x03\x00\x00\x00`\x00W\x00\
i\x00n\x00d\x00o\x00w\x00s\x00 \xc5|\xac\
\x04\x00 \xba\xa8\xb4\xdc\xac\x00\x00 \xcf\x1c\xc88\x00\
 \xc7\x88\xc2\xb5\xb2\xc8\xb2\xe4\x00.\x00 \xc7\x91\xc5\
\xc5\xc7t\x00 \xc6,\xbc\x14\xb9t\xac\x8c\x00 \xc7\
\x91\xb3\xd9\xd5X\xc9\xc0\x00 \xc5J\xc7D\x00 \xc2\
\x18\x00 \xc7\x88\xc2\xb5\xb2\xc8\xb2\xe4\x00!\x08\x00\x00\
\x00\x00\x06\x00\x00\x00?Windows n\
ight light is en\
abled, tasks mig\
ht not work corr\
ectly!\x07\x00\x00\x00\x0fStart\
Controller\x01\x03\x00\x00\x00`\
\x00{\x00v\x00e\x00n\x00d\x00o\x00r\x00}\
\x00 \x00{\x00f\x00e\x00a\x00t\x00u\x00r\
\x00e\x00}\x00 \xae0\xb2\xa5\xc7t\x00 \xd6\x5c\
\xc11\xd6T\xb4\x18\xc5\xb4\x00 \xc7\x88\xc5\xb4\x00 \
\xc6$\xc7\x91\xb3\xd9\xc7D\x00 \xc7|\xc7<\xd0\xac\
\x00 \xc2\x18\x00 \xc7\x88\xc2\xb5\xb2\xc8\xb2\xe4\x00!\
\x08\x00\x00\x00\x00\x06\x00\x00\x009{vendo\
r} {feature} is \
enabled and may \
cause malfunctio\
ns!\x07\x00\x00\x00\x0fStartCon\
troller\x01\x03\x00\x00\x00N\x00{\x00\
}\xac\x8c\xc7\x84\x00 \xcc=\xc7t\x00 \xc5\xf0\xac\
\xb0\xb4\x18\xc9\xc0\x00 \xc5J\xc5X\xc2\xb5\xb2\xc8\xb2\
\xe4\x00.\x00 \xac\x8c\xc7\x84\x00 \xcc=\xac\xfc\x00\
 \xce\xa1\xcc\x98\x00 \xbc)\xbc\x95\xc7D\x00 \xc1\
 \xd0\xdd\xd5X\xc18\xc6\x94\x00.\x08\x00\x00\x00\x00\
\x06\x00\x00\x003{} is not c\
onnected, please\
 select the game\
 window.\x07\x00\x00\x00\x0fSta\
rtController\x01\x03\x00\x00\
\x00\x08\xb8\x5c\xb5)\x00 \xc9\x11\x08\x00\x00\x00\x00\x06\
\x00\x00\x00\x07Loading\x07\x00\x00\x00\x12\
StartLoadingDial\
og\x01\x03\x00\x00\x00<\xc2\xdc\xc7\x91\x00 \xc9\x11\
\x00,\x00 \x00{\x00s\x00e\x00c\x00o\x00n\
\x00d\x00s\x00_\x00l\x00e\x00f\x00t\x00}\
\xcd\x08\x00 \xd6\xc4\x00 \xc2\xdc\xac\x04\x00 \xcd\x08\
\xac\xfc\x00.\x08\x00\x00\x00\x00\x06\x00\x00\x00/St\
arting, timeout \
after {seconds_l\
eft} seconds.\x07\x00\x00\
\x00\x12StartLoadingDi\
alog\x01\x03\x00\x00\x00\x0e\x00A\x00n\x00d\
\x00r\x00o\x00i\x00d\x08\x00\x00\x00\x00\x06\x00\x00\
\x00\x07Android\x07\x00\x00\x00\x08St\
artTab\x01\x03\x00\x00\x00\x04\xce\xa1\xcc\x98\
\x08\x00\x00\x00\x00\x06\x00\x00\x00\x07Captur\
e\x07\x00\x00\x00\x08StartTab\x01\x03\
\x00\x00\x00\x0a\xce\xa1\xcc\x98\x00 \xbc)\xc2\xdd\x08\x00\
\x00\x00\x00\x06\x00\x00\x00\x0eCapture \
Method\x07\x00\x00\x00\x08Start\
Tab\x01\x03\x00\x00\x00\x10\xc0\xc1\xd68\x00 \xc7\
\x91\xc6\xa9\x00 \xc1 \xd0\xdd\x08\x00\x00\x00\x00\x06\x00\
\x00\x00\x12Choose Intera\
ction\x07\x00\x00\x00\x08StartT\
ab\x01\x03\x00\x00\x00\x08\xcc=\x00 \xc1 \xd0\xdd\
\x08\x00\x00\x00\x00\x06\x00\x00\x00\x0dChoose\
 Window\x07\x00\x00\x00\x08Star\
tTab\x01\x03\x00\x00\x00\x06\xc5\xf0\xac\xb0\xb4(\
\x08\x00\x00\x00\x00\x06\x00\x00\x00\x09Connec\
ted\x07\x00\x00\x00\x08StartTab\
\x01\x03\x00\x00\x00\x0a\xac\x1c\xbc\x1c\x00 \xb3\xc4\xadl\
\x08\x00\x00\x00\x00\x06\x00\x00\x00\x05Debug\x07\
\x00\x00\x00\x08StartTab\x01\x03\x00\x00\
\x00\x10\xb5\x14\xbc\x84\xad\xf8\x00 \xc6$\xbc\x84\xb8\x08\
\xc7t\x08\x00\x00\x00\x00\x06\x00\x00\x00\x0dDebu\
g Overlay\x07\x00\x00\x00\x08St\
artTab\x01\x03\x00\x00\x00\x12\xbc\x15\xc2\xa4\
\x00 \xc0\xac\xc6\xa9\x00 \xc5H\x00 \xd5h\x08\x00\
\x00\x00\x00\x06\x00\x00\x00\x0dDisable \
Boxes\x07\x00\x00\x00\x08StartT\
ab\x01\x03\x00\x00\x00\x0a\xc5\xf0\xac\xb0\x00 \xb0J\
\xae@\x08\x00\x00\x00\x00\x06\x00\x00\x00\x0cDisc\
onnected\x07\x00\x00\x00\x08Sta\
rtTab\x01\x03\x00\x00\x00\x0a\xc5\xd0\xbb\xac\xb8\
\x08\xc7t\xd10\x08\x00\x00\x00\x00\x06\x00\x00\x00\x08E\
mulator\x07\x00\x00\x00\x08Star\
tTab\x01\x03\x00\x00\x00\x0a\xbc\x15\xc2\xa4\x00 \
\xc0\xac\xc6\xa9\x08\x00\x00\x00\x00\x06\x00\x00\x00\x0cEn\
able Boxes\x07\x00\x00\x00\x08S\
tartTab\x01\x03\x00\x00\x00\x0e\xb8\x5c\xad\
\xf8\x00 \xb0\xb4\xbc\xf4\xb0\xb4\xae0\x08\x00\x00\x00\x00\
\x06\x00\x00\x00\x0bExport Logs\
\x07\x00\x00\x00\x08StartTab\x01\x03\x00\
\x00\x00\x18\xc6$\xbc\x84\xb8\x08\xc7t\xc5\xd0\x00 \xb8\
\x5c\xad\xf8\x00 \xc2(\xae0\xae0\x08\x00\x00\x00\x00\
\x06\x00\x00\x00\x13Hide Log on\
 Overlay\x07\x00\x00\x00\x08Sta\
rtTab\x01\x03\x00\x00\x00\x0a\xc1$\xceX\x00\
 \xd3\xf4\xb3T\x08\x00\x00\x00\x00\x06\x00\x00\x00\x0eI\
nstall Folder\x07\x00\x00\
\x00\x08StartTab\x01\x03\x00\x00\x00\x0a\
\xb8\x5c\xad\xf8\x00 \xd3\xf4\xb3T\x08\x00\x00\x00\x00\x06\
\x00\x00\x00\x0aLog Folder\x07\x00\
\x00\x00\x08StartTab\x01\x03\x00\x00\x00\
\x06\x00O\x00C\x00R\x08\x00\x00\x00\x00\x06\x00\x00\x00\
\x03OCR\x07\x00\x00\x00\x08StartTa\
b\x01\x03\x00\x00\x004\x00O\x00C\x00R\x00 \xc7\
x\xc2\xdd\x00 \xac\xb0\xac\xfc\x00(\xb8\x5c\xad\xf8\x00\
 \xae0\xb8]\x00)\x00:\x00 \x00{\x00r\x00\
e\x00s\x00u\x00l\x00t\x00}\x08\x00\x00\x00\x00\
\x06\x00\x00\x00\x1eOCR success\
 (Logged): {resu\
lt}\x07\x00\x00\x00\x08StartTab\
\x01\x03\x00\x00\x00\x0a\xb8\x5c\xad\xf8\x00 \xc5\xf4\xae0\
\x08\x00\x00\x00\x00\x06\x00\x00\x00\x09Open L\
ogs\x07\x00\x00\x00\x08StartTab\
\x01\x03\x00\x00\x00\x04\x00P\x00C\x08\x00\x00\x00\x00\x06\
\x00\x00\x00\x02PC\x07\x00\x00\x00\x08Start\
Tab\x01\x03\x00\x00\x00\x08\xc0\xc8\xb8\x5c\xac\xe0\xce\
h\x08\x00\x00\x00\x00\x06\x00\x00\x00\x07Refre\
sh\x07\x00\x00\x00\x08StartTab\x01\
\x03\x00\x00\x00\x0c\xc0\xc8\xb8\x5c\xac\xe0\xceh\x00 \xc9\
\x11\x08\x00\x00\x00\x00\x06\x00\x00\x00\x0aRefre\
shing\x07\x00\x00\x00\x08StartT\
ab\x01\x03\x00\x00\x00\x0e\xc2\xa4\xd0l\xb9\xb0\xc0\xf7\
\x00 \xd3\xf4\xb3T\x08\x00\x00\x00\x00\x06\x00\x00\x00\x11\
Screenshot Folde\
r\x07\x00\x00\x00\x08StartTab\x01\x03\
\x00\x00\x00\x16\xc6$\xbc\x84\xb8\x08\xc7t\xc5\xd0\x00 \
\xb8\x5c\xad\xf8\x00 \xd4\x5c\xc2\xdc\x08\x00\x00\x00\x00\x06\
\x00\x00\x00\x13Show Log on \
Overlay\x07\x00\x00\x00\x08Star\
tTab\x01\x03\x00\x00\x00\x0a\xb8\x5c\xad\xf8\x00 \
\xbc\xf4\xae0\x08\x00\x00\x00\x00\x06\x00\x00\x00\x08Vi\
ew Log\x07\x00\x00\x00\x08Start\
Tab\x01\x03\x00\x00\x00V\x00N\x00P\x00U\x00\
 \xcd\x94\xb8`\x00 \xc6$\xb9X\x00,\x00 \x00\
I\x00n\x00t\x00e\x00l\x00 \x00N\x00P\x00\
U\x00 \xb4\xdc\xb7|\xc7t\xbc\x84\xb9|\x00 \xc5\
\xc5\xb3p\xc7t\xd2\xb8\xd5t\xc5|\x00 \xd5`\x00\
 \xc2\x18\x00 \xc7\x88\xc2\xb5\xb2\xc8\xb2\xe4\x00!\x08\
\x00\x00\x00\x00\x06\x00\x00\x00CNPU inf\
erring Error, yo\
u might need to \
update the Intel\
 NPU driver!\x07\x00\x00\x00\
\x04Task\x01\x03\x00\x00\x00\x04\xc6$\xb9X\x08\
\x00\x00\x00\x00\x06\x00\x00\x00\x05Error\x07\x00\
\x00\x00\x0bTaskButtons\x01\x03\
\x00\x00\x00J\xac\x8c\xc7\x84\x00 \xcc=\xc7t\x00 \
\xc5\xf0\xac\xb0\xb4\x18\xc9\xc0\x00 \xc5J\xc5X\xc2\xb5\
\xb2\xc8\xb2\xe4\x00.\x00 \xac\x8c\xc7\x84\x00 \xcc=\
\xac\xfc\x00 \xce\xa1\xcc\x98\x00 \xbc)\xbc\x95\xc7D\
\x00 \xc1 \xd0\xdd\xd5X\xc18\xc6\x94\x00.\x08\x00\
\x00\x00\x00\x06\x00\x00\x00OGame win\
dow is not conne\
cted, please sel\
ect the game win\
dow and capture \
method.\x07\x00\x00\x00\x0bTask\
Buttons\x01\x03\x00\x00\x00\x0a\xc7|\xc2\
\xdc\x00 \xc9\x11\xc9\xc0\x08\x00\x00\x00\x00\x06\x00\x00\x00\
\x05Pause\x07\x00\x00\x00\x0bTaskB\
uttons\x01\x03\x00\x00\x00\x04\xac\xc4\xc1\x8d\
\x08\x00\x00\x00\x00\x06\x00\x00\x00\x06Resume\
\x07\x00\x00\x00\x0bTaskButtons\
\x01\x03\x00\x00\x00\x04\xc2\xdc\xc7\x91\x08\x00\x00\x00\x00\x06\
\x00\x00\x00\x05Start\x07\x00\x00\x00\x0bTa\
skButtons\x01\x03\x00\x00\x00\x04\xc9\
\x11\xc9\xc0\x08\x00\x00\x00\x00\x06\x00\x00\x00\x04Sto\
p\x07\x00\x00\x00\x0bTaskButton\
s\x01\x03\x00\x00\x00(\xc8\x15\xb9\xd0\xb8\x5c\x00 \x00\
{\x00}\xc7D\x00(\xb9|\x00)\x00 \xc0\xad\xc8\
\x1c\xd5X\xc2\xdc\xac\xa0\xc2\xb5\xb2\xc8\xaeL\x00?\x08\
\x00\x00\x00\x00\x06\x00\x00\x00\x22Are you\
 sure you want t\
o delete {}\x07\x00\x00\x00\x08\
TaskCard\x01\x03\x00\x00\x00\x04\xc0\xad\
\xc8\x1c\x08\x00\x00\x00\x00\x06\x00\x00\x00\x06Dele\
te\x07\x00\x00\x00\x08TaskCard\x01\
\x03\x00\x00\x00\x0a\xc7\x91\xc5\xc5\x00 \xc0\xad\xc8\x1c\x08\
\x00\x00\x00\x00\x06\x00\x00\x00\x0bDelete \
Task\x07\x00\x00\x00\x08TaskCar\
d\x01\x03\x00\x00\x00\x0a\xbeD\xd6\x5c\xc11\xd6T\xb4\
(\x08\x00\x00\x00\x00\x06\x00\x00\x00\x08Disab\
led\x07\x00\x00\x00\x08TaskCard\
\x01\x03\x00\x00\x00\x04\xd3\xb8\xc9\xd1\x08\x00\x00\x00\x00\x06\
\x00\x00\x00\x04Edit\x07\x00\x00\x00\x08Tas\
kCard\x01\x03\x00\x00\x00\x08\xd6\x5c\xc11\xd6\
T\xb4(\x08\x00\x00\x00\x00\x06\x00\x00\x00\x07Ena\
bled\x07\x00\x00\x00\x08TaskCar\
d\x01\x03\x00\x00\x00\x0a\xc0\xac\xc6\xa9\x00 \xc1$\xba\
\x85\x08\x00\x00\x00\x00\x06\x00\x00\x00\x0cInstr\
uctions\x07\x00\x00\x00\x08Task\
Card\x01\x03\x00\x00\x00\x08\xc7|\xc2\xdc\xc8\x15\
\xc9\xc0\x08\x00\x00\x00\x00\x06\x00\x00\x00\x05Paus\
e\x07\x00\x00\x00\x08TaskCard\x01\x03\
\x00\x00\x00\x0c\xc1$\xc8\x15\x00 \xcd\x08\xae0\xd6T\
\x08\x00\x00\x00\x00\x06\x00\x00\x00\x0cReset \
Config\x07\x00\x00\x00\x08TaskC\
ard\x01\x03\x00\x00\x00\x04\xc7\xac\xac\x1c\x08\x00\x00\
\x00\x00\x06\x00\x00\x00\x06Resume\x07\x00\x00\
\x00\x08TaskCard\x01\x03\x00\x00\x00\x04\
\xc2\xdc\xc7\x91\x08\x00\x00\x00\x00\x06\x00\x00\x00\x05St\
art\x07\x00\x00\x00\x08TaskCard\
\x01\x03\x00\x00\x00\x04\xc9\x11\xc9\xc0\x08\x00\x00\x00\x00\x06\
\x00\x00\x00\x04Stop\x07\x00\x00\x00\x08Tas\
kCard\x01\x03\x00\x00\x00,\x00{\x00t\x00\
a\x00s\x00k\x00_\x00n\x00a\x00m\x00e\x00\
}\x00 \xc7\x91\xc5\xc5\x00 \xc6D\xb8\xcc\x00 \xb3\
\x00\xae0\x00 \xc9\x11\x08\x00\x00\x00\x00\x06\x00\x00\x00\
,Waiting for {ta\
sk_name} task to\
 be completed\x07\x00\x00\
\x00\x08TaskCard\x01\x03\x00\x00\x00\x08\
\xbeD\xd6\x5c\xc11\xd6T\x08\x00\x00\x00\x00\x06\x00\x00\
\x00\x07Disable\x07\x00\x00\x00\x0cTa\
skOpButton\x01\x03\x00\x00\x00\x06\
\xd6\x5c\xc11\xd6T\x08\x00\x00\x00\x00\x06\x00\x00\x00\x06\
Enable\x07\x00\x00\x00\x0cTaskO\
pButton\x01\x03\x00\x00\x00\x08\xcc=\x00\
 \xc1 \xd0\xdd\x08\x00\x00\x00\x00\x06\x00\x00\x00\x0dC\
hoose Window\x07\x00\x00\x00\
\x07TaskTab\x01\x03\x00\x00\x00\x06\xc6D\
\xb8\xcc\xb4(\x08\x00\x00\x00\x00\x06\x00\x00\x00\x09Co\
mpleted\x07\x00\x00\x00\x07Task\
Tab\x01\x03\x00\x00\x00\x0a\xc7\x91\xc5\xc5\x00 \xc0\
\xdd\xc11\x08\x00\x00\x00\x00\x06\x00\x00\x00\x0bCre\
ate Task\x07\x00\x00\x00\x07Tas\
kTab\x01\x03\x00\x00\x00\x04\xc8\x15\xbc\xf4\x08\x00\
\x00\x00\x00\x06\x00\x00\x00\x04Info\x07\x00\x00\x00\
\x07TaskTab\x01\x03\x00\x00\x00\x08\xc2\xe4\
\xd5\x89\x00 \xc9\x11\x08\x00\x00\x00\x00\x06\x00\x00\x00\x07\
Running\x07\x00\x00\x00\x07Task\
Tab\x01\x03\x00\x00\x00\x0a\xac\xbd\xac\xfc\x00 \xc2\
\xdc\xac\x04\x08\x00\x00\x00\x00\x06\x00\x00\x00\x0cTim\
e Elapsed\x07\x00\x00\x00\x07Ta\
skTab\x01\x03\x00\x00\x00\x02\xac\x12\x08\x00\x00\
\x00\x00\x06\x00\x00\x00\x05Value\x07\x00\x00\x00\
\x07TaskTab\x01\x03\x00\x00\x00\x04\xcd\xe8\
\xc1\x8c\x08\x00\x00\x00\x00\x06\x00\x00\x00\x06Canc\
el\x07\x00\x00\x00\x13TemplateI\
nputDialog\x01\x03\x00\x00\x00\x04\
\xd6U\xc7x\x08\x00\x00\x00\x00\x06\x00\x00\x00\x07Co\
nfirm\x07\x00\x00\x00\x13Templa\
teInputDialog\x01\x03\x00\
\x00\x00 \x00'\x00{\x00}\x00'\x00 \xb9|\x00\
 \xc0\xad\xc8\x1c\xd5X\xc2\xdc\xac\xa0\xc2\xb5\xb2\xc8\xae\
L\x00?\x08\x00\x00\x00\x00\x06\x00\x00\x00%Are\
 you sure you wa\
nt to delete '{}\
'?\x07\x00\x00\x00\x0bTemplateT\
ab\x01\x03\x00\x00\x00\x04\xcd\xe8\xc1\x8c\x08\x00\x00\x00\
\x00\x06\x00\x00\x00\x06Cancel\x07\x00\x00\x00\
\x0bTemplateTab\x01\x03\x00\x00\
\x00\x0a\xc0\xad\xc8\x1c\x00 \xd6U\xc7x\x08\x00\x00\x00\
\x00\x06\x00\x00\x00\x0eConfirm De\
lete\x07\x00\x00\x00\x0bTemplat\
eTab\x01\x03\x00\x00\x00\x04\xc0\xad\xc8\x1c\x08\x00\
\x00\x00\x00\x06\x00\x00\x00\x06Delete\x07\x00\
\x00\x00\x0bTemplateTab\x01\x03\
\x00\x00\x00\x1e\xd5\x04\xb8\x08\xc7\x84\x00 \xce\xa1\xcc\x98\
\xc5\xd0\x00 \xc2\xe4\xd3(\xd5\x88\xc2\xb5\xb2\xc8\xb2\xe4\
\x00.\x08\x00\x00\x00\x00\x06\x00\x00\x00\x18Fail\
ed to capture fr\
ame.\x07\x00\x00\x00\x0bTemplat\
eTab\x01\x03\x00\x00\x00\x1c\xb8\x08\xc7t\xbe\x14\
\x00 \x00e\x00n\x00u\x00m\x00 \xd3\x0c\xc7|\
\x00 \xc0\xdd\xc11\x08\x00\x00\x00\x00\x06\x00\x00\x00\x18\
Generate label e\
num file\x07\x00\x00\x00\x0bTem\
plateTab\x01\x03\x00\x00\x00\x1a\xc7t\
\xbb\xf8\xc9\xc0\xac\x00\x00 \xc0\xad\xc8\x1c\xb4\x18\xc5\xc8\
\xc2\xb5\xb2\xc8\xb2\xe4\x00.\x08\x00\x00\x00\x00\x06\x00\x00\
\x00\x0eImage deleted.\
\x07\x00\x00\x00\x0bTemplateTab\
\x01\x03\x00\x00\x00L\xc7\x98\xba\xbb\xb4\x1c\x00 \xc0\xc1\
\xb3\x00\x00 \xac\xbd\xb8\x5c\xc7\x85\xb2\xc8\xb2\xe4\x00.\
\x00 \xc6\x08\x00:\x00 \x00o\x00k\x00_\x00t\
\x00a\x00s\x00k\x00s\x00/\x00L\x00a\x00b\
\x00e\x00l\x00E\x00n\x00u\x00m\x00.\x00p\
\x00y\x08\x00\x00\x00\x00\x06\x00\x00\x005Inva\
lid relative pat\
h. Example: ok_t\
asks/LabelEnum.p\
y\x07\x00\x00\x00\x0bTemplateTa\
b\x01\x03\x00\x00\x00\x06\xb9\xc8\xd0l\xc5\xc5\x08\x00\x00\
\x00\x00\x06\x00\x00\x00\x06Markup\x07\x00\x00\
\x00\x0bTemplateTab\x01\x03\x00\
\x00\x00\x1a\xc8\x00\xc7\xa5\xd5`\x00 \xc8\xfc\xc1\x1d\xc7\
t\x00 \xc5\xc6\xc2\xb5\xb2\xc8\xb2\xe4\x00.\x08\x00\x00\
\x00\x00\x06\x00\x00\x00\x17No annota\
tions to save.\x07\x00\
\x00\x00\x0bTemplateTab\x01\x03\
\x00\x00\x00@\xce\xa1\xcc\x98\x00 \xbc)\xbc\x95\xc7D\
\x00 \xc0\xac\xc6\xa9\xd5`\x00 \xc2\x18\x00 \xc5\xc6\
\xc2\xb5\xb2\xc8\xb2\xe4\x00.\x00 \xba<\xc8\x00\x00 \
\xce\xa1\xcc\x98\xb9|\x00 \xc2\xdc\xc7\x91\xd5X\xc18\
\xc6\x94\x00.\x08\x00\x00\x00\x00\x06\x00\x00\x008No\
 capture method \
available. Pleas\
e start capture \
first.\x07\x00\x00\x00\x0bTempl\
ateTab\x01\x03\x00\x00\x00\x12\xd1\x5c\xd5\x0c\
\xb9\xbf\xc7t\x00 \xc5\xc6\xc2\xb5\xb2\xc8\xb2\xe4\x08\x00\
\x00\x00\x00\x06\x00\x00\x00\x10No templ\
ates yet\x07\x00\x00\x00\x0bTem\
plateTab\x01\x03\x00\x00\x00\x04\xd6U\
\xc7x\x08\x00\x00\x00\x00\x06\x00\x00\x00\x02OK\x07\x00\
\x00\x00\x0bTemplateTab\x01\x03\
\x00\x00\x00>\xac\xbd\xb8\x5c\xb2\x94\x00 \xc6\xcc\xd0l\
\xc2\xa4\xd3\x98\xc7t\xc2\xa4\x00 \xb8\xe8\xd2\xb8\xb9|\
\x00 \xae0\xc9\x00\xc7<\xb8\x5c\x00 \xd5\x5c\x00 \
\xc0\xc1\xb3\x00\x00 \xac\xbd\xb8\x5c\xc7\x85\xb2\xc8\xb2\xe4\
\x00.\x08\x00\x00\x00\x00\x06\x00\x00\x00'Path\
 is relative to \
the workspace ro\
ot.\x07\x00\x00\x00\x0bTemplate\
Tab\x01\x03\x00\x00\x00>\xc0\xc1\xb3\x00\x00 \xac\
\xbd\xb8\x5c\x00,\x00 \xc6\x08\x00:\x00 \x00o\x00\
k\x00_\x00t\x00a\x00s\x00k\x00s\x00/\x00\
L\x00a\x00b\x00e\x00l\x00E\x00n\x00u\x00\
m\x00.\x00p\x00y\x08\x00\x00\x00\x00\x06\x00\x00\x00\
)Relative path, \
e.g. ok_tasks/La\
belEnum.py\x07\x00\x00\x00\x0bT\
emplateTab\x01\x03\x00\x00\x00\x04\
\xc8\x00\xc7\xa5\x08\x00\x00\x00\x00\x06\x00\x00\x00\x04Sa\
ve\x07\x00\x00\x00\x0bTemplateT\
ab\x01\x03\x00\x00\x00\x0a\xc8\x00\xc7\xa5\x00 \xc7\x04\
\xceX\x08\x00\x00\x00\x00\x06\x00\x00\x00\x07Save\
 To\x07\x00\x00\x00\x0bTemplate\
Tab\x01\x03\x00\x00\x00\x1a\xc11\xac\xf5\xc8\x01\xc7\
<\xb8\x5c\x00 \xc8\x00\xc7\xa5\xb4(\x00:\x00 \x00\
{\x00}\x08\x00\x00\x00\x00\x06\x00\x00\x00\x22Sav\
e completed succ\
essfully to: {}\x07\
\x00\x00\x00\x0bTemplateTab\x01\
\x03\x00\x00\x00\x08\xc2\xa4\xd0l\xb9\xb0\xc0\xf7\x08\x00\x00\
\x00\x00\x06\x00\x00\x00\x0aScreensho\
t\x07\x00\x00\x00\x0bTemplateTa\
b\x01\x03\x00\x00\x00\x18\xc2\xa4\xd0l\xb9\xb0\xc0\xf7\x00\
 \xc8\x00\xc7\xa5\xb4(\x00:\x00 \x00{\x00}\x08\
\x00\x00\x00\x00\x06\x00\x00\x00\x14Screens\
hot saved: {}\x07\x00\x00\
\x00\x0bTemplateTab\x01\x03\x00\
\x00\x00\x22\xc7t\xb9\x84\x00 \xb6\x10\xb2\x94\x00 \xce\
t\xd1L\xac\xe0\xb9\xac\xb8\x5c\x00 \xac\x80\xc0\xc9\x00\
.\x00.\x00.\x08\x00\x00\x00\x00\x06\x00\x00\x00\x1dS\
earch by name or\
 category...\x07\x00\x00\x00\
\x0bTemplateTab\x01\x03\x00\x00\
\x00\x04\xc11\xac\xf5\x08\x00\x00\x00\x00\x06\x00\x00\x00\x07\
Success\x07\x00\x00\x00\x0bTemp\
lateTab\x01\x03\x00\x00\x00\x0e\xc2\xa4\xd0\
l\xb9\xb0\xc0\xf7\x00 \xcd,\xc6\x01\x08\x00\x00\x00\x00\
\x06\x00\x00\x00\x0fTake Screen\
shot\x07\x00\x00\x00\x0bTemplat\
eTab\x01\x03\x00\x00\x00\x22\x00a\x00s\x00s\
\x00e\x00t\x00s\x00 \x00(\xb3\xc5\xb9\xbd\x00 \
\xc2\xe4\xd5\x89\xd6\x15\x00 \xc5q\x00)\x08\x00\x00\x00\
\x00\x06\x00\x00\x00\x17assets (st\
andalone app)\x07\x00\x00\
\x00\x0bTemplateTab\x01\x03\x00\
\x00\x004\x00o\x00k\x00_\x00t\x00a\x00s\x00\
k\x00s\x00/\x00a\x00s\x00s\x00e\x00t\x00\
s\x00 \x00(\xc0\xac\xc6\xa9\xc7\x90\x00 \xc2\xa4\xd0\
l\xb9\xbd\xd2\xb8\x00)\x08\x00\x00\x00\x00\x06\x00\x00\x00\
 ok_tasks/assets\
 (custom scripts\
)\x07\x00\x00\x00\x0bTemplateTa\
b\x01\x03\x00\x00\x00H\xc8\x15\xb9\xd0\xb8\x5c\x00 \x00\
{\x00v\x00e\x00r\x00s\x00i\x00o\x00n\x00\
}\x00 \x00{\x00t\x00y\x00p\x00e\x00}\x00\
(\xc7<\x00)\xb8\x5c\x00 \xc5\xc5\xb3p\xc7t\xd2\
\xb8\xd5X\xc2\xdc\xac\xa0\xc2\xb5\xb2\xc8\xaeL\x00?\x08\
\x00\x00\x00\x00\x06\x00\x00\x004Are you\
 sure you want t\
o update to {ver\
sion} {type}?\x07\x00\x00\
\x00\x0bVersionCard\x01\x03\x00\
\x00\x00\x16\xc5\xc5\xb3p\xc7t\xd2\xb8\x00 \xd6U\xc7\
x\x00 \xc6$\xb9X\x00!\x08\x00\x00\x00\x00\x06\x00\
\x00\x00\x17Check for upd\
ate error!\x07\x00\x00\x00\x0bV\
ersionCard\x01\x03\x00\x00\x00\x0e\
\xc5\xc5\xb3p\xc7t\xd2\xb8\x00 \xd6U\xc7x\x08\x00\
\x00\x00\x00\x06\x00\x00\x00\x11Check fo\
r updates\x07\x00\x00\x00\x0bVe\
rsionCard\x01\x03\x00\x00\x00\x12\xc5\
\xc5\xb3p\xc7t\xd2\xb8\x00 \xd6U\xc7x\x00 \xc9\
\x11\x08\x00\x00\x00\x00\x06\x00\x00\x00\x14Check\
ing for updates\x07\
\x00\x00\x00\x0bVersionCard\x01\
\x03\x00\x00\x00\x06\xb5\x14\xbc\x84\xad\xf8\x08\x00\x00\x00\x00\
\x06\x00\x00\x00\x05Debug\x07\x00\x00\x00\x0bV\
ersionCard\x01\x03\x00\x00\x008\
\xb2\xe4\xc6\xb4\xb8\x5c\xb4\xdc\x00 \xc9\x11\x00 \x00{\
\x00p\x00r\x00o\x00g\x00r\x00e\x00s\x00s\
\x00}\x00 \x00{\x00p\x00e\x00r\x00c\x00e\
\x00n\x00t\x00}\x00%\x08\x00\x00\x00\x00\x06\x00\x00\
\x00!Downloading {p\
rogress} {percen\
t}%\x07\x00\x00\x00\x0bVersionC\
ard\x01\x03\x00\x00\x00\x18\xc0\xc8\x00 \xbc\x84\xc8\
\x04\xc7D\x00 \xcc>\xc5X\xc2\xb5\xb2\xc8\xb2\xe4\x00\
!\x08\x00\x00\x00\x00\x06\x00\x00\x00\x12Found\
 new version!\x07\x00\x00\
\x00\x0bVersionCard\x01\x03\x00\
\x00\x00\x04\xc8\x15\xbc\xf4\x08\x00\x00\x00\x00\x06\x00\x00\x00\
\x04Info\x07\x00\x00\x00\x0bVersio\
nCard\x01\x03\x00\x00\x00\x06\xb9\xb4\xb9\xac\xc2\
\xa4\x08\x00\x00\x00\x00\x06\x00\x00\x00\x07Relea\
se\x07\x00\x00\x00\x0bVersionCa\
rd\x01\x03\x00\x00\x00\x18\xc7t\xbb\xf8\x00 \xcd\x5c\
\xc2\xe0\x00 \xbc\x84\xc8\x04\xc7\x85\xb2\xc8\xb2\xe4\x00!\
\x08\x00\x00\x00\x00\x06\x00\x00\x00\x1bThis i\
s the newest ver\
sion!\x07\x00\x00\x00\x0bVersio\
nCard\x01\x03\x00\x00\x00\x0e\xc9\xc0\xae\x08\x00\
 \xc5\xc5\xb3p\xc7t\xd2\xb8\x08\x00\x00\x00\x00\x06\x00\
\x00\x00\x0aUpdate Now\x07\x00\x00\
\x00\x0bVersionCard\x01\x03\x00\
\x00\x002\x00{\x00v\x00e\x00r\x00s\x00i\x00\
o\x00n\x00}\x00 \x00{\x00t\x00y\x00p\x00\
e\x00}\x00(\xc7<\x00)\xb8\x5c\x00 \xc5\xc5\xb3\
p\xc7t\xd2\xb8\x08\x00\x00\x00\x00\x06\x00\x00\x00\x1aU\
pdate to {versio\
n} {type}\x07\x00\x00\x00\x0bVe\
rsionCard\x01\x03\x00\x00\x00\x04\xc5\
L\xb9\xbc\x08\x00\x00\x00\x00\x06\x00\x00\x00\x05Ale\
rt\x07\x00\x00\x00\x03app\x01\x03\x00\x00\x00\x1c\
\xc7t\xbb\xf8\x00 \xbc\x84\xc8\x04\xc7<\xb8\x5c\x00 \
\xc5\xc5\xb3p\xc7t\xd2\xb8\xb4(\x00:\x08\x00\x00\x00\
\x00\x06\x00\x00\x00\x1bAlready up\
dated to version\
:\x07\x00\x00\x00\x03app\x01\x03\x00\x00\x00&\xb2\
\xe4\xb9x\x00 \xc7x\xc2\xa4\xd14\xc2\xa4\xac\x00\x00\
 \xc7t\xbb\xf8\x00 \xc2\xe4\xd5\x89\x00 \xc9\x11\xc7\
\x85\xb2\xc8\xb2\xe4\x08\x00\x00\x00\x00\x06\x00\x00\x00#A\
nother instance \
is already runni\
ng\x07\x00\x00\x00\x03app\x01\x03\x00\x00\x00\x0a\
\xc5q\x00 \xc2\xe4\xd5\x89\xae0\x08\x00\x00\x00\x00\x06\
\x00\x00\x00\x0cApp Launcher\
\x07\x00\x00\x00\x03app\x01\x03\x00\x00\x00f\xc5q\
\x00 \xc2\xdc\xc7\x91\x00 \xc6$\xb9X\x00.\x00 \
\xc1$\xceX\x00 \xd3\xf4\xb3T\xb9|\x00 \x00W\
\x00i\x00n\x00d\x00o\x00w\x00s\x00 \x00D\
\x00e\x00f\x00e\x00n\x00d\x00e\x00r\x00 \
\xc6\x08\xc6x\xc5\xd0\x00 \xcd\x94\xac\x00\xd5X\xac\xe0\
\x00 \xb2\xe4\xc2\xdc\x00 \xc1$\xceX\xd5X\xc18\
\xc6\x94\x00:\x08\x00\x00\x00\x00\x06\x00\x00\x00fAp\
p startup error.\
 Please add the \
installation fol\
der to the Windo\
ws Defender whit\
elist and reinst\
all:\x07\x00\x00\x00\x03app\x01\x03\x00\x00\
\x00\x04\xc7\x90\xb3\xd9\x08\x00\x00\x00\x00\x06\x00\x00\x00\x04\
Auto\x07\x00\x00\x00\x03app\x01\x03\x00\x00\
\x00\x1a\xac\x8c\xc7\x84\x00 \xcc=\x00 \xd0l\xae0\
\x00 \xc7\x90\xb3\xd9\x00 \xc8p\xc8\x08\x08\x00\x00\x00\
\x00\x06\x00\x00\x00\x17Auto Resiz\
e Game Window\x07\x00\x00\
\x00\x03app\x01\x03\x00\x00\x00\x10\xac\x8c\xc7\x84\x00\
 \xc7\x90\xb3\xd9\x00 \xc2\xdc\xc7\x91\x08\x00\x00\x00\x00\
\x06\x00\x00\x00\x0fAuto Start \
Game\x07\x00\x00\x00\x03app\x01\x03\x00\x00\
\x00\x1e\xc5q\x00 \xc2\xdc\xc7\x91\x00 \xc2\xdc\x00 \
\xac\x8c\xc7\x84\x00 \xc7\x90\xb3\xd9\x00 \xc2\xdc\xc7\x91\
\x08\x00\x00\x00\x00\x06\x00\x00\x00\x1fAuto S\
tart Game When A\
pp Starts\x07\x00\x00\x00\x03ap\
p\x01\x03\x00\x00\x00 \x00{\x00a\x00p\x00p\x00\
_\x00n\x00a\x00m\x00e\x00}\x00 \xc7\x90\xb3\
\xd9\x00 \xc2\xdc\xc7\x91\x08\x00\x00\x00\x00\x06\x00\x00\x00\
\x15Auto Start {app\
_name}\x07\x00\x00\x00\x03app\x01\x03\
\x00\x00\x00\x0e\xc7\x90\xb3\xd9\x00 \xc5\xc5\xb3p\xc7t\
\xd2\xb8\x08\x00\x00\x00\x00\x06\x00\x00\x00\x0bAuto\
 Update\x07\x00\x00\x00\x03app\x01\
\x03\x00\x00\x00\x1e\xac\x8c\xc7\x84\xc7t\x00 \xc8\x85\xb8\
\xcc\xb4\x18\xc5\xb4\x00 \xc7\x90\xb3\xd9\x00 \xc8\x85\xb8\
\xcc\xb4(\x08\x00\x00\x00\x00\x06\x00\x00\x00\x1dAut\
o exit because g\
ame exited\x07\x00\x00\x00\x03a\
pp\x01\x03\x00\x00\x00\x1c\xc7\x90\xb3\xd9\x00 \xc5\xc5\
\xb3p\xc7t\xd2\xb8\x00(\xc0\xac\xc8\x04\x00 \xcd\x9c\
\xc2\xdc\x00)\x08\x00\x00\x00\x00\x06\x00\x00\x00\x1eAu\
tomatic Update (\
Pre-release)\x07\x00\x00\x00\
\x03app\x01\x03\x00\x00\x00 \xc7\x90\xb3\xd9\x00 \
\xc5\xc5\xb3p\xc7t\xd2\xb8\x00(\xc8\x15\xc2\xdd\x00 \
\xb9\xb4\xb9\xac\xc2\xa4\xb9\xcc\x00)\x08\x00\x00\x00\x00\x06\
\x00\x00\x00\x1eAutomatic Up\
date(Release Onl\
y)\x07\x00\x00\x00\x03app\x01\x03\x00\x00\x00\x0a\
\xae0\xbc\xf8\x00 \xc65\xc1X\x08\x00\x00\x00\x00\x06\
\x00\x00\x00\x0dBasic Option\
s\x07\x00\x00\x00\x03app\x01\x03\x00\x00\x00\x0a\xbc\
\xa0\xd0\xc0\x00 \xbc\x84\xc8\x04\x08\x00\x00\x00\x00\x06\x00\
\x00\x00\x0cBeta Version\x07\
\x00\x00\x00\x03app\x01\x03\x00\x00\x00\x04\xbe\x14\xb7\
\xec\x08\x00\x00\x00\x00\x06\x00\x00\x00\x04Blur\x07\
\x00\x00\x00\x03app\x01\x03\x00\x00\x00\x0e\xac\x00\xb9\
\xbc\x00 \xc5L\xac\xe0\xb9\xac\xc9\x98\x08\x00\x00\x00\x00\
\x06\x00\x00\x00\x0eBlur Algori\
thm\x07\x00\x00\x00\x03app\x01\x03\x00\x00\x00\
@\xac\x8c\xc7\x84\x00 \x00U\x00I\x00D\x00 \xb4\
\xf1\xc7D\x00 \xd7P\xb9\xac\xac\x8c\x00 \xd4\x5c\xc2\
\xdc\xd5X\xc5\xec\x00 \x00O\x00L\x00E\x00D\x00\
 \xc2\x18\xba\x85\xc7D\x00 \xb2\x98\xb9\xbd\xb2\xc8\xb2\
\xe4\x08\x00\x00\x00\x00\x06\x00\x00\x00&Blur \
Game UID etc to \
enhance OLED lif\
e\x07\x00\x00\x00\x03app\x01\x03\x00\x00\x00\x10\xac\
\x00\xb9\xbc\x00 \xd6U\xc7x\x00 \xac\x04\xac\xa9\x08\
\x00\x00\x00\x00\x06\x00\x00\x00\x0dBlur In\
terval\x07\x00\x00\x00\x03app\x01\x03\
\x00\x00\x00,\x00p\x00y\x00t\x00h\x00o\x00n\
\x00 \x00v\x00e\x00n\x00v\xb9|\x00 \xcc>\
\xc7D\x00 \xc2\x18\x00 \xc5\xc6\xc2\xb5\xb2\xc8\xb2\xe4\
\x08\x00\x00\x00\x00\x06\x00\x00\x00\x16Can't \
find python venv\
\x07\x00\x00\x00\x03app\x01\x03\x00\x00\x00\x04\xcd\xe8\
\xc1\x8c\x08\x00\x00\x00\x00\x06\x00\x00\x00\x06Canc\
el\x07\x00\x00\x00\x03app\x01\x03\x00\x00\x00\x12\
\xce\xa1\xcc\x98\x00 \xd5\x04\xb8\x08\xc7\x84\x00 \xc1\x8d\
\xb3\xc4\x08\x00\x00\x00\x00\x06\x00\x00\x00\x12Capt\
ure Frame Rate\x07\x00\
\x00\x00\x03app\x01\x03\x00\x00\x00\x10\xce\xa1\xcc\x98\
\x00 \xc9\xc0\xc5\xf0\x00 \xc2\xdc\xac\x04\x08\x00\x00\x00\
\x00\x06\x00\x00\x00\x0fCapture La\
tency\x07\x00\x00\x00\x03app\x01\x03\x00\
\x00\x00\x04\xc9\x11\xadm\x08\x00\x00\x00\x00\x06\x00\x00\x00\
\x05China\x07\x00\x00\x00\x03app\x01\x03\
\x00\x00\x00,\xc2\xe4\xd5\x89\xae0\xc7X\x00 \xc5\xc5\
\xb3p\xc7t\xd2\xb8\x00 \xc1$\xceX\x00 \xbc)\
\xc2\xdd\xc7D\x00 \xc1 \xd0\xdd\xd5i\xb2\xc8\xb2\xe4\
\x08\x00\x00\x00\x00\x06\x00\x00\x00(Choose\
 how the launche\
r installs updat\
es\x07\x00\x00\x00\x03app\x01\x03\x00\x00\x00\x10\
\xc5q\x00 \xc2\xe4\xd5\x89\xae0\x00 \xadl\xc11\
\x08\x00\x00\x00\x00\x06\x00\x00\x00\x1aConfig\
ure the app laun\
cher\x07\x00\x00\x00\x03app\x01\x03\x00\x00\
\x00\x04\xd6U\xc7x\x08\x00\x00\x00\x00\x06\x00\x00\x00\x07\
Confirm\x07\x00\x00\x00\x03app\x01\
\x03\x00\x00\x00\x16\x00v\x00e\x00n\x00v\x00 \xc0\
\xdd\xc11\x00 \xc2\xe4\xd3(\x00.\x08\x00\x00\x00\x00\
\x06\x00\x00\x00\x13Create venv\
 failed.\x07\x00\x00\x00\x03app\
\x01\x03\x00\x00\x00\x14\xc7X\xc8t\xc11\x00 \xc0\xad\
\xc8\x1c\x00 \xc11\xac\xf5\x00!\x08\x00\x00\x00\x00\x06\
\x00\x00\x00\x1cDelete depen\
dencies success!\
\x07\x00\x00\x00\x03app\x01\x03\x00\x00\x00\x04\xc9\xc4\
\xb2\xe8\x08\x00\x00\x00\x00\x06\x00\x00\x00\x09Diag\
nosis\x07\x00\x00\x00\x03app\x01\x03\x00\
\x00\x00\x0a\xbe\x14\xb7\xec\x00 \xc0\xac\xc6\xa9\x08\x00\x00\
\x00\x00\x06\x00\x00\x00\x0bEnable Bl\
ur\x07\x00\x00\x00\x03app\x01\x03\x00\x00\x00\x04\
\xc6$\xb9X\x08\x00\x00\x00\x00\x06\x00\x00\x00\x05Er\
ror\x07\x00\x00\x00\x03app\x01\x03\x00\x00\x00\
\x0e\xc7\x91\xc5\xc5\x00 \xd6\xc4\x00 \xc8\x85\xb8\xcc\x08\
\x00\x00\x00\x00\x06\x00\x00\x00\x0fExit Af\
ter Task\x07\x00\x00\x00\x03app\
\x01\x03\x00\x00\x00\x18\xac\x8c\xc7\x84\x00 \xc8\x85\xb8\xcc\
\x00 \xc2\xdc\x00 \xc5q\x00 \xc8\x85\xb8\xcc\x08\x00\
\x00\x00\x00\x06\x00\x00\x00\x18Exit App\
 when Game Exits\
\x07\x00\x00\x00\x03app\x01\x03\x00\x00\x00\x18\xac\x8c\
\xc7\x84\xc7t\x00 \xc8\x85\xb8\xcc\xb4\x18\xc5\xb4\x00 \
\xc8\x85\xb8\xcc\xb4(\x08\x00\x00\x00\x00\x06\x00\x00\x00\x18\
Exit because gam\
e exited\x07\x00\x00\x00\x03app\
\x01\x03\x00\x00\x000\xc7\x91\xc5\xc5\xc7t\x00 \xc11\
\xac\xf5\xc8\x01\xc7<\xb8\x5c\x00 \xc2\xe4\xd5\x89\xb4\x1c\
\x00 \xd6\xc4\x00 \xac\x8c\xc7\x84\xac\xfc\x00 \xc5q\
\x00 \xc8\x85\xb8\xcc\x08\x00\x00\x00\x00\x06\x00\x00\x00?\
Exit the Game an\
d the App after \
Successfully Exe\
cuting the Task\x07\
\x00\x00\x00\x03app\x01\x03\x00\x00\x00\x0e\xc2\xe4\xd5\
\x89\x00 \xd6\xc4\x00 \xc8\x85\xb8\xcc\x08\x00\x00\x00\x00\
\x06\x00\x00\x00\x14Exit_After_\
Execution\x07\x00\x00\x00\x03ap\
p\x01\x03\x00\x00\x00\x22\xc6\xd0\xac\xa9\x00 \xbc\x84\xc8\
\x04\x00 \xba\xa9\xb8]\x00 \xac\x00\xc88\xc6$\xae\
0\x00 \xc6$\xb9X\x00!\x08\x00\x00\x00\x00\x06\x00\
\x00\x00 Fetch remote \
version list err\
or!\x07\x00\x00\x00\x03app\x01\x03\x00\x00\x00\
\x0e\xcd\x1d\x00 \xd5\x04\xb8\x08\xc7\x84\x00 \xc2\x18\x08\
\x00\x00\x00\x00\x06\x00\x00\x00\x0bFrame C\
ount\x07\x00\x00\x00\x03app\x01\x03\x00\x00\
\x00\x0c\xac\x8c\xc7\x84\x00 \xd5t\xc0\xc1\xb3\xc4\x08\x00\
\x00\x00\x00\x06\x00\x00\x00\x0fGame Res\
olution\x07\x00\x00\x00\x03app\x01\
\x03\x00\x00\x00\x0c\xac\x8c\xc7\x84\x00 \xc0\xac\xc6\xb4\xb4\
\xdc\x08\x00\x00\x00\x00\x06\x00\x00\x00\x0aGame \
Sound\x07\x00\x00\x00\x03app\x01\x03\x00\
\x00\x00\x06\xae\x00\xb8\x5c\xbc\x8c\x08\x00\x00\x00\x00\x06\x00\
\x00\x00\x06Global\x07\x00\x00\x00\x03ap\
p\x01\x03\x00\x00\x00\x06\xb2\xe8\xcd\x95\xd0\xa4\x08\x00\x00\
\x00\x00\x06\x00\x00\x00\x06HotKey\x07\x00\x00\
\x00\x03app\x01\x03\x00\x00\x00Z\x00C\x00P\x00\
U\x00/\x00G\x00P\x00U\x00 \xc0\xac\xc6\xa9\xb7\
\xc9\xc7D\x00 \xc9\x04\xc7t\xae0\x00 \xc7\x04\xd5\
t\x00 \xd2\xb8\xb9\xac\xacp\x00 \xc7\x91\xc5\xc5\x00\
 \xc0\xac\xc7t\xc7X\x00 \xc9\xc0\xc5\xf0\x00 \xc2\
\xdc\xac\x04\x00 \xb2\x98\xb9\xac\xae0\x00(\xbc\x00\xb9\
\xac\xcd\x08\x00)\x08\x00\x00\x00\x00\x06\x00\x00\x00JI\
ncrease Delay be\
tween Trigger Ta\
sks to Reduce CP\
U/GPU Usage(Mill\
iseconds)\x07\x00\x00\x00\x03ap\
p\x01\x03\x00\x00\x00\x04\xc8\x15\xbc\xf4\x08\x00\x00\x00\x00\
\x06\x00\x00\x00\x04Info\x07\x00\x00\x00\x03ap\
p\x01\x03\x00\x00\x00\x08\xc7x\xd3\x98\xc7x\xd2\xb8\x08\
\x00\x00\x00\x00\x06\x00\x00\x00\x07Inpaint\
\x07\x00\x00\x00\x03app\x01\x03\x00\x00\x00\x5c\xc7X\
\xc8t\xc11\x00 \xc1$\xceX\x00 \xc2\xe4\xd3(\
\x00,\x00 \xc5\xc5\xb3p\xc7t\xd2\xb8\x00 \xc1\x8c\
\xc2\xa4\xb9|\x00 \xbc\xc0\xac\xbd\xd5X\xacp\xb0\x98\
\x00 \xc8\x04\xcc\xb4\x00 \xbc\x84\xc8\x04\xc7D\x00 \
\xb2\xe4\xc2\xdc\x00 \xb2\xe4\xc6\xb4\xb8\x5c\xb4\xdc\xd5t\
\x00 \xbc\xf4\xc18\xc6\x94\x00!\x08\x00\x00\x00\x00\x06\
\x00\x00\x00]Install depe\
ndencies failed,\
 try changing th\
e update source,\
 or re-download \
the full version\
!\x07\x00\x00\x00\x03app\x01\x03\x00\x00\x00P\xc1\
$\xceX\x00 \xac\xbd\xb8\x5c\x00 \x00{\x00p\x00\
a\x00t\x00h\x00}\xb2\x94\x00 \xc6\x01\xbb8\x00\
 \xac\xbd\xb8\x5c\xc5\xec\xc5|\x00 \xd5i\xb2\xc8\xb2\
\xe4\x00.\x00 \xb2\xe4\xb9x\x00 \xac\xbd\xb8\x5c\xb8\
\x5c\x00 \xc7t\xb3\xd9\xd5X\xc18\xc6\x94\x00.\x08\
\x00\x00\x00\x00\x06\x00\x00\x00AInstall\
 dir {path} must\
 be an English p\
ath, move to ano\
ther path.\x07\x00\x00\x00\x03a\
pp\x01\x03\x00\x00\x00\x14\xc2\xdc\xc7\x91\x00 \xd6\xc4\
\x00 \xb7\xf0\xcc\x98\x00 \xc8\x85\xb8\xcc\x08\x00\x00\x00\
\x00\x06\x00\x00\x00\x19Kill Launc\
her After Start\x07\
\x00\x00\x00\x03app\x01\x03\x00\x00\x00\x10\x00D\x00\
X\x001\x001\xb8\x5c\x00 \xc2\xdc\xc7\x91\x08\x00\x00\
\x00\x00\x06\x00\x00\x00\x10Launch wi\
th DX11\x07\x00\x00\x00\x03app\x01\
\x03\x00\x00\x00\x06\xc2\xe4\xd5\x89\xae0\x08\x00\x00\x00\x00\
\x06\x00\x00\x00\x08Launcher\x07\x00\x00\
\x00\x03app\x01\x03\x00\x00\x00\x0e\xc2\x18\xb3\xd9\x00\
 \xc5\xc5\xb3p\xc7t\xd2\xb8\x08\x00\x00\x00\x00\x06\x00\
\x00\x00\x0dManual Update\
\x07\x00\x00\x00\x03app\x01\x03\x00\x00\x00\x06\xbaT\
\xba\xa8\xb9\xac\x08\x00\x00\x00\x00\x06\x00\x00\x00\x06Me\
mory\x07\x00\x00\x00\x03app\x01\x03\x00\x00\
\x00\x22\xc1$\xc8\x15\xb4\x1c\x00 \xc6\x01\xc5\xed\xc7D\
\x00 \xac\x00\xb9\xac\xb2\x94\x00 \xcc\x98\xb9\xac\x00 \
\xbc)\xbc\x95\x08\x00\x00\x00\x00\x06\x00\x00\x00'Me\
thod used to obs\
cure configured \
areas\x07\x00\x00\x00\x03app\x01\x03\x00\
\x00\x00(\xb2\xeb\xc7D\x00 \xb5L\x00 \xcc=\xc7\
D\x00 \xc2\xdc\xc2\xa4\xd1\x5c\x00 \xd2\xb8\xb8\x08\xc7\
t\xb8\x5c\x00 \xcd\x5c\xc1\x8c\xd6T\x08\x00\x00\x00\x00\
\x06\x00\x00\x00+Minimize Wi\
ndow to System T\
ray when Closing\
\x07\x00\x00\x00\x03app\x01\x03\x00\x00\x00\x1c\xbc1\
\xad\xf8\xb7|\xc6\xb4\xb4\xdc\xc5\xd0\xc1\x1c\x00 \xac\x8c\
\xc7\x84\x00 \xc7L\xc1\x8c\xacp\x08\x00\x00\x00\x00\x06\
\x00\x00\x00\x1dMute Game wh\
ile in Backgroun\
d\x07\x00\x00\x00\x03app\x01\x03\x00\x00\x00\x1a\xc0\
\xc8\x00 \xbc\x84\xc8\x04\x00 \x00{\x00}\x00 \xc0\
\xac\xc6\xa9\x00 \xac\x00\xb2\xa5\x08\x00\x00\x00\x00\x06\x00\
\x00\x00\x18New Version {\
} Available\x07\x00\x00\x00\x03\
app\x01\x03\x00\x00\x00\x06\xc5D\xb2\xc8\xc6\x94\x08\
\x00\x00\x00\x00\x06\x00\x00\x00\x02No\x07\x00\x00\x00\x03\
app\x01\x03\x00\x00\x00\x04\xc5\xc6\xc7L\x08\x00\x00\
\x00\x00\x06\x00\x00\x00\x04None\x07\x00\x00\x00\x03\
app\x01\x03\x00\x00\x00\x12\x00O\x00C\x00R\x00\
 \xc9\xc0\xc5\xf0\x00 \xc2\xdc\xac\x04\x08\x00\x00\x00\x00\
\x06\x00\x00\x00\x0bOCR Latency\
\x07\x00\x00\x00\x03app\x01\x03\x00\x00\x00\x0c\xc2\xe4\
\xd5\x89\xae0\x00 \xc5\xf4\xae0\x08\x00\x00\x00\x00\x06\
\x00\x00\x00\x0dOpen Launche\
r\x07\x00\x00\x00\x03app\x01\x03\x00\x00\x00*\xc5\
q\x00 \xc2\xe4\xd5\x89\xae0\xb9|\x00 \xc5\xf4\xc5\
\xb4\x00 \xc5\xc5\xb3p\xc7t\xd2\xb8\xb9|\x00 \xad\
\x00\xb9\xac\xd5i\xb2\xc8\xb2\xe4\x08\x00\x00\x00\x00\x06\x00\
\x00\x00'Open the app \
launcher to mana\
ge updates\x07\x00\x00\x00\x03a\
pp\x01\x03\x00\x00\x00\x04\xc7\x91\xc5\xc5\x08\x00\x00\x00\
\x00\x06\x00\x00\x00\x09Operation\x07\
\x00\x00\x00\x03app\x01\x03\x00\x00\x00\x1e\xac\x8c\xc7\
\x84\xc7t\x00 \xc8\x85\xb8\xcc\xb4\x18\xc5\xb4\x00 \xc7\
|\xc2\xdc\x00 \xc9\x11\xc9\xc0\xb4(\x08\x00\x00\x00\x00\
\x06\x00\x00\x00\x1aPaused beca\
use game exited\x07\
\x00\x00\x00\x03app\x01\x03\x00\x00\x00<\xac\x8c\xc7\
\x84\x00 \xcc=\xc7t\x00 \xcd\x5c\xc1\x8c\xd6T\xb4\
\x18\xc5\xc8\xacp\xb0\x98\x00 \xd6T\xbat\x00 \xbc\
\x16\xc5\xd0\x00 \xc7\x88\xc5\xb4\x00 \xc7|\xc2\xdc\x00\
 \xc9\x11\xc9\xc0\xb4(\x00!\x08\x00\x00\x00\x00\x06\x00\
\x00\x009Paused becaus\
e game window is\
 minimized or ou\
t of screen!\x07\x00\x00\x00\
\x03app\x01\x03\x00\x00\x00\x0c\xc11\xb2\xa5\x00 \
\xd1L\xc2\xa4\xd2\xb8\x08\x00\x00\x00\x00\x06\x00\x00\x00\x10\
Performance Test\
\x07\x00\x00\x00\x03app\x01\x03\x00\x00\x00D\x00M\
\x00u\x00M\x00u\x00P\x00l\x00a\x00y\x00e\
\x00r\x00 \xc1$\xc8\x15\xc5\xd0\xc1\x1c\x00 \xbc1\
\xad\xf8\xb7|\xc6\xb4\xb4\xdc\x00 \xc7 \xc9\xc0\x00 \
\xd6\x5c\xc11\xd6T\xb9|\x00 \xae\xbc\xc8\xfc\xc18\
\xc6\x94\x08\x00\x00\x00\x00\x06\x00\x00\x00CPlea\
se turn off enab\
le background ke\
ep alive in MuMu\
Player settings\x07\
\x00\x00\x00\x03app\x01\x03\x00\x00\x00\x12\xcc\x98\xb9\
\xac\x00 \xd5\x04\xb8\x08\xc7\x84\x00 \xc1\x8d\xb3\xc4\x08\
\x00\x00\x00\x00\x06\x00\x00\x00\x12Process\
 Frame Rate\x07\x00\x00\x00\x03\
app\x01\x03\x00\x00\x00&\xcc\x98\xb9\xac\xb4\x1c\x00\
 \xc6$\xbc\x84\xb8\x08\xc7t\x00 \xc5\xc5\xb3p\xc7\
t\xd2\xb8\x00 \xac\x04\xac\xa9\x00(\xcd\x08\x00)\x08\
\x00\x00\x00\x00\x06\x00\x00\x00)Seconds\
 between process\
ed overlay updat\
es\x07\x00\x00\x00\x03app\x01\x03\x00\x00\x00\x0a\
\xc5H\xc8\x15\x00 \xbc\x84\xc8\x04\x08\x00\x00\x00\x00\x06\
\x00\x00\x00\x0eStable Versi\
on\x07\x00\x00\x00\x03app\x01\x03\x00\x00\x00\x10\
\xc5q\x00 \xc2\xdc\xc7\x91\x00 \xc6\x08\xc6x\x00:\
\x08\x00\x00\x00\x00\x06\x00\x00\x00\x14Start \
App Exception:\x07\x00\
\x00\x00\x03app\x01\x03\x00\x00\x00\x0e\xb2\xe4\xc6\xb4\
\xb8\x5c\xb4\xdc\x00 \xc2\xdc\xc7\x91\x08\x00\x00\x00\x00\x06\
\x00\x00\x00\x11Start downlo\
ading\x07\x00\x00\x00\x03app\x01\x03\x00\
\x00\x000\xb8\x5c\xad\xf8\xc7x\xd5`\x00 \xb5L\x00\
 \xc5q\x00 \xc2\xe4\xd5\x89\xae0\xb9|\x00 \xc7\
\x90\xb3\xd9\xc7<\xb8\x5c\x00 \xc2\xdc\xc7\x91\xd5i\xb2\
\xc8\xb2\xe4\x08\x00\x00\x00\x00\x06\x00\x00\x001Sta\
rt the launcher \
automatically wh\
en you sign in\x07\x00\
\x00\x00\x03app\x01\x03\x00\x00\x00\x0a\xc2\xdc\xc7\x91\
\x00/\xc9\x11\xc9\xc0\x08\x00\x00\x00\x00\x06\x00\x00\x00\x0a\
Start/Stop\x07\x00\x00\x00\x03a\
pp\x01\x03\x00\x00\x00\x06\xc9\x11\xc9\xc0\xb4(\x08\x00\
\x00\x00\x00\x06\x00\x00\x00\x07Stopped\x07\
\x00\x00\x00\x03app\x01\x03\x00\x00\x00@\xc7\x91\xc5\
\xc5\xc7t\x00 \xc11\xac\xf5\xc8\x01\xc7<\xb8\x5c\x00\
 \xc2\xe4\xd5\x89\xb4\x18\xc5\xc8\xc2\xb5\xb2\xc8\xb2\xe4\x00\
.\x00 \xac\x8c\xc7\x84\xac\xfc\x00 \xc5q\xc7D\x00\
 \xc8\x85\xb8\xcc\xd5i\xb2\xc8\xb2\xe4\x00!\x08\x00\x00\
\x00\x00\x06\x00\x00\x001Successfu\
lly Executed Tas\
k, Exiting Game \
and App!\x07\x00\x00\x00\x03app\
\x01\x03\x00\x00\x00.\xb2\xe4\xc5\x91\xd5\x5c\x00 \x00W\
\x00i\x00n\x00d\x00o\x00w\x00s\x00 \xce\xa1\
\xcc\x98\x00 \xbc)\xc2\xdd\x00 \xac\x04\xc5\xd0\x00 \
\xc8\x04\xd6X\x08\x00\x00\x00\x00\x06\x00\x00\x000Sw\
itch between dif\
ferent Windows c\
apture methods\x07\x00\
\x00\x00\x03app\x01\x03\x00\x00\x00 \xb3\x00\xc0\xc1\
\x00 \xcc=\x00 \xd6\x5c\xc11\xd6T\x00:\x00 \
\xb1y\xd6T\x00 \xc7\xac\xac\x1c\xb4(\x08\x00\x00\x00\
\x00\x06\x00\x00\x00'Target win\
dow active: Reco\
rding resumed\x07\x00\x00\
\x00\x03app\x01\x03\x00\x00\x00&\xb3\x00\xc0\xc1\x00\
 \xcc=\x00 \xbeD\xd6\x5c\xc11\x00:\x00 \xb1\
y\xd6T\x00 \xc7|\xc2\xdc\x00 \xc8\x15\xc9\xc0\xb4\
(\x08\x00\x00\x00\x00\x06\x00\x00\x00(Targe\
t window inactiv\
e: Recording pau\
sed\x07\x00\x00\x00\x03app\x01\x03\x00\x00\x00\
\x06\xd1M\xc2\xa4\xd2\xb8\x08\x00\x00\x00\x00\x06\x00\x00\x00\
\x05Texts\x07\x00\x00\x00\x03app\x01\x03\
\x00\x00\x006\xd6\x04\xc7\xac\x00 \xbc\x84\xc8\x04\x00 \
\x00{\x00}\xc7@\x00(\xb2\x94\x00)\x00 \xbc\x18\
\xb4\xdc\xc2\xdc\x00 \xc5\xc5\xb3p\xc7t\xd2\xb8\xd5t\
\xc5|\x00 \xd5i\xb2\xc8\xb2\xe4\x08\x00\x00\x00\x00\x06\
\x00\x00\x00&The current \
version {} must \
be updated\x07\x00\x00\x00\x03a\
pp\x01\x03\x00\x00\x00\x0c\xd2\xb8\xb9\xac\xacp\x00 \
\xac\x04\xac\xa9\x08\x00\x00\x00\x00\x06\x00\x00\x00\x10Tr\
igger Interval\x07\x00\
\x00\x00\x03app\x01\x03\x00\x00\x00\x0a\xc5\xc5\xb3p\
\xc7t\xd2\xb8\x00:\x08\x00\x00\x00\x00\x06\x00\x00\x00\x08\
Updates:\x07\x00\x00\x00\x03app\
\x01\x03\x00\x00\x00\x16\x00D\x00i\x00r\x00e\x00c\
\x00t\x00M\x00L\x00 \xc0\xac\xc6\xa9\x08\x00\x00\x00\
\x00\x06\x00\x00\x00\x0cUse Direct\
ML\x07\x00\x00\x00\x03app\x01\x03\x00\x00\x00\x1e\
\x00G\x00P\x00U\xb9|\x00 \xc0\xac\xc6\xa9\xd5X\
\xc5\xec\x00 \xc11\xb2\xa5\x00 \xd5\xa5\xc0\xc1\x08\x00\
\x00\x00\x00\x06\x00\x00\x00\x1eUse GPU \
to Improve Perfo\
rmance\x07\x00\x00\x00\x03app\x01\x03\
\x00\x00\x00\x08\xcc=\x00 \xc1$\xc8\x15\x08\x00\x00\x00\
\x00\x06\x00\x00\x00\x0dWindow Con\
fig\x07\x00\x00\x00\x03app\x01\x03\x00\x00\x00\
\x1a\x00W\x00i\x00n\x00d\x00o\x00w\x00s\x00\
 \xce\xa1\xcc\x98\x00 \xbc)\xc2\xdd\x08\x00\x00\x00\x00\
\x06\x00\x00\x00\x0fWindows Cap\
ture\x07\x00\x00\x00\x03app\x01\x03\x00\x00\
\x00\x02\xc6\x08\x08\x00\x00\x00\x00\x06\x00\x00\x00\x03Ye\
s\x07\x00\x00\x00\x03app\x01\x03\x00\x00\x00\x0a\x00\
{\x00}\x00 \xb7\xf0\xcc\x98\x08\x00\x00\x00\x00\x06\x00\
\x00\x00\x0b{} Launcher\x07\x00\
\x00\x00\x03app\x01\
\x00\x00\xc20\
<\
\xb8d\x18\xca\xef\x9c\x95\xcd!\x1c\xbf`\xa1\xbd\xdd\xa7\
\x00\x00\x00\x05zh_CNB\x00\x00\x158\x00\x00\
\x05;\x00\x00\x07\xe3\x00\x00\x05;\x00\x00'\x88\x00\x00\
\x05;\x00\x00\x8f\x04\x00\x00\x05C\x00\x00\x84\x16\x00\x00\
\x05O\x00\x00E\x95\x00\x00\x05O\x00\x00\xa4\x9d\x00\x00\
\x07\xb2\x00\x00>\x83\x00\x005\xa8\x00\x00\x09\xdb\x00\x00\
5\xa8\x00\x00RN\x00\x00E\x82\x00\x00\x1fX\x00\x00\
G\xa4\x00\x00\x04\xc7\x00\x00G\xa4\x00\x00O{\x00\x00\
Ih\x00\x00\x1f\xda\x00\x00Ja\x00\x00F\x22\x00\x00\
Q\xc9\x00\x00&\x03\x00\x00S\x82\x00\x00\x17C\x00\x00\
S\x82\x00\x00'_\x00\x00S\x82\x00\x00\x83W\x00\x00\
V\xfe\x00\x00HV\x00\x00Y\xbe\x00\x00*\x0d\x00\x00\
[\xb3\x00\x00h\x5c\x00\x00_\xc3\x00\x00E\xc2\x00\x00\
_\xc3\x00\x00\xac\x88\x00\x00hp\x00\x00Z/\x00\x00\
ih\x00\x000\xf9\x00\x00u\xa2\x00\x00;\xac\x00\x04\
<4\x00\x00\x8e\xcc\x00\x04\x8c\xaf\x00\x00\x97\xb4\x00\x04\
\x93\xc2\x00\x00\x9aE\x00\x04\x98,\x00\x00\x10\xf6\x00\x04\
\x9c\xb9\x00\x00f\xc5\x00\x04\xa6y\x00\x00\x12\xe8\x00\x04\
\xa8\x8b\x00\x00\x05\xf6\x00\x04\xa8\x8b\x00\x00l\xb4\x00\x04\
\xa9\x03\x00\x00\x0b\xf0\x00\x04\xa9\x03\x00\x00S\xdf\x00\x04\
\xb8w\x00\x00G\xa0\x00\x04\xbb\x04\x00\x00\x88\x06\x00\x04\
\xcf\x04\x00\x00JX\x00\x04\xd0%\x00\x00#\xbe\x00\x04\
\xec0\x00\x00m\x83\x00\x04\xf6\xc2\x00\x00\x0c#\x00\x04\
\xf6\xc2\x00\x00T\x12\x00\x05\x04\xcf\x00\x00J\x7f\x00\x05\
\x04\xcf\x00\x00Y\x0a\x00\x05\x04\xcf\x00\x00\x8a\xa0\x00\x05\
\x04\xcf\x00\x00\x94\xb3\x00\x05\x04\xcf\x00\x00\xa0\xeb\x00\x05\
VE\x00\x00\xa4\xb9\x00\x05d\x95\x00\x00\x0dB\x00\x05\
d\x95\x00\x00Ul\x00\x05d\x95\x00\x00c\x8d\x00\x05\
\x98\xc5\x00\x00*4\x00\x05\x98\xc5\x00\x00\x90\x0c\x00\x05\
\xab`\x00\x00,E\x00\x05\xab`\x00\x00\x87\x05\x00\x05\
\xab`\x00\x00\x89*\x00\x06\x87\x9b\x00\x000\xd1\x00\x06\
\xd0D\x00\x004\x93\x00\x07F\xc5\x00\x00:\xe7\x00\x0a\
\xf2\xce\x00\x00h\xa7\x00\x0bN\x8e\x00\x00}H\x00\x16\
\xad\x8d\x00\x00\x17\xd4\x00\x18Y\x81\x00\x00|\xa5\x00\x18\
\xed\xf2\x00\x00\x9c\x80\x00&\x9ed\x00\x007\xb0\x00+\
d\x91\x00\x00q#\x00=G\xa5\x00\x00n6\x00=\
\xfa\x15\x00\x00\x07\x1d\x00C\x00\xa7\x00\x00w#\x00D\
'\xc5\x00\x00;\x13\x00G\x96\xc4\x00\x00Iz\x00G\
\x96\xc4\x00\x00k\x0d\x00H,\x94\x00\x00\x95\xe7\x00I\
\xf0A\x00\x00\x9c\x07\x00J+\x82\x00\x00GR\x00J\
6\x95\x00\x00Gy\x00Jd\x95\x00\x005\xf6\x00J\
\x809\x00\x00\x0b\xba\x00J\x809\x00\x00S\xa9\x00J\
\x809\x00\x00b0\x00J\xb9\xb7\x00\x00J\x04\x00J\
\xb9\xb7\x00\x00\x81h\x00J\xb9\xb7\x00\x00\x93\xd7\x00K\
Q\x15\x00\x00\x18(\x00L\x99b\x00\x00J0\x00L\
\x99b\x00\x00\x5c\xda\x00L\x99b\x00\x00\x85\xc7\x00L\
\x99b\x00\x00\x9d\xb4\x00N\xbf\xa5\x00\x00$_\x00O\
l\x93\x00\x00\x0cV\x00Ol\x93\x00\x00TE\x00R\
\xfd\xf4\x00\x00\x06\x22\x00R\xfd\xf4\x00\x00m\xd5\x00T\
l\x95\x00\x00&\xc4\x00V\x80\x04\x00\x00\xa1\x0b\x00V\
\x8c\x95\x00\x00H/\x00V\x8c\x95\x00\x00p\xfc\x00V\
\x8c\x95\x00\x00\x86\x89\x00V\x8c\x95\x00\x00\x88\x86\x00V\
\xae\xc2\x00\x00(<\x00X\xb7\xb9\x00\x00c\xbb\x00Y\
\xe8\x85\x00\x00Fy\x00Z\x8a#\x00\x00L`\x00Z\
\xa8\x94\x00\x00r\x08\x00Z\xa8\x94\x00\x00\x86\xdc\x00Z\
\xa8\x94\x00\x00\x89\x04\x00Z\xcf\xb3\x00\x00\xaa\xa7\x00Z\
\xec5\x00\x00\x06O\x00\x5cV\xfe\x00\x00H\xa3\x00\x5c\
\x83\xb5\x00\x00Ye\x00\x5c\x83\xb5\x00\x00\x8b\x1b\x00i\
2\xb4\x00\x003)\x00j/\x9b\x00\x002P\x00v\
vN\x00\x00-'\x00v\x8c\x95\x00\x00<\x11\x00z\
+\xc0\x00\x00=\x94\x00z\xe0e\x00\x00>$\x00}\
\x9e\x01\x00\x00v\xb1\x00\x81(i\x00\x00e\x1f\x00\x85\
7\xe7\x00\x00E`\x00\x8d\x9c\x0e\x00\x00i\x09\x00\x97\
\x96\x04\x00\x00b\x8f\x00\x97\x96\x04\x00\x00\x87\xdb\x00\xaf\
\x88w\x00\x00\x01q\x00\xc0\xb8\x84\x00\x005k\x00\xcd\
&\x11\x00\x00\x003\x01\x10\xaa^\x00\x00L+\x01!\
\xadg\x00\x00^\x87\x01*\xd0\x97\x00\x00\x08}\x01*\
\xd0\x97\x00\x00@\x8e\x01*\xd0\x97\x00\x00@\xc7\x01*\
\xd0\x97\x00\x00\x88\xac\x016$q\x00\x00~x\x01<\
\xdf5\x00\x00\xab\xb6\x01?\xf9>\x00\x00\x9c\xe3\x01@\
\x1dG\x00\x00H\xfc\x01C`n\x00\x00*\xc6\x01L\
\x05#\x00\x00\x93`\x01c\xaa\x09\x00\x00\x0e\xee\x01c\
\xaa\x09\x00\x00Wd\x01d\xa2o\x00\x00/\x04\x01t\
#\xfd\x00\x00\x90a\x01\x80\xad\x22\x00\x00p\xc8\x01\x80\
\xad\x22\x00\x00\x82\xf5\x01\xaa\xde>\x00\x00\xa1\xdd\x01\xb8\
\x13D\x00\x00\x1f\x10\x01\xc1\xf0\x05\x00\x00aE\x01\xca\
E\x8f\x00\x00\x05U\x01\xcaE\x8f\x00\x00\x8b\xa3\x01\xd4\
VT\x00\x00\xa5\xb1\x01\xd7k\xaa\x00\x00\xa7\xfe\x01\xe7\
\xf5T\x00\x00l]\x01\xfb0\xd4\x00\x00\x81\xfa\x02\x06\
F5\x00\x00=\xf0\x02\x0b\x08\x8e\x00\x00L\xb4\x02\x19\
\xde;\x00\x00[\xba\x02\x1b7N\x00\x00Z\xf6\x02.\
@\xa1\x00\x00M\xe4\x021\xe1\x8e\x00\x00B%\x024\
\xfb\xbe\x00\x00$\xf2\x026R\xd4\x00\x00\x16n\x026\
R\xd4\x00\x00Z[\x028s\xd2\x00\x001\x22\x028\
\xd4R\x00\x00\x9d\x85\x02;\xe2\x87\x00\x00\x96K\x02C\
\x04~\x00\x00.\x00\x02l\x99\x03\x00\x00\xa7u\x02q\
6u\x00\x00\x98\x15\x02v\xb8\x09\x00\x00g\xd3\x02\xad\
pR\x00\x00O\x04\x02\xc1A\xe9\x00\x00\x16\xa4\x02\xd9\
@\xf9\x00\x00\xa4\xd7\x02\xdc Q\x00\x00\x9fM\x02\xe7\
 \xf5\x00\x00\x05\xbb\x02\xe7 \xf5\x00\x00 a\x02\xe7\
 \xf5\x00\x00X\x99\x02\xe7 \xf5\x00\x00\x8c,\x02\xf6\
\xbc\x8a\x00\x00\x19\xa7\x03\x00(\x14\x00\x00\xa9\xfa\x03\x09\
\xa2\x9e\x00\x00-\xb7\x03\x15*u\x00\x00#\x88\x03%\
\xdek\x00\x00^\xd9\x03CL9\x00\x00#\xe6\x03K\
\xef\xe5\x00\x00<\xc5\x03O\x17\x85\x00\x00?9\x03P\
\xba\x9e\x00\x00J\xa6\x03S\xb0\xcb\x00\x00\x0a\xea\x03W\
\xb0\x17\x00\x00\x7f\x8e\x03X\x11u\x00\x00l*\x03]\
\xe0\x17\x00\x00&*\x03d\xa1\xce\x00\x00G\xc6\x03v\
\xe01\x00\x00wi\x03\x81\xa9]\x00\x00\x1c\xad\x03\x8d\
\x17\xe3\x00\x00\x82T\x03\x9d\xfdE\x00\x00i\xe0\x03\xab\
G\xff\x00\x00W\xbc\x03\xc5\xefz\x00\x00 +\x03\xcc\
\xfa\xa3\x00\x00\x02\x15\x03\xcdG\xa5\x00\x006&\x03\xee\
\xf3\xfa\x00\x00*\x90\x04\x14S\xf5\x00\x00\x11\xfb\x04\x1b\
\xf0d\x00\x00\xa6r\x04\x1d\xf6~\x00\x00Z\xa0\x04(\
U\xc4\x00\x00\xaaO\x046\x07\xc4\x00\x00\x14\xab\x04K\
+\x03\x00\x00O\xa7\x04L\xedM\x00\x00\x95\x89\x04d\
`5\x00\x00:D\x04e\xafi\x00\x00\x0c\xc1\x04e\
\xafi\x00\x00U4\x04e\xafi\x00\x00c&\x04l\
u\x90\x00\x00P\xf4\x04r\x80\xd4\x00\x00Xg\x04r\
\x80\xd4\x00\x00\x8aF\x04r\xd0\x03\x00\x00L\x88\x04\x87\
p\xc8\x00\x005\xad\x04\x8f\x07Y\x00\x00g\x0b\x04\x90\
\x894\x00\x00e\xbf\x04\x94\xa8\x84\x00\x00w\xdf\x04\x98\
I\xbc\x00\x00\x04\xf4\x04\x98I\xbc\x00\x00\x06\xf4\x04\x98\
I\xbc\x00\x00\x08\xb0\x04\x98I\xbc\x00\x00\x0a|\x04\x98\
I\xbc\x00\x00\x0fF\x04\x98I\xbc\x00\x00 \x01\x04\x98\
I\xbc\x00\x00@\xff\x04\x98I\xbc\x00\x00A\xc0\x04\x98\
I\xbc\x00\x00O\xe5\x04\x98I\xbc\x00\x00R\xef\x04\x98\
I\xbc\x00\x00\x5c\x10\x04\x98I\xbc\x00\x00\x8b>\x04\x98\
I\xbc\x00\x00\x8c\x02\x04\x98I\xbc\x00\x00\x9b\x84\x04\x99\
n\x95\x00\x00Dc\x04\xa0\xb2*\x00\x00+\xfc\x04\xa1\
L\x85\x00\x00+\xbe\x04\xa2\xcb\xd7\x00\x00k5\x04\xa8\
\xb8\xa5\x00\x00\x0a\xb3\x04\xac,\xa5\x00\x00\x5cu\x04\xac\
,\xa5\x00\x00b_\x04\xac,\xa5\x00\x00\x87\x84\x04\xac\
,\xa5\x00\x00\x8cb\x04\xac\xab]\x00\x00\x0b7\x04\xac\
\xab]\x00\x00S&\x04\xac\xab]\x00\x00a\xfe\x04\xc2\
\x8f\xa2\x00\x00\x82)\x04\xc4y%\x00\x00\x89\xea\x04\xcf\
v\x94\x00\x00\x22\xa0\x04\xd1\x1fR\x00\x00\x83(\x04\xd5\
P\xa4\x00\x007\x80\x04\xd5Z\xc4\x00\x008 \x04\xd5\
n\xc4\x00\x008\x81\x04\xd5\xe9\xa9\x00\x00\x1a\x82\x04\xe0\
\x8f\xb2\x00\x00FJ\x04\xe3X|\x00\x00\xa0\x1b\x04\xe6\
\xf1\xdf\x00\x00\x92\x9d\x04\xedY\xc4\x00\x00\x162\x04\xf4\
\x18N\x00\x00,\x98\x04\xf6\x91\xc9\x00\x00\xa0=\x04\xfa\
\x12\xa3\x00\x00\xa3Z\x05\x14\x8d9\x00\x00N\xc0\x05\x17\
60\x00\x00&\xed\x05\x1d\xcf\x09\x00\x00\x99\xa4\x05\x22\
?\xe9\x00\x00n|\x05#k\x81\x00\x00\x855\x05(\
J\xd3\x00\x00G\x22\x051\x10\xbe\x00\x00=,\x056\
\x8ay\x00\x00\x9b\xd8\x058\x92\xc0\x00\x00\x8d\xe3\x05<\
F\x99\x00\x00\xa38\x05@\x5c\xa5\x00\x00\x0c\x8c\x05@\
\x5c\xa5\x00\x00T{\x05B\xdd\xac\x00\x00\xab~\x05E\
\xaf\xd9\x00\x00P\x93\x05E\xaf\xd9\x00\x00Q\xd4\x05E\
\xaf\xd9\x00\x00T\xb0\x05E\xaf\xd9\x00\x00b\xf6\x05K\
\xe0\xd4\x00\x00\x81<\x05_/R\x00\x007\xee\x05f\
j\xa7\x00\x00\xa88\x05o/\xe3\x00\x00]\x91\x05v\
*I\x00\x00V$\x05{\x90\x15\x00\x00\x14.\x05\x80\
W\xc4\x00\x00j\xb7\x05\x8b\xa6\x84\x00\x00(\xcb\x05\x8c\
F\xc5\x00\x00Q$\x05\x8c\xac5\x00\x00H{\x05\x8c\
\xac5\x00\x00\x86\xb2\x05\x8c\xac5\x00\x00\x88\xdd\x05\x8e\
c\xb5\x00\x00\x98\xe2\x05\x93\xca\x17\x00\x00g\x96\x05\x9a\
\x90t\x00\x00K\xd7\x05\x9c}.\x00\x00\x91)\x05\xa6\
\xecX\x00\x004\xbb\x05\xaa\x8b\xc3\x00\x00d\x1d\x05\xac\
\xdcQ\x00\x00\x03\xe2\x05\xb4\x98\xde\x00\x00(e\x05\xbd\
\xf7S\x00\x006\xd4\x05\xc6\xa8\xa5\x00\x00M\x92\x05\xd4\
\x8fX\x00\x002\xa8\x05\xd6\x03\xff\x00\x009\xad\x05\xdb\
\xc29\x00\x00\x0e\xb7\x05\xdb\xc29\x00\x00W-\x05\xdb\
\xc29\x00\x00d\xef\x05\xdd\xf9D\x00\x00$\x88\x05\xdf\
\xba\xba\x00\x00\x08\x08\x05\xe0Kg\x00\x00/\xf7\x05\xe7\
\x0c5\x00\x00m\xfd\x06\x09\xcd\xf4\x00\x00{S\x06#\
\xc0[\x00\x00=\xbd\x06,\xce\xa9\x00\x00'\xae\x06.\
!\xe5\x00\x00>M\x06.\x8e)\x00\x00xX\x06C\
\x1f\x15\x00\x00\xa3\x0b\x06K\x02\xa5\x00\x00\x14\xe0\x06Q\
V\xe9\x00\x00\xa0a\x06\x5c\xd6\x95\x00\x00[x\x06e\
2`\x00\x00=a\x06e\xa0.\x00\x00QS\x06\x80\
\xab\x84\x00\x00$\xbd\x06\x816D\x00\x00\xa4\x14\x06\x95\
x>\x00\x00k\xd1\x06\xa2\x1a]\x00\x00\x87-\x06\xa8\
\xa9\xaa\x00\x00\xabT\x06\xacWc\x00\x006\xa2\x06\xae\
\xa4>\x00\x00\x8eV\x06\xb0\xbe\xae\x00\x00\x02H\x06\xb0\
\xbe\xae\x00\x00\xa7\xd2\x06\xb5\x04\x22\x00\x007\x15\x06\xb8\
\x91\xde\x00\x00+}\x06\xbb]a\x00\x00|\x04\x06\xc4\
y%\x00\x003\xf2\x06\xc9\xb1\x80\x00\x00:\xb7\x06\xd0\
\xbaQ\x00\x00\xa12\x06\xe3v\xd4\x00\x003X\x06\xe8\
\xc3G\x00\x00vM\x07\x02\x06\x83\x00\x00\x9c(\x07\x05\
\xe4d\x00\x00\x9f\x97\x07\x09W\xa2\x00\x008\xe3\x07\x0c\
HY\x00\x00\x19\xdd\x07\x11\x5c$\x00\x00\x15\xdf\x07\x1f\
\x97[\x00\x00!J\x074'\x12\x00\x00N\x88\x077\
3\xdb\x00\x00\x9e\xa2\x07Io~\x00\x00\x9f\xc0\x07P\
\xb3\xaa\x00\x00$-\x07Wf\x07\x00\x00\x97\xd4\x07^\
\xb4t\x00\x00\x9f\xf1\x07h\x80$\x00\x00\x11P\x07\x85\
\x93\xd1\x00\x00\x93\x1d\x07\x9a\x96,\x00\x00<\x9b\x07\xa9\
\xbc\x84\x00\x00a\x90\x07\xab\x06\x13\x00\x00a\xcd\x07\xab\
\x08\x98\x00\x00>\xff\x07\xab\x1aR\x00\x00?y\x07\xb4\
5q\x00\x00}\xdd\x07\xb5\xe2\xfb\x00\x00\x09\x0b\x07\xb5\
\xe2\xfb\x00\x00 \xc2\x07\xb7U\xe4\x00\x00r\xf7\x07\xdf\
\x0e\xf3\x00\x00\x14k\x07\xe3\xfd\x9b\x00\x00^\x1a\x07\xe5\
$\xf3\x00\x00\x9d`\x08\x03\xeft\x00\x00\x083\x08\x09\
\x7fd\x00\x00\x07\xab\x08\x0abr\x00\x00?\xef\x08\x0f\
tN\x00\x00\xa8m\x08\x18B%\x00\x00\xa4Y\x087\
\x99\xfd\x00\x00\x98\x97\x08=\xe1s\x00\x00kf\x08B\
\xf3Q\x00\x00\x9d \x08E=\x0e\x00\x00\x00\xaf\x08E\
=\x0e\x00\x00\x9a\x1b\x08Fk\xe2\x00\x00\xac\xa5\x08J\
\x95A\x00\x00uL\x08K\x95\xb4\x00\x00\x80J\x08N\
\xb2\xf5\x00\x00m\xaa\x08i5\xf4\x00\x00\xaa\xd0\x08i\
\x8d\x8c\x00\x000!\x08n\xd9n\x00\x00\x7f\xc2\x08u\
`l\x00\x00\xab\x22\x08\x80K\xf7\x00\x00r\x96\x08\x81\
(\x11\x00\x00z\xc5\x08\x89)\xf9\x00\x00NS\x08\x96\
\x1e\x8c\x00\x00o\xcd\x08\x9aE\xee\x00\x007H\x08\xa2\
\x93\xc7\x00\x00\x95W\x08\xb3\xba}\x00\x00\x1b\x1e\x08\xb4\
\xac\x0e\x00\x00sC\x08\xbah\xc3\x00\x00IS\x08\xbd\
\x8c\xc8\x00\x00_\x22\x08\xbd\x8c\xc8\x00\x00q\x8b\x08\xbd\
\x8c\xc8\x00\x00\x84;\x08\xc2\xb8\xc5\x00\x00KM\x08\xc2\
\xb8\xc5\x00\x00\x94\xdb\x08\xc4\x9b\xe2\x00\x00\xa2\xe5\x08\xcc\
e\x97\x00\x00\x84c\x08\xce\x01\x9e\x00\x00;|\x08\xd6\
t\x12\x00\x00\x84\x92\x08\xfd\xd9#\x00\x00Me\x09\x06\
\xb5i\x00\x00\x91\xde\x09\x0bI\xc9\x00\x00\x222\x09\x16\
(\xb1\x00\x00yk\x09)\xe2\x83\x00\x00pS\x09)\
\xe2\x83\x00\x00\x82\x87\x09+`\xfc\x00\x00f\x11\x090\
\x8f%\x00\x00\x94\x02\x096vN\x00\x00-o\x09>\
\xbd\xfe\x00\x00\x127\x09?h\x89\x00\x00\x0a\x15\x09?\
h\x89\x00\x00R\x88\x09J*\xb9\x00\x00\x03\x09\x09Q\
\xd8\xce\x00\x00\x8d\x16\x09Z\x7f\xad\x00\x00\x90\xe3\x09\x5c\
\xa9e\x00\x00\x00\x00\x09`\x06\xb5\x00\x00\x0d\xb7\x09`\
\x06\xb5\x00\x00U\xa1\x09a~\xb5\x00\x00r/\x09k\
\xd7]\x00\x00\x00\xde\x09m\xf9T\x00\x00\x22\xca\x09q\
\x01\xe0\x00\x00\xa8\xce\x09\x87\xbc\xc5\x00\x00I\xa2\x09\x87\
\xbc\xc5\x00\x00o\xfe\x09\x87\xbc\xc5\x00\x00\x80t\x09\x88\
\xbd\xa3\x00\x00l\xdb\x09\x8cu\xff\x00\x00\x904\x09\x91\
\xe0\x92\x00\x009\x15\x09\x9cu\xa3\x00\x00\x18\xca\x09\x9d\
\x14\x84\x00\x00\x18\x8b\x09\xaa\xaa\x89\x00\x00\x8f\x89\x09\xb2\
\xf0\x1e\x00\x00:\x85\x09\xb8\x9e\x89\x00\x00Y\x8f\x09\xc5\
P\x17\x00\x00Y5\x09\xc5P\x17\x00\x00c\xea\x09\xc5\
P\x17\x00\x00q\xb4\x09\xc5P\x17\x00\x00\x8a\xc4\x09\xc5\
\xb8\x8a\x00\x00\x96\xe2\x09\xd1\x8d\xf1\x00\x00{\xc3\x09\xd5\
\x1e\xb5\x00\x00\x10v\x09\xd5\x1e\xb5\x00\x00Vr\x09\xd5\
\x1e\xb5\x00\x00dM\x09\xd7\xa4d\x00\x001\x97\x09\xde\
\xd1\x8d\x00\x00s\xd6\x09\xeb\xbf\xb5\x00\x00K\xa8\x09\xfd\
]\xb5\x00\x00\x0ev\x09\xfd]\xb5\x00\x00V\xec\x09\xfd\
]\xb5\x00\x00d\x84\x0a\x10d-\x00\x00\x1a#\x0a\x1e\
e\xb4\x00\x00`\x86\x0a!\xa6o\x00\x00\x1f\x81\x0a\x22\
\xd2k\x00\x00<:\x0a/k\xbf\x00\x00\x19t\x0a0\
\xab\x94\x00\x00\x22\xff\x0a<j+\x00\x00\x0dw\x0a=\
\x0e\x95\x00\x00D\x96\x0a?#\x1b\x00\x00\x0f\xf5\x0a?\
#\x1b\x00\x00!\x83\x0a?#\x1b\x00\x00\x5c>\x0a?\
#\x1b\x00\x00\x8aq\x0a?j[\x00\x00!\xb6\x0a?\
j[\x00\x00\x5c\xa3\x0a?j[\x00\x00\x87\xab\x0aZ\
\xcc\xc5\x00\x00;L\x0a_\xbe\x83\x00\x005\x03\x0aa\
\x13>\x00\x00\x85\xf0\x0ad\xd0\xcd\x00\x00\x05$\x0ad\
\xd0\xcd\x00\x00\x08\xdd\x0ad\xd0\xcd\x00\x00\x0f\xc5\x0ad\
\xd0\xcd\x00\x00A^\x0ad\xd0\xcd\x00\x00A\xf2\x0ad\
\xd0\xcd\x00\x00ON\x0ad\xd0\xcd\x00\x00Pc\x0ad\
\xd0\xcd\x00\x00\x8bp\x0ad\xd0\xcd\x00\x00\x9c\xc0\x0ae\
\xb9\x1c\x00\x00 \x97\x0ah\xf6\xd5\x00\x0057\x0ai\
A\x82\x00\x00D\xd2\x0am\x82\xfc\x00\x00@%\x0at\
g\x19\x00\x00\x10-\x0av\x1d\x99\x00\x00&U\x0av\
Z2\x00\x00F\xfa\x0awr\xd7\x00\x00\x06|\x0ay\
_\x07\x00\x00.H\x0a\x84\xfb\xa8\x00\x000\x99\x0a\x95\
m\xe4\x00\x004 \x0a\x96ke\x00\x00\x0c\xf9\x0a\x9a\
\xaaZ\x00\x00\x01\xa6\x0a\xa2\xfa7\x00\x00\xac\x1c\x0a\xa7\
\xd1>\x00\x00B\x9f\x0a\xa8@\x11\x00\x00q\xdf\x0a\xad\
gY\x00\x00\x84\xc8\x0a\xb6v\xe4\x00\x00\xa8\xfa\x0a\xb9\
\x9c\xf3\x00\x00,m\x0a\xb9\x9c\xf3\x00\x00_\xc5\x0a\xb9\
\x9c\xf3\x00\x00\x91|\x0a\xbe J\x00\x00\x07Q\x0a\xbe\
I\x9e\x00\x00r_\x0a\xd0_d\x00\x00\x91\xa7\x0a\xd2\
\xc0\xe5\x00\x002\xf3\x0a\xd8\xc4\x11\x00\x00y(\x0a\xdb\
\x09\xe4\x00\x00\xa2l\x0a\xe1\xb0\x85\x00\x00\x9a\x93\x0a\xe7\
\x93\x14\x00\x00p\x84\x0a\xe8\xd6\x1e\x00\x00\x8f*\x0a\xeb\
f\x09\x00\x00D\x1d\x0a\xffe\xee\x00\x00\x8e\x0d\x0b\x00\
\xf9\x94\x00\x00\x11\x1b\x0b\x03\xc6\x94\x00\x00\x0e:\x0b\x03\
\xc6\x94\x00\x00V\xb0\x0b\x09yE\x00\x003\x93\x0b\x09\
ye\x00\x00\x89\xbe\x0b\x09\xa6\xc4\x00\x00E\xf0\x0b%\
\xf5\x11\x00\x00\x04\x9c\x0b08\xf9\x00\x00\x13\xba\x0b6\
\x01k\x00\x00]L\x0b6\x08+\x00\x00]\x07\x0bH\
B\xd9\x00\x00\x09\x8e\x0bHB\xd9\x00\x00R\x01\x0b`\
\xb6\xd5\x00\x00?\xbb\x0bc\xe2\x94\x00\x00u\xd6\x0bd\
\xdd\xbd\x00\x00#4\x0b\x883H\x00\x002!\x0b\x8f\
\xdd\xb2\x00\x00>\xa9\x0b\x91\x1f\xcc\x00\x00\x13M\x0b\x92\
\x14 \x00\x000\x5c\x0b\x997\x8e\x00\x00\x7f\x15\x0b\x9e\
\x96Y\x00\x00n\xfa\x0b\xab\x94\x0e\x00\x00\x80\xcf\x0b\xb4\
a>\x00\x00p'\x0b\xb7p\xde\x00\x00'\x1a\x0b\xbd\
\xf2c\x00\x00\x93\x9b\x0b\xc0\x05\xe4\x00\x00\x90\xb5\x0b\xc2\
\x05\xe4\x00\x00<m\x0b\xc5\x09q\x00\x00\x04q\x0b\xcb\
\x00\xae\x00\x00+3\x0b\xdb\x22C\x00\x00\x98H\x0b\xdd\
_i\x00\x00\x11\xb7\x0b\xe3\xea\x81\x00\x00\x95\x08\x0b\xee\
\x00\xe4\x00\x00F\xa7\x0c\x01\x9e\xd1\x00\x00\xa5\xf9\x0c\x04\
\xa05\x00\x00Ky\x0c\x04\xa05\x00\x00[I\x0c\x05\
\x83\x83\x00\x00\x18W\x0c\x05\x83\x83\x00\x00H\x00\x0c\x05\
\x83\x83\x00\x00\x83\xe8\x0c\x10\xbf.\x00\x00\x8c\x8c\x0c\x13\
\xf8\xce\x00\x00\x09?\x0c\x15*\xee\x00\x00t\xd4\x0c!\
\x99\xcb\x00\x00\x9d\xd5\x0c*$W\x00\x00A)\x0c*\
$W\x00\x00X/\x0c*$W\x00\x00\x81\x0a\x0c*\
$W\x00\x00\x8a\x15\x0cB\x17\xa3\x00\x00\x81\xc6\x0cC\
\xbb\xe2\x00\x00\x96\xb4\x0cG\x92\xf4\x00\x00b\xc3\x0cG\
\x92\xf4\x00\x00\x88+\x0cJfY\x00\x00<\xfc\x0cR\
V\x8e\x00\x00d\xbe\x0cV\x8c\xe5\x00\x00>\xd4\x0cV\
\xb7\xad\x00\x00 \xf3\x0cX\x09e\x00\x00\xa7C\x0cZ\
\xcf\x1d\x00\x00\x16\xe5\x0c^T\xf9\x00\x00\x0fu\x0co\
\x11\x8b\x00\x00\x04G\x0cu\x02\xbe\x00\x00P\xc2\x0cu\
K\x99\x00\x00\x81\x92\x0cz\xc3\x9e\x00\x00\x13\x0d\x0cz\
\xdb7\x00\x00\xa3\xb3\x0c{\x85\x9f\x00\x00.\x81\x0c\x80\
\x8a\x83\x00\x00*\x5c\x0c\x84\xfes\x00\x00\xa9\x8e\x0c\x88\
\xfa>\x00\x00\xa5\x8c\x0c\x90\xd8\xbc\x00\x00\x9b\x07\x0c\x92\
\xbc\xa1\x00\x00z\x13\x0c\x97\x12\xac\x00\x00o\x9c\x0c\x98\
\x96\x9d\x00\x00\x15\xad\x0c\x9a\x01\xda\x00\x00/\x9e\x0c\xa1\
\xa9\x84\x00\x008\xb1\x0c\xa3\x80I\x00\x00N\x1c\x0c\xa4\
\x91\xb5\x00\x006a\x0c\xa8h\x87\x00\x00o5\x0c\xa9\
_$\x00\x00A\x89\x0c\xac\x14\xd9\x00\x00\x1d\x18\x0c\xbb\
\x01s\x00\x00L\x00\x0c\xbb\x01s\x00\x00n\xcf\x0c\xc9\
\xa0\x0e\x00\x00or\x0c\xce\x0f\x1f\x00\x00(\xf5\x0c\xdf\
\x8d\xc8\x00\x00\x06\xc3\x0c\xee\xd9[\x00\x00]\xd5\x0c\xf6\
\x5c\xfe\x00\x00cW\x0d\x04,\xaf\x00\x00;\xdd\x0d\x05\
Rs\x00\x00\x11\x83\x0d\x18\x90\xf2\x00\x00E \x0d\x1f\
N\x94\x00\x00_Q\x0d1\x07\xc5\x00\x00\xacI\x0d4\
\xb3\xee\x00\x00@W\x0d9\xd2\xae\x00\x00\x19\x01\x0dG\
c\xb4\x00\x00\x80\x9c\x0dL\xdb\xf1\x00\x00\xa9\x1f\x0dM\
\xb0\x9d\x00\x00\x10\xac\x0dU\x94\xe2\x00\x008P\x0dZ\
\xca\xe7\x00\x009K\x0d\x5c\xa9\x15\x00\x001\xd9\x0d\x5c\
\xec2\x00\x009|\x0d_\xd6C\x00\x003\xc2\x0d\x89\
P\x17\x00\x00/\xcc\x0d\x89P\x17\x00\x00C\xea\x0d\x93\
x%\x00\x00\x01\xde\x0d\xa1\xc7\xc9\x00\x00\x82\xb7\x0d\xac\
z\xf3\x00\x00\x12k\x0d\xb0\x8e\xd4\x00\x00jS\x0d\xc0\
\xcb\x94\x00\x00\x12\xaa\x0d\xc5\x9e\xbe\x00\x00iw\x0d\xd3\
\x034\x00\x00\x9eP\x0d\xd5\xf0#\x00\x00Q\x97\x0d\xd8\
\xc9)\x00\x00\x99Z\x0d\xdfb-\x00\x00\x1bh\x0d\xfc\
\x13'\x00\x009\xdd\x0e\x0dDn\x00\x00%b\x0e\x11\
\x9a\xe6\x00\x00\x9b8\x0e\x12\x05s\x00\x00\xa55\x0e\x17\
\x01\x1d\x00\x00\x1c*\x0e!}d\x00\x00\x89O\x0e/\
\xa2t\x00\x00\x13|\x0e1\xac*\x00\x00\x96\x08\x0e;\
\xcd\x81\x00\x00\xa2\xad\x0eD\xcd+\x00\x00T\xe7\x0eF\
\xc4\xc3\x00\x004Y\x0eb\xa1\xae\x00\x00\x9f\x13\x0ee\
@\x89\x00\x00\x92/\x0eg\x84\xbb\x00\x00:\x10\x0er\
\xa2\x0e\x00\x00)o\x0e\xafo\xc3\x00\x00\x88U\x0e\xb1\
7\x93\x00\x00_\x8b\x0e\xbf\xdf:\x00\x00\x07\x7f\x0e\xcb\
%\xa2\x00\x00I\xd0\x0e\xd3\x02\xed\x00\x00tT\x0e\xe1\
~\xa3\x00\x00\x0d\xf6\x0e\xe1~\xa3\x00\x00U\xe0\x0e\xe5\
x\x19\x00\x00\x15\x0f\x0e\xe8\x9b\xb2\x00\x00\xa5\x06\x0e\xf3\
\x11C\x00\x00\x99\xee\x0f\x03\xb7\xa1\x00\x00\x94w\x0f\x07\
gi\x00\x00_\xf4\x0f\x0e\x89.\x00\x00P\x14\x0f\x19\
\x22<\x00\x00\x0bp\x0f\x19\x22<\x00\x00S_\x0f \
s\xf1\x00\x00\x03\x97\x0f!o\xdd\x00\x00\x02y\x0f'\
\xf1\xfb\x00\x00\x03s\x0f'\xf1\xfb\x00\x00M\xbf\x0f3\
\x9a\x85\x00\x00\x8c\xce\x0f9@\xe8\x00\x00\x03\xbe\x0fL\
\xa1\xb3\x00\x00&\x8c\x0fW\xb8i\x00\x00`\xfb\x0fX\
\x1aC\x00\x00\xa6\xa2\x0fXZD\x00\x00X\xd2\x0fn\
1U\x00\x00f\x82\x0f\x85\xef\xbe\x00\x00,\xe0\x0f\x8a\
3\xb5\x00\x00k\x99\x0f\x93gi\x00\x00`=\x0f\x96\
\xf2!\x00\x00J\xd9\x0f\x98N\xf4\x00\x00\x8a\xed\x0f\x99\
+e\x00\x00\x9b\xa6\x0f\x9eH$\x00\x00\x99\x0d\x0f\xa1\
3H\x00\x002y\x0f\xadN]\x00\x00\x9ae\x0f\xc0\
w!\x00\x00\x04\x16\x0f\xc9X\x97\x00\x00H\xce\x0f\xc9\
X\x97\x00\x00\x85\x08\x0f\xcc\xa8\xc4\x00\x00!\xe9\x0f\xd2\
\xbb\xbd\x00\x00\x17m\x0f\xd2\xbb\xbd\x00\x00\x83\x81\x0f\xd4\
\x9eI\x00\x00\x8dP\x0f\xd5U\xb3\x00\x00r\xc0\x0f\xef\
/\xd4\x00\x00`\xc1\x0f\xf4\xee^\x00\x001d\x0f\xf5\
]#\x00\x00\x9e\x06i\x00\x00\xac\xd4\x03\x00\x00\x00\x08\
f\xf4e\xb0rHg,\x08\x00\x00\x00\x00\x06\x00\x00\
\x00\x0eVersion Update\
\x07\x00\x00\x00\x08@default\x01\x03\x00\
\x00\x00.\x00{\x00k\x00e\x00y\x00}\x00 \x8f\
\xd9y\xcdc\x09\x95.f/e\xe0eHv\x84\xff\
\x0c\x8b\xf7h\xc0g\xe5p\xed\x95.\x91M\x7fn\xff\
\x01\x08\x00\x00\x00\x00\x06\x00\x00\x001{key}\
 is invalid, ple\
ase check the ho\
tkey config!\x07\x00\x00\x00\
\x08@default\x01\x03\x00\x00\x00\x06m\
K\x8b\xd5rH\x08\x00\x00\x00\x00\x06\x00\x00\x00\x0cB\
eta Version\x07\x00\x00\x00\x08\
AboutTab\x01\x03\x00\x00\x00F\x96M\
~\xa7b\x10R\x9f\x00 \x00{\x00f\x00r\x00o\
\x00m\x00_\x00v\x00e\x00r\x00s\x00i\x00o\
\x00n\x00}\x00 \x00-\x00>\x00 \x00{\x00t\
\x00o\x00_\x00v\x00e\x00r\x00s\x00i\x00o\
\x00n\x00}\x08\x00\x00\x00\x00\x06\x00\x00\x000Do\
wngrade success \
{from_version} -\
> {to_version}\x07\x00\
\x00\x00\x08AboutTab\x01\x03\x00\x00\x00\
\x0aN\x0b\x8f}_\x00S\xd1rH\x08\x00\x00\x00\x00\
\x06\x00\x00\x00\x0eDownload De\
bug\x07\x00\x00\x00\x08AboutTab\
\x01\x03\x00\x00\x00\x0cN\x0b\x8f}\x95\x19\x8b\xef\x00:\
\x00 \x08\x00\x00\x00\x00\x06\x00\x00\x00\x0fDown\
load Error:\x07\x00\x00\x00\x08\
AboutTab\x01\x03\x00\x00\x00\x0aN\x0b\
\x8f}kc_\x0frH\x08\x00\x00\x00\x00\x06\x00\x00\
\x00\x10Download Relea\
se\x07\x00\x00\x00\x08AboutTab\x01\
\x03\x00\x00\x00\x08v\xf8Qs\x98yv\xee\x08\x00\x00\
\x00\x00\x06\x00\x00\x00\x0eOther Pro\
jects\x07\x00\x00\x00\x08AboutT\
ab\x01\x03\x00\x00\x00\x06kc_\x0frH\x08\x00\
\x00\x00\x00\x06\x00\x00\x00\x0eStable V\
ersion\x07\x00\x00\x00\x08About\
Tab\x01\x03\x00\x00\x00Ff\xf4e\xb0b\x10R\
\x9f\x00 \x00{\x00f\x00r\x00o\x00m\x00_\x00\
v\x00e\x00r\x00s\x00i\x00o\x00n\x00}\x00\
 \x00-\x00>\x00 \x00{\x00t\x00o\x00_\x00\
v\x00e\x00r\x00s\x00i\x00o\x00n\x00}\x08\
\x00\x00\x00\x00\x06\x00\x00\x00-Update \
success {from_ve\
rsion} -> {to_ve\
rsion}\x07\x00\x00\x00\x08About\
Tab\x01\x03\xff\xff\xff\xff\x08\x00\x00\x00\x00\x06\x00\
\x00\x00L\xe4\xbd\xa0\xe7\x9a\x84\xe6\xb8\xb8\xe6\x88\x8f\xe7\
\xbc\x96\xe5\x8f\xb7, \xe5\xa6\x82102630\
612345, \xe5\xb0\x86\xe4\xbc\x9a\xe7\xbb\
\x91\xe5\xae\x9a\xe6\xad\xa4\xe8\xb4\xa6\xe5\x8f\xb7\xe4\xbd\xbf\
\xe7\x94\xa8\xe6\x97\xa0\xe6\xb3\x95\xe6\x9b\xb4\xe6\x94\xb9\x07\
\x00\x00\x00\x09ActWindow\x01\x03\xff\
\xff\xff\xff\x08\x00\x00\x00\x00\x06\x00\x00\x00\x06\xe6\xbf\x80\
\xe6\xb4\xbb\x07\x00\x00\x00\x09ActWindo\
w\x01\x03\xff\xff\xff\xff\x08\x00\x00\x00\x00\x06\x00\x00\x00\
\x09\xe6\xbf\x80\xe6\xb4\xbb\xe7\xa0\x81\x07\x00\x00\x00\x09A\
ctWindow\x01\x03\xff\xff\xff\xff\x08\x00\
\x00\x00\x00\x06\x00\x00\x00\x06\xe8\xaf\x95\xe7\x94\xa8\x07\x00\
\x00\x00\x09ActWindow\x01\x03\xff\xff\
\xff\xff\x08\x00\x00\x00\x00\x06\x00\x00\x00\x16\xe8\xaf\xb7\xe8\
\xbe\x93\xe5\x85\xa5\xe6\xb8\xb8\xe6\x88\x8f\xe7\xbc\x96\xe5\x8f\
\xb7!\x07\x00\x00\x00\x09ActWindow\
\x01\x03\xff\xff\xff\xff\x08\x00\x00\x00\x00\x06\x00\x00\x00\x13\
\xe8\xaf\xb7\xe8\xbe\x93\xe5\x85\xa5\xe6\xbf\x80\xe6\xb4\xbb\xe7\
\xa0\x81!\x07\x00\x00\x00\x09ActWindo\
w\x01\x03\xff\xff\xff\xff\x08\x00\x00\x00\x00\x06\x00\x00\x00\
\x0c\xe8\xbd\xaf\xe4\xbb\xb6\xe6\xbf\x80\xe6\xb4\xbb\x07\x00\x00\
\x00\x09ActWindow\x01\x03\xff\xff\xff\
\xff\x08\x00\x00\x00\x00\x06\x00\x00\x00\x0d\xe9\xaa\x8c\xe8\xaf\
\x81\xe5\xa4\xb1\xe8\xb4\xa5!\x07\x00\x00\x00\x09Act\
Window\x01\x03\xff\xff\xff\xff\x08\x00\x00\x00\
\x00\x06\x00\x00\x00\x0d\xe9\xaa\x8c\xe8\xaf\x81\xe6\x88\x90\xe5\
\x8a\x9f!\x07\x00\x00\x00\x09ActWindo\
w\x01\x03\x00\x00\x00\x04m\xfbR\xa0\x08\x00\x00\x00\x00\
\x06\x00\x00\x00\x03Add\x07\x00\x00\x00\x11Add\
TextMessageBox\x01\x03\
\x00\x00\x00\x04S\xd6m\x88\x08\x00\x00\x00\x00\x06\x00\x00\
\x00\x06Cancel\x07\x00\x00\x00\x11Add\
TextMessageBox\x01\x03\
\x00\x00\x00\x04xn\x8b\xa4\x08\x00\x00\x00\x00\x06\x00\x00\
\x00\x07Confirm\x07\x00\x00\x00\x11Ad\
dTextMessageBox\x01\
\x03\x00\x00\x00\x1c`\xa8xn[\x9a\x89\x81R \x96\
d\x00 \x00'\x00{\x00}\x00'\x00 T\x17\xff\
\x1f\x08\x00\x00\x00\x00\x06\x00\x00\x00%Are y\
ou sure you want\
 to delete '{}'?\
\x07\x00\x00\x00\x10AnnotationC\
anvas\x01\x03\x00\x00\x00\x08xn\x8b\xa4R\
 \x96d\x08\x00\x00\x00\x00\x06\x00\x00\x00\x0eCon\
firm Delete\x07\x00\x00\x00\x10\
AnnotationCanvas\
\x01\x03\x00\x00\x00\x04m\xf1\x82r\x08\x00\x00\x00\x00\x06\
\x00\x00\x00\x04Dark\x07\x00\x00\x00\x0fApp\
ConfigWidget\x01\x03\x00\x00\
\x00\x04mE\x82r\x08\x00\x00\x00\x00\x06\x00\x00\x00\x05\
Light\x07\x00\x00\x00\x0fAppCon\
figWidget\x01\x03\x00\x00\x00\x04N\
;\x98\x98\x08\x00\x00\x00\x00\x06\x00\x00\x00\x05The\
me\x07\x00\x00\x00\x0fAppConfig\
Widget\x01\x03\x00\x00\x00\x12]\xf2[X\
W(N\x8e\x00 \x00'\x00{\x00}\x00'\x08\x00\
\x00\x00\x00\x06\x00\x00\x00\x16Already \
exists in '{}'\x07\x00\
\x00\x00\x0aBBoxDialog\x01\x03\x00\
\x00\x00\x06\x8f\xb9uLhF\x08\x00\x00\x00\x00\x06\x00\
\x00\x00\x0cBounding Box\x07\
\x00\x00\x00\x0aBBoxDialog\x01\x03\
\x00\x00\x00\x04S\xd6m\x88\x08\x00\x00\x00\x00\x06\x00\x00\
\x00\x06Cancel\x07\x00\x00\x00\x0aBBo\
xDialog\x01\x03\x00\x00\x00\x08R\x06|\
{T\x0dy\xf0\x08\x00\x00\x00\x00\x06\x00\x00\x00\x0dC\
ategory name\x07\x00\x00\x00\
\x0aBBoxDialog\x01\x03\x00\x00\x00\
\x06R\x06|{\x00:\x08\x00\x00\x00\x00\x06\x00\x00\x00\
\x09Category:\x07\x00\x00\x00\x0aB\
BoxDialog\x01\x03\x00\x00\x00\x06\x9a\
\xd8^\xa6\x00:\x08\x00\x00\x00\x00\x06\x00\x00\x00\x07H\
eight:\x07\x00\x00\x00\x0aBBoxD\
ialog\x01\x03\x00\x00\x00\x0cT\x0dy\xf0N\
\x0d\x80\xfdN:zz\x08\x00\x00\x00\x00\x06\x00\x00\x00\
\x0dName required\x07\x00\
\x00\x00\x0aBBoxDialog\x01\x03\x00\
\x00\x00\x04xn[\x9a\x08\x00\x00\x00\x00\x06\x00\x00\x00\
\x02OK\x07\x00\x00\x00\x0aBBoxDial\
og\x01\x03\x00\x00\x00\x06[\xbd^\xa6\x00:\x08\x00\
\x00\x00\x00\x06\x00\x00\x00\x06Width:\x07\x00\
\x00\x00\x0aBBoxDialog\x01\x03\x00\
\x00\x00\x14m\xfbR\xa0_\x00Y\xcb\x83\xdcSU_\
\xebcwe\xb9_\x0f\x08\x00\x00\x00\x00\x06\x00\x00\x00\
\x17Add Start Menu \
Shortcut\x07\x00\x00\x00\x0aCon\
figCard\x01\x03\x00\x00\x00\x08\x91\xcd\x7f\
n\x91M\x7fn\x08\x00\x00\x00\x00\x06\x00\x00\x00\x0cR\
eset Config\x07\x00\x00\x00\x0a\
ConfigCard\x01\x03\x00\x00\x00\x04\
S\xd6m\x88\x08\x00\x00\x00\x00\x06\x00\x00\x00\x06Ca\
ncel\x07\x00\x00\x00\x0eCopyTas\
kDialog\x01\x03\x00\x00\x00\x04xn\x8b\
\xa4\x08\x00\x00\x00\x00\x06\x00\x00\x00\x07Confi\
rm\x07\x00\x00\x00\x0eCopyTaskD\
ialog\x01\x03\x00\x00\x00\x08Y\x0dR6N\
\xfbR\xa1\x08\x00\x00\x00\x00\x06\x00\x00\x00\x09Cop\
y Task\x07\x00\x00\x00\x0eCopyT\
askDialog\x01\x03\x00\x00\x00\x16\x90\
\x09b\xe9\x89\x81Y\x0dR6v\x84N\xfbR\xa1\x00\
.\x00.\x00.\x08\x00\x00\x00\x00\x06\x00\x00\x00\x16S\
elect task to co\
py...\x07\x00\x00\x00\x0eCopyTa\
skDialog\x01\x03\x00\x00\x00\x12\xff\x08\
\x000\x00 \x00=\x00 N\x0dT/u(\xff\x09\
\x08\x00\x00\x00\x00\x06\x00\x00\x00\x0e(0 = d\
isabled)\x07\x00\x00\x00\x18Cre\
ateScheduleTaskD\
ialog\x01\x03\x00\x00\x00\x0a\x002\x004\x5c\
\x0fe\xf6R6\x08\x00\x00\x00\x00\x06\x00\x00\x00\x032\
4h\x07\x00\x00\x00\x18CreateSch\
eduleTaskDialog\x01\
\x03\x00\x00\x00\x1cN\xfbR\xa1[\x8cb\x10T\x0e\x81\
\xeaR\xa8\x90\x00Q\xfa\x00 \x00(\x00-\x00e\x00\
)\x08\x00\x00\x00\x00\x06\x00\x00\x00\x1eAuto \
exit after task \
done (-e)\x07\x00\x00\x00\x18Cr\
eateScheduleTask\
Dialog\x01\x03\x00\x00\x00\x04S\xd6m\x88\
\x08\x00\x00\x00\x00\x06\x00\x00\x00\x06Cancel\
\x07\x00\x00\x00\x18CreateSched\
uleTaskDialog\x01\x03\x00\
\x00\x00\x04R\x1b^\xfa\x08\x00\x00\x00\x00\x06\x00\x00\x00\
\x06Create\x07\x00\x00\x00\x18Crea\
teScheduleTaskDi\
alog\x01\x03\x00\x00\x00\x0cR\x1b^\xfa\x8b\xa1\
R\x12N\xfbR\xa1\x08\x00\x00\x00\x00\x06\x00\x00\x00\x14\
Create Schedule \
Task\x07\x00\x00\x00\x18CreateS\
cheduleTaskDialo\
g\x01\x03\x00\x00\x00\x06\x81\xea[\x9aNI\x08\x00\x00\
\x00\x00\x06\x00\x00\x00\x06Custom\x07\x00\x00\
\x00\x18CreateSchedule\
TaskDialog\x01\x03\x00\x00\x00\x0e\
\x81\xea[\x9aNIe\xf6\x95\xf4\x8b\xbe\x7fn\x08\x00\
\x00\x00\x00\x06\x00\x00\x00\x0fCustom I\
nterval\x07\x00\x00\x00\x18Crea\
teScheduleTaskDi\
alog\x01\x03\x00\x00\x00\x04k\xcfY)\x08\x00\
\x00\x00\x00\x06\x00\x00\x00\x05Daily\x07\x00\x00\
\x00\x18CreateSchedule\
TaskDialog\x01\x03\x00\x00\x00\x02\
Y)\x08\x00\x00\x00\x00\x06\x00\x00\x00\x04Days\
\x07\x00\x00\x00\x18CreateSched\
uleTaskDialog\x01\x03\x00\
\x00\x00\x02e\xf6\x08\x00\x00\x00\x00\x06\x00\x00\x00\x04H\
our\x07\x00\x00\x00\x18CreateSc\
heduleTaskDialog\
\x01\x03\x00\x00\x00\x04\x5c\x0fe\xf6\x08\x00\x00\x00\x00\x06\
\x00\x00\x00\x05Hours\x07\x00\x00\x00\x18Cr\
eateScheduleTask\
Dialog\x01\x03\x00\x00\x00\x02R\x06\x08\x00\
\x00\x00\x00\x06\x00\x00\x00\x06Minute\x07\x00\
\x00\x00\x18CreateSchedul\
eTaskDialog\x01\x03\x00\x00\x00\
\x04k\xcfg\x08\x08\x00\x00\x00\x00\x06\x00\x00\x00\x07M\
onthly\x07\x00\x00\x00\x18Creat\
eScheduleTaskDia\
log\x01\x03\x00\x00\x00\x0ae\xe0S\xefu(N\
\xfbR\xa1\x08\x00\x00\x00\x00\x06\x00\x00\x00\x12No \
tasks available\x07\
\x00\x00\x00\x18CreateSchedu\
leTaskDialog\x01\x03\x00\x00\
\x00\x04N\x00k!\x08\x00\x00\x00\x00\x06\x00\x00\x00\x04\
Once\x07\x00\x00\x00\x18CreateS\
cheduleTaskDialo\
g\x01\x03\x00\x00\x00\x08\x90\x09b\xe9N\xfbR\xa1\x08\
\x00\x00\x00\x00\x06\x00\x00\x00\x0bSelect \
Task\x07\x00\x00\x00\x18CreateS\
cheduleTaskDialo\
g\x01\x03\x00\x00\x00\x08_\x00Y\xcbe\xf6\x95\xf4\x08\
\x00\x00\x00\x00\x06\x00\x00\x00\x0aStart T\
ime\x07\x00\x00\x00\x18CreateSc\
heduleTaskDialog\
\x01\x03\x00\x00\x00\x08T/R\xa8\x90\x09\x98y\x08\x00\
\x00\x00\x00\x06\x00\x00\x00\x0fStartup \
Options\x07\x00\x00\x00\x18Crea\
teScheduleTaskDi\
alog\x01\x03\x00\x00\x00\x08\x8d\x85e\xf6e\xf6\
\x95\xf4\x08\x00\x00\x00\x00\x06\x00\x00\x00\x07Time\
out\x07\x00\x00\x00\x18CreateSc\
heduleTaskDialog\
\x01\x03\x00\x00\x00\x08\x89\xe6S\xd1|{W\x8b\x08\x00\
\x00\x00\x00\x06\x00\x00\x00\x0cTrigger \
Type\x07\x00\x00\x00\x18CreateS\
cheduleTaskDialo\
g\x01\x03\x00\x00\x00\x04k\xcfTh\x08\x00\x00\x00\x00\
\x06\x00\x00\x00\x06Weekly\x07\x00\x00\x00\x18\
CreateScheduleTa\
skDialog\x01\x03\x00\x00\x00\x16\x5c\x0f\
e\xf6\xff\x08\x000\x00 \x00=\x00 e\xe0\x96P\
R6\xff\x09\x08\x00\x00\x00\x00\x06\x00\x00\x00\x15ho\
urs (0 = unlimit\
ed)\x07\x00\x00\x00\x18CreateSc\
heduleTaskDialog\
\x01\x03\x00\x00\x00\x04S\xd6m\x88\x08\x00\x00\x00\x00\x06\
\x00\x00\x00\x06Cancel\x07\x00\x00\x00\x10C\
reateTaskDialog\x01\
\x03\x00\x00\x00\x12|{T\x0d\x00 \x00(N\xc5\x96\
P\x82\xf1e\x87\x00)\x08\x00\x00\x00\x00\x06\x00\x00\x00\
\x19Class Name (Eng\
lish only)\x07\x00\x00\x00\x10C\
reateTaskDialog\x01\
\x03\x00\x00\x00\x04xn\x8b\xa4\x08\x00\x00\x00\x00\x06\x00\
\x00\x00\x07Confirm\x07\x00\x00\x00\x10C\
reateTaskDialog\x01\
\x03\x00\x00\x00\x08R\x1b^\xfaN\xfbR\xa1\x08\x00\x00\
\x00\x00\x06\x00\x00\x00\x0bCreate Ta\
sk\x07\x00\x00\x00\x10CreateTas\
kDialog\x01\x03\x00\x00\x00\x0ec\xcf\x8f\
\xf0\x00 \x00(S\xef\x90\x09\x00)\x08\x00\x00\x00\x00\
\x06\x00\x00\x00\x16Description\
 (Optional)\x07\x00\x00\x00\x10\
CreateTaskDialog\
\x01\x03\x00\x00\x00\x08N\xfbR\xa1T\x0dy\xf0\x08\x00\
\x00\x00\x00\x06\x00\x00\x00\x09Task Nam\
e\x07\x00\x00\x00\x10CreateTask\
Dialog\x01\x03\x00\x00\x00\x1e\x00-\x00-\
\x00-\x00 \x00{\x00t\x00i\x00t\x00l\x00e\
\x00}\x00 \x00-\x00-\x00-\x08\x00\x00\x00\x00\x06\
\x00\x00\x00\x0f--- {title} \
---\x07\x00\x00\x00\x08DebugTab\
\x01\x03\x00\x00\x00\x04\x8c\x03u(\x08\x00\x00\x00\x00\x06\
\x00\x00\x00\x04Call\x07\x00\x00\x00\x08Deb\
ugTab\x01\x03\x00\x00\x00\x0ab*V\xfe^\
vR\xa0\x8f}\x08\x00\x00\x00\x00\x06\x00\x00\x00\x0eC\
apture & Load\x07\x00\x00\
\x00\x08DebugTab\x01\x03\x00\x00\x00\x04\
b*V\xfe\x08\x00\x00\x00\x00\x06\x00\x00\x00\x12Ca\
pture Screenshot\
\x07\x00\x00\x00\x08DebugTab\x01\x03\x00\
\x00\x00\x08b*V\xfeb\x10R\x9f\x08\x00\x00\x00\x00\
\x06\x00\x00\x00\x0fCapture Suc\
cess\x07\x00\x00\x00\x08DebugTa\
b\x01\x03\x00\x00\x00\x0cb*V\xfeR\xa0\x8f}b\
\x10R\x9f\x08\x00\x00\x00\x00\x06\x00\x00\x00\x1bCap\
ture loaded succ\
essfully\x07\x00\x00\x00\x08Deb\
ugTab\x01\x03\x00\x00\x00\x0ab*V\xfe\x8f\
\xd4V\xdezz\x08\x00\x00\x00\x00\x06\x00\x00\x00\x15C\
apture returned \
None\x07\x00\x00\x00\x08DebugTa\
b\x01\x03\x00\x00\x00\x08n\x05\x96d\x90\x09S:\x08\
\x00\x00\x00\x00\x06\x00\x00\x00\x0fClear S\
election\x07\x00\x00\x00\x08Deb\
ugTab\x01\x03\x00\x00\x00\x10\x7f\x16\x8b\xd1\x00\
i\x001\x008\x00ne\x87N\xf6\x08\x00\x00\x00\x00\
\x06\x00\x00\x00\x12Convert i18\
n files\x07\x00\x00\x00\x08Debu\
gTab\x01\x03\x00\x00\x00\x0e]\xf2Y\x0dR6\
R0Rj\x8d4g\x7f\x08\x00\x00\x00\x00\x06\x00\x00\
\x00\x13Copied to clip\
board\x07\x00\x00\x00\x08DebugT\
ab\x01\x03\x00\x00\x00\x04Y\x0dR6\x08\x00\x00\x00\
\x00\x06\x00\x00\x00\x04Copy\x07\x00\x00\x00\x08D\
ebugTab\x01\x03\x00\x00\x00\x10\x8c\x03u\
(\x00T\x00a\x00s\x00ke\xb9l\xd5\x08\x00\x00\
\x00\x00\x06\x00\x00\x00\x13Debug Tas\
k Function\x07\x00\x00\x00\x08D\
ebugTab\x01\x03\x00\x00\x00\x08\x8c\x03\x8b\
\xd5]\xe5Qw\x08\x00\x00\x00\x00\x06\x00\x00\x00\x0aD\
ebug Tool\x07\x00\x00\x00\x08De\
bugTab\x01\x03\x00\x00\x00\x08\x90\x09b\xe9\
b*V\xfe\x08\x00\x00\x00\x00\x06\x00\x00\x00\x19Dr\
op or Select Scr\
eenshot\x07\x00\x00\x00\x08Debu\
gTab\x01\x03\x00\x00\x008\x00D\x00u\x00m\
\x00p\x00 \x00T\x00h\x00r\x00e\x00a\x00d\
\x00s\x00(_\xebcw\x95.\x00:\x00C\x00t\
\x00r\x00l\x00+\x00A\x00l\x00t\x00+\x00D\
\x00)\x08\x00\x00\x00\x00\x06\x00\x00\x00\x1fDump\
 Threads(HotKey:\
Ctrl+Alt+D)\x07\x00\x00\x00\x08\
DebugTab\x01\x03\x00\x00\x00\x0cV\xfe\
rGR\xa0\x8f}Y1\x8d%\x08\x00\x00\x00\x00\x06\
\x00\x00\x00\x14Failed to lo\
ad image\x07\x00\x00\x00\x08Deb\
ugTab\x01\x03\x00\x00\x00\x10u\x1fb\x10\x00\
i\x001\x008\x00ne\x87N\xf6\x08\x00\x00\x00\x00\
\x06\x00\x00\x00\x13Generate i1\
8n files\x07\x00\x00\x00\x08Deb\
ugTab\x01\x03\x00\x00\x00\x0cV\xferGR\
\xa0\x8f}b\x10R\x9f\x08\x00\x00\x00\x00\x06\x00\x00\x00\
\x0cImage loaded\x07\x00\x00\
\x00\x08DebugTab\x01\x03\x00\x00\x00\x08\
R\xa0\x8f}V\xferG\x08\x00\x00\x00\x00\x06\x00\x00\
\x00\x0aLoad Image\x07\x00\x00\x00\
\x08DebugTab\x01\x03\x00\x00\x00R\x9f\
 h\x07\x00:\x00 \x00(\x00{\x00p\x00x\x00\
}\x00,\x00 \x00{\x00p\x00y\x00}\x00)\x00\
 k\xd4O\x8b\x00:\x00 \x00(\x00{\x00r\x00\
x\x00:\x00.\x003\x00f\x00}\x00,\x00 \x00\
{\x00r\x00y\x00:\x00.\x003\x00f\x00}\x00\
)\x08\x00\x00\x00\x00\x06\x00\x00\x00/Mouse\
: ({px}, {py}) r\
atio: ({rx:.3f},\
 {ry:.3f})\x07\x00\x00\x00\x08D\
ebugTab\x01\x03\x00\x00\x00\x0c\x9f h\
\x07\x00:\x00 \x00-\x00-\x08\x00\x00\x00\x00\x06\x00\
\x00\x00\x09Mouse: --\x07\x00\x00\x00\
\x08DebugTab\x01\x03\x00\x00\x00\x16b\
*V\xfee\xb9_\x0fN\x0dS\xefu(b\x16g\
*\x90\x09b\xe9\x08\x00\x00\x00\x00\x06\x00\x00\x00 N\
o Capture Availa\
ble or Selected\x07\
\x00\x00\x00\x08DebugTab\x01\x03\x00\x00\
\x00\x0el\xa1g\x09\x91M\x7fn\x00O\x00C\x00R\
\x08\x00\x00\x00\x00\x06\x00\x00\x00\x11No OCR\
 configured\x07\x00\x00\x00\x08\
DebugTab\x01\x03\x00\x00\x00\x0ag*\
R\xa0\x8f}V\xferG\x08\x00\x00\x00\x00\x06\x00\x00\
\x00\x0fNo image loade\
d\x07\x00\x00\x00\x08DebugTab\x01\x03\
\x00\x00\x00\x10l\xa1g\x09S\xefY\x0dR6v\x84\
\x90\x09S:\x08\x00\x00\x00\x00\x06\x00\x00\x00\x14No\
 selection to co\
py\x07\x00\x00\x00\x08DebugTab\x01\
\x03\x00\x00\x00(l\xa1g\x09\x5c^`'b\x16e\
\xb9l\xd5\x00:\x00 \x00{\x00f\x00u\x00n\x00\
c\x00_\x00n\x00a\x00m\x00e\x00}\x08\x00\x00\
\x00\x00\x06\x00\x00\x00\x19No such a\
ttr: {func_name}\
\x07\x00\x00\x00\x08DebugTab\x01\x03\x00\
\x00\x00\x0a\x00O\x00C\x00R\x8b\xc6R+\x08\x00\x00\
\x00\x00\x06\x00\x00\x00\x03OCR\x07\x00\x00\x00\x08D\
ebugTab\x01\x03\x00\x00\x00,\x00O\x00\
C\x00R\x8b\xc6R+~\xd3g\x9c\x00(]\xf2\x8b\
\xb0_U\x00)\x00:\x00 \x00{\x00r\x00e\x00\
s\x00u\x00l\x00t\x00}\x08\x00\x00\x00\x00\x06\x00\
\x00\x00\x1eOCR success (\
Logged): {result\
}\x07\x00\x00\x00\x08DebugTab\x01\x03\
\x00\x00\x00\x22\x00O\x00C\x00R\x8c\x03u(b\x10\
R\x9f\x00:\x00 \x00{\x00r\x00e\x00s\x00u\
\x00l\x00t\x00}\x08\x00\x00\x00\x00\x06\x00\x00\x00\x15\
OCR success: {re\
sult}\x07\x00\x00\x00\x08DebugT\
ab\x01\x03\x00\x00\x00\x08bS_\x00V\xferG\
\x08\x00\x00\x00\x00\x06\x00\x00\x00\x0aOpen I\
mage\x07\x00\x00\x00\x08DebugTa\
b\x01\x03\x00\x00\x00\x0ebS_\x00e\xe5_\xd7e\
\x87N\xf6Y9\x08\x00\x00\x00\x00\x06\x00\x00\x00\x09O\
pen Logs\x07\x00\x00\x00\x08Deb\
ugTab\x01\x03\x00\x00\x00\x0cb*V\xfeS\
:W\xdfmK\x8b\xd5\x08\x00\x00\x00\x00\x06\x00\x00\x00\
\x16Screenshot Regi\
on Test\x07\x00\x00\x00\x08Debu\
gTab\x01\x03\x00\x00\x00\x08\x90\x09b\xe9b*\
V\xfe\x08\x00\x00\x00\x00\x06\x00\x00\x00\x12Sele\
ct Screenshots\x07\x00\
\x00\x00\x08DebugTab\x01\x03\x00\x00\x00\
$W(V\xferGN\x0a\x90\x09b\xe9N\x00N\
*S:W\xdfN\xe5g\xe5w\x0bWPh\x07\x00\
.\x00.\x00.\x08\x00\x00\x00\x00\x06\x00\x00\x002S\
elect a region o\
n the image to s\
ee coordinates..\
.\x07\x00\x00\x00\x08DebugTab\x01\x03\
\x00\x00\x00\x08\x90\x09S:O\xe1`o\x08\x00\x00\x00\
\x00\x06\x00\x00\x00\x0eSelection \
Info\x07\x00\x00\x00\x08DebugTa\
b\x01\x03\x00\x00\x00\x0a\x90\x09S:O\xe1`o\x00\
:\x08\x00\x00\x00\x00\x06\x00\x00\x00\x0fSelec\
tion Info:\x07\x00\x00\x00\x08D\
ebugTab\x01\x03\x00\x00\x00\x0e\x8f\x93Q\
ee\xb9l\xd5b\x16\x5c^`'\x08\x00\x00\x00\x00\
\x06\x00\x00\x00\x1bType a func\
tion or property\
\x07\x00\x00\x00\x08DebugTab\x01\x03\x00\
\x00\x00,\x8c\x03u(b\x10R\x9f\x00 \x00s\x00\
u\x00c\x00c\x00e\x00s\x00s\x00:\x00 \x00\
{\x00r\x00e\x00s\x00u\x00l\x00t\x00}\x08\
\x00\x00\x00\x00\x06\x00\x00\x00\x16call su\
ccess: {result}\x07\
\x00\x00\x00\x08DebugTab\x01\x03\x00\x00\
\x00RN-_\xc3\x00:\x00 \x00(\x00{\x00c\
\x00x\x00}\x00,\x00 \x00{\x00c\x00y\x00}\
\x00)\x00 \x00=\x00 \x00(\x00{\x00c\x00r\
\x00x\x00:\x00.\x004\x00f\x00}\x00,\x00 \
\x00{\x00c\x00r\x00y\x00:\x00.\x004\x00f\
\x00}\x00)\x08\x00\x00\x00\x00\x06\x00\x00\x00-ce\
nter: ({cx}, {cy\
}) = ({crx:.4f},\
 {cry:.4f})\x07\x00\x00\x00\x08\
DebugTab\x01\x03\x00\x00\x00\x1aV\xfe\
rG\x5c:[\xf8\x00:\x00 \x00{\x00w\x00}\
\x00x\x00{\x00h\x00}\x08\x00\x00\x00\x00\x06\x00\x00\
\x00\x13image size: {w\
}x{h}\x07\x00\x00\x00\x08DebugT\
ab\x01\x03\x00\x00\x00lk\xd4O\x8b\x00:\x00 \
\x00r\x00x\x00=\x00{\x00r\x00x\x00:\x00.\
\x004\x00f\x00}\x00,\x00 \x00r\x00y\x00=\
\x00{\x00r\x00y\x00:\x00.\x004\x00f\x00}\
\x00,\x00 \x00r\x00w\x00=\x00{\x00r\x00w\
\x00:\x00.\x004\x00f\x00}\x00,\x00 \x00r\
\x00h\x00=\x00{\x00r\x00h\x00:\x00.\x004\
\x00f\x00}\x08\x00\x00\x00\x00\x06\x00\x00\x009ra\
tio: rx={rx:.4f}\
, ry={ry:.4f}, r\
w={rw:.4f}, rh={\
rh:.4f}\x07\x00\x00\x00\x08Debu\
gTab\x01\x03\x00\x00\x00D\x00x\x001\x00=\
\x00{\x00x\x001\x00}\x00,\x00 \x00y\x001\
\x00=\x00{\x00y\x001\x00}\x00,\x00 \x00x\
\x002\x00=\x00{\x00x\x002\x00}\x00,\x00 \
\x00y\x002\x00=\x00{\x00y\x002\x00}\x08\x00\
\x00\x00\x00\x06\x00\x00\x00\x22x1={x1},\
 y1={y1}, x2={x2\
}, y2={y2}\x07\x00\x00\x00\x08D\
ebugTab\x01\x03\x00\x00\x004\x00x\x00\
=\x00{\x00x\x00}\x00,\x00 \x00y\x00=\x00\
{\x00y\x00}\x00,\x00 \x00w\x00=\x00{\x00\
w\x00}\x00,\x00 \x00h\x00=\x00{\x00h\x00\
}\x08\x00\x00\x00\x00\x06\x00\x00\x00\x1ax={x}\
, y={y}, w={w}, \
h={h}\x07\x00\x00\x00\x08DebugT\
ab\x01\x03\x00\x00\x018\x00x\x00=\x00{\x00x\
\x00}\x00,\x00 \x00y\x00=\x00{\x00y\x00}\
\x00,\x00 \x00w\x00=\x00{\x00w\x00}\x00,\
\x00 \x00h\x00=\x00{\x00h\x00}\x00\x0a\x00x\
\x001\x00=\x00{\x00x\x001\x00}\x00,\x00 \
\x00y\x001\x00=\x00{\x00y\x001\x00}\x00,\
\x00 \x00x\x002\x00=\x00{\x00x\x002\x00}\
\x00,\x00 \x00y\x002\x00=\x00{\x00y\x002\
\x00}\x00\x0a\x00r\x00x\x00=\x00{\x00r\x00x\
\x00:\x00.\x004\x00f\x00}\x00,\x00 \x00r\
\x00y\x00=\x00{\x00r\x00y\x00:\x00.\x004\
\x00f\x00}\x00,\x00 \x00r\x00w\x00=\x00{\
\x00r\x00w\x00:\x00.\x004\x00f\x00}\x00,\
\x00 \x00r\x00h\x00=\x00{\x00r\x00h\x00:\
\x00.\x004\x00f\x00}\x00\x0aN-_\xc3\x00:\
\x00 \x00(\x00{\x00c\x00x\x00}\x00,\x00 \
\x00{\x00c\x00y\x00}\x00)\x00 k\xd4O\x8b\
\x00:\x00 \x00(\x00{\x00c\x00r\x00x\x00:\
\x00.\x004\x00f\x00}\x00,\x00 \x00{\x00c\
\x00r\x00y\x00:\x00.\x004\x00f\x00}\x00)\
\x08\x00\x00\x00\x00\x06\x00\x00\x00\xa3x={x},\
 y={y}, w={w}, h\
={h}\x0ax1={x1}, y1\
={y1}, x2={x2}, \
y2={y2}\x0arx={rx:.\
4f}, ry={ry:.4f}\
, rw={rw:.4f}, r\
h={rh:.4f}\x0acente\
r: ({cx}, {cy}) \
ratio: ({crx:.4f\
}, {cry:.4f})\x07\x00\x00\
\x00\x08DebugTab\x01\x03\x00\x00\x00\x16\
]\xf2\x90\x09b\xe9\x00{\x00n\x00u\x00m\x00}\
N*V\xferG\x08\x00\x00\x00\x00\x06\x00\x00\x00\x15\
{num} images sel\
ected\x07\x00\x00\x00\x08DebugT\
ab\x01\x03\x00\x00\x00\x06\x00A\x00D\x00B\x08\x00\
\x00\x00\x00\x06\x00\x00\x00\x03ADB\x07\x00\x00\x00\x0b\
EditTaskTab\x01\x03\x00\x00\x00\
\x16xn[\x9a\x89\x81R \x96d\x00 \x00{\x00\
}\x00 T\x17\xff\x1f\x08\x00\x00\x00\x00\x06\x00\x00\x00\
#Are you sure yo\
u want to delete\
 {}?\x07\x00\x00\x00\x0bEditTas\
kTab\x01\x03\x00\x00\x00\x04S:W\xdf\x08\x00\
\x00\x00\x00\x06\x00\x00\x00\x03Box\x07\x00\x00\x00\x0b\
EditTaskTab\x01\x03\x00\x00\x00\
\x04S\xd6m\x88\x08\x00\x00\x00\x00\x06\x00\x00\x00\x06C\
ancel\x07\x00\x00\x00\x0bEditTa\
skTab\x01\x03\x00\x00\x00\x0a\x90\x09b\xe9N\
\xfbR\xa1\x00:\x08\x00\x00\x00\x00\x06\x00\x00\x00\x0cC\
hoose Task:\x07\x00\x00\x00\x0b\
EditTaskTab\x01\x03\x00\x00\x00\
\x08xn\x8b\xa4R \x96d\x08\x00\x00\x00\x00\x06\x00\
\x00\x00\x0eConfirm Delet\
e\x07\x00\x00\x00\x0bEditTaskTa\
b\x01\x03\x00\x00\x00\x04c\xa7R6\x08\x00\x00\x00\x00\
\x06\x00\x00\x00\x07Control\x07\x00\x00\x00\
\x0bEditTaskTab\x01\x03\x00\x00\
\x00\x08Y\x0dR6N\xfbR\xa1\x08\x00\x00\x00\x00\x06\
\x00\x00\x00\x09Copy Task\x07\x00\x00\
\x00\x0bEditTaskTab\x01\x03\x00\
\x00\x00\x16b~N\x0dR0\x00 \x00{\x00}\x00\
 v\x84n\x90e\x87N\xf6\x08\x00\x00\x00\x00\x06\x00\
\x00\x00!Could not fin\
d source file fo\
r {}\x07\x00\x00\x00\x0bEditTas\
kTab\x01\x03\x00\x00\x00\x0aR\x1b^\xfae\xb0\
N\xfbR\xa1\x08\x00\x00\x00\x00\x06\x00\x00\x00\x0fCr\
eate New Task\x07\x00\x00\
\x00\x0bEditTaskTab\x01\x03\x00\
\x00\x00\x08R\x1b^\xfaN\xfbR\xa1\x08\x00\x00\x00\x00\
\x06\x00\x00\x00\x0bCreate Task\
\x07\x00\x00\x00\x0bEditTaskTab\
\x01\x03\x00\x00\x00\x08R \x96dN\xfbR\xa1\x08\x00\
\x00\x00\x00\x06\x00\x00\x00\x0bDelete T\
ask\x07\x00\x00\x00\x0bEditTask\
Tab\x01\x03\x00\x00\x00\x0e\x81\x1ag,v\x84f\
>y:T\x0dy\xf0\x08\x00\x00\x00\x00\x06\x00\x00\x00\
\x1bDisplay name fo\
r the script\x07\x00\x00\x00\
\x0bEditTaskTab\x01\x03\x00\x00\
\x00 N\xc5\x96P\x82\xf1e\x870\x01ep[W\
T\x8cg\x09eHv\x84e\x87N\xf6T\x0d[W\
{&\x08\x00\x00\x00\x00\x06\x00\x00\x00.Engl\
ish, numbers and\
 valid filename \
chars only\x07\x00\x00\x00\x0bE\
ditTaskTab\x01\x03\x00\x00\x00\x04\
[\xfcQ\xfa\x08\x00\x00\x00\x00\x06\x00\x00\x00\x06Ex\
port\x07\x00\x00\x00\x0bEditTas\
kTab\x01\x03\x00\x00\x00\x08[\xfcQ\xfa\x81\x1a\
g,\x08\x00\x00\x00\x00\x06\x00\x00\x00\x0dExpo\
rt Script\x07\x00\x00\x00\x0bEd\
itTaskTab\x01\x03\x00\x00\x00\x08[\
\xfcQ\xfaY1\x8d%\x08\x00\x00\x00\x00\x06\x00\x00\x00\
\x0dExport failed\x07\x00\
\x00\x00\x0bEditTaskTab\x01\x03\
\x00\x00\x00\x16\x8b\xfbS\xd6n\x90e\x87N\xf6Y1\
\x8d%\x00:\x00 \x00{\x00}\x08\x00\x00\x00\x00\x06\
\x00\x00\x00\x1eFailed to re\
ad source file: \
{}\x07\x00\x00\x00\x0bEditTaskT\
ab\x01\x03\x00\x00\x00\x08O\xdd[XY1\x8d%\
\x08\x00\x00\x00\x00\x06\x00\x00\x00\x0eFailed\
 to save\x07\x00\x00\x00\x0bEdi\
tTaskTab\x01\x03\x00\x00\x00\x04e\x87\
N\xf6\x08\x00\x00\x00\x00\x06\x00\x00\x00\x04File\
\x07\x00\x00\x00\x0bEditTaskTab\
\x01\x03\x00\x00\x00\x10e\x87N\xf6]\xf2\x88\xabY\x16\
\x90\xe8O\xeee9\x08\x00\x00\x00\x00\x06\x00\x00\x00\x17\
File Changed Ext\
ernally\x07\x00\x00\x00\x0bEdit\
TaskTab\x01\x03\x00\x00\x00\x08e\x87N\
\xf6T\x0d\xff\x1a\x08\x00\x00\x00\x00\x06\x00\x00\x00\x0aF\
ile Name:\x07\x00\x00\x00\x0bEd\
itTaskTab\x01\x03\x00\x00\x00\x04e\
Yz\x0b\x08\x00\x00\x00\x00\x06\x00\x00\x00\x05Gui\
de\x07\x00\x00\x00\x0bEditTaskT\
ab\x01\x03\x00\x00\x00\x08[\xfcQe\x81\x1ag,\
\x08\x00\x00\x00\x00\x06\x00\x00\x00\x0dImport\
 Script\x07\x00\x00\x00\x0bEdit\
TaskTab\x01\x03\x00\x00\x00\x08[\xfcQ\
eY1\x8d%\x08\x00\x00\x00\x00\x06\x00\x00\x00\x0dI\
mport failed\x07\x00\x00\x00\
\x0bEditTaskTab\x01\x03\x00\x00\
\x00\x1c|{T\x0de\xe0eH0\x02S\xea\x80\xfd\
O\x7fu(\x82\xf1e\x87[W{&0\x02\x08\x00\
\x00\x00\x00\x06\x00\x00\x004Invalid \
Class Name. Must\
 be English char\
acters only.\x07\x00\x00\x00\
\x0bEditTaskTab\x01\x03\x00\x00\
\x006e\xe0eHv\x84e\x87N\xf6T\x0d0\x02\
S\xea\x80\xfdO\x7fu(\x82\xf1e\x87[Wk\xcd\
0\x01ep[W0\x01N\x0bR\x12~\xbfT\x8c\
\x8f\xde[W{&0\x02\x08\x00\x00\x00\x00\x06\x00\x00\
\x00KInvalid file n\
ame. Use English\
 letters, number\
s, underscores, \
hyphens only.\x07\x00\x00\
\x00\x0bEditTaskTab\x01\x03\x00\
\x00\x00\x04c\x09\x95.\x08\x00\x00\x00\x00\x06\x00\x00\x00\
\x03Key\x07\x00\x00\x00\x0bEditTas\
kTab\x01\x03\x00\x00\x00\x04e\xe5_\xd7\x08\x00\
\x00\x00\x00\x06\x00\x00\x00\x07Logging\x07\
\x00\x00\x00\x0bEditTaskTab\x01\
\x03\x00\x00\x00\x08e\xe0\x96P_\xaas\xaf\x08\x00\x00\
\x00\x00\x06\x00\x00\x00\x0fLoop infi\
nitely\x07\x00\x00\x00\x0bEditT\
askTab\x01\x03\x00\x00\x00\x0c_\xaas\xaf\
c\x07[\x9ak!ep\x08\x00\x00\x00\x00\x06\x00\x00\
\x00\x0cLoop x times\x07\x00\
\x00\x00\x0bEditTaskTab\x01\x03\
\x00\x00\x00\x04\x9f h\x07\x08\x00\x00\x00\x00\x06\x00\x00\
\x00\x05Mouse\x07\x00\x00\x00\x0bEdit\
TaskTab\x01\x03\x00\x00\x00\x06N\x0d_\
\xaas\xaf\x08\x00\x00\x00\x00\x06\x00\x00\x00\x07No \
loop\x07\x00\x00\x00\x0bEditTas\
kTab\x01\x03\x00\x00\x00\x12l\xa1g\x09S\xef\
[\xfcQ\xfav\x84N\xfbR\xa10\x02\x08\x00\x00\x00\
\x00\x06\x00\x00\x00\x13No tasks t\
o export.\x07\x00\x00\x00\x0bEd\
itTaskTab\x01\x03\x00\x00\x00\x06\x00\
O\x00C\x00R\x08\x00\x00\x00\x00\x06\x00\x00\x00\x03O\
CR\x07\x00\x00\x00\x0bEditTaskT\
ab\x01\x03\x00\x00\x00\x04xn[\x9a\x08\x00\x00\x00\
\x00\x06\x00\x00\x00\x02OK\x07\x00\x00\x00\x0bEdi\
tTaskTab\x01\x03\x00\x00\x00D\x00O\
\x00K\x00S\x00c\x00r\x00i\x00p\x00t\x00 \
e\x87N\xf6\x00 \x00(\x00*\x00.\x00o\x00k\
\x00s\x00c\x00r\x00i\x00p\x00t\x00)\x00;\
\x00;b@g\x09e\x87N\xf6\x00 \x00(\x00*\
\x00)\x08\x00\x00\x00\x00\x06\x00\x00\x00*OKSc\
ript Files (*.ok\
script);;All Fil\
es (*)\x07\x00\x00\x00\x0bEditT\
askTab\x01\x03\x00\x00\x00\x04QvN\xd6\
\x08\x00\x00\x00\x00\x06\x00\x00\x00\x05Other\x07\
\x00\x00\x00\x0bEditTaskTab\x01\
\x03\x00\x00\x00\x1c\x8b\xf7\x81\xf3\x5c\x11\x90\x09b\xe9N\
\x00N*N\xfbR\xa1\x8f\xdb\x88L[\xfcQ\xfa0\
\x02\x08\x00\x00\x00\x00\x06\x00\x00\x00*Pleas\
e select at leas\
t one task to ex\
port.\x07\x00\x00\x00\x0bEditTa\
skTab\x01\x03\x00\x00\x00\x04_UR6\x08\
\x00\x00\x00\x00\x06\x00\x00\x00\x06Record\x07\
\x00\x00\x00\x0bEditTaskTab\x01\
\x03\x00\x00\x00\x22_UR6\x5c\x06\x89\x86v\xd6_\
SRM\x81\x1ag,\x90;\x8f\x910\x02f/T\
&~\xe7~\xed\xff\x1f\x08\x00\x00\x00\x00\x06\x00\x00\x00\
8Record will ove\
rride the curren\
t script logic. \
Continue?\x07\x00\x00\x00\x0bEd\
itTaskTab\x01\x03\x00\x00\x00@W\
(z\x97S\xe3\x00 \x00'\x00{\x00h\x00w\x00\
n\x00d\x00_\x00n\x00a\x00m\x00e\x00}\x00\
'\x00 Y\x04N\x8em;R\xa8r\xb6`\x01e\
\xf6\xff\x0c\x5c\x06_\x00Y\xcb_UR60\x02\x08\
\x00\x00\x00\x00\x06\x00\x00\x00>Recordi\
ng will start wh\
en window '{hwnd\
_name}' becomes \
active.\x07\x00\x00\x00\x0bEdit\
TaskTab\x01\x03\x00\x00\x00\x04\x8f\xd0\x88\
L\x08\x00\x00\x00\x00\x06\x00\x00\x00\x03Run\x07\x00\
\x00\x00\x0bEditTaskTab\x01\x03\
\x00\x00\x00\x04O\xdd[X\x08\x00\x00\x00\x00\x06\x00\x00\
\x00\x04Save\x07\x00\x00\x00\x0bEditT\
askTab\x01\x03\x00\x00\x00\x08O\xdd[X\
f\xf4e9\x08\x00\x00\x00\x00\x06\x00\x00\x00\x0cSa\
ve Changes\x07\x00\x00\x00\x0bE\
ditTaskTab\x01\x03\x00\x00\x00\x0a\
\x81\x1ag,T\x0dy\xf0\xff\x1a\x08\x00\x00\x00\x00\x06\
\x00\x00\x00\x0cScript Name:\
\x07\x00\x00\x00\x0bEditTaskTab\
\x01\x03\x00\x00\x00\x1c\x81\x1ag,]\xf2b\x10R\x9f\
[\xfcQ\xfaR0N\x0b\x8f}e\x87N\xf6Y9\
0\x02\x08\x00\x00\x00\x00\x06\x00\x00\x001Scri\
pt exported succ\
essfully to Down\
loads folder.\x07\x00\x00\
\x00\x0bEditTaskTab\x01\x03\x00\
\x00\x00\x12\x81\x1ag,T\x0dy\xf0N:_\xc5X\
k\x98y0\x02\x08\x00\x00\x00\x00\x06\x00\x00\x00\x18S\
cript name is re\
quired.\x07\x00\x00\x00\x0bEdit\
TaskTab\x01\x03\x00\x00\x00\x0ed\x1c}\
\x22j!g\x7f\x00.\x00.\x00.\x08\x00\x00\x00\x00\
\x06\x00\x00\x00\x13Search temp\
lates...\x07\x00\x00\x00\x0bEdi\
tTaskTab\x01\x03\x00\x00\x00\x0c\x90\x09\
b\xe9\x81\x1ag,e\x87N\xf6\x08\x00\x00\x00\x00\x06\
\x00\x00\x00\x12Select Scrip\
t File\x07\x00\x00\x00\x0bEditT\
askTab\x01\x03\x00\x00\x00\x12\x90\x09b\xe9\
\x89\x81[\xfcQ\xfav\x84N\xfbR\xa1\xff\x1a\x08\x00\
\x00\x00\x00\x06\x00\x00\x00\x17Select t\
asks to export:\x07\
\x00\x00\x00\x0bEditTaskTab\x01\
\x03\x00\x00\x00\x04P\x5ckb\x08\x00\x00\x00\x00\x06\x00\
\x00\x00\x04Stop\x07\x00\x00\x00\x0bEdit\
TaskTab\x01\x03\x00\x00\x00\x04b\x10R\
\x9f\x08\x00\x00\x00\x00\x06\x00\x00\x00\x07Succe\
ss\x07\x00\x00\x00\x0bEditTaskT\
ab\x01\x03\x00\x00\x00\x12N\xfbR\xa1T\x0dy\xf0\
N\x0d\x80\xfdN:zz0\x02\x08\x00\x00\x00\x00\x06\
\x00\x00\x00\x16Task Name is\
 required.\x07\x00\x00\x00\x0bE\
ditTaskTab\x01\x03\x00\x00\x00\x0e\
N\xfbR\xa1Y\x0dR6b\x10R\x9f0\x02\x08\x00\
\x00\x00\x00\x06\x00\x00\x00\x19Task cop\
ied successfully\
.\x07\x00\x00\x00\x0bEditTaskTa\
b\x01\x03\x00\x00\x00\x0eN\xfbR\xa1R\x1b^\xfab\
\x10R\x9f0\x02\x08\x00\x00\x00\x00\x06\x00\x00\x00\x1aT\
ask created succ\
essfully.\x07\x00\x00\x00\x0bEd\
itTaskTab\x01\x03\x00\x00\x00\x0eN\
\xfbR\xa1R \x96db\x10R\x9f0\x02\x08\x00\x00\
\x00\x00\x06\x00\x00\x00\x1aTask dele\
ted successfully\
.\x07\x00\x00\x00\x0bEditTaskTa\
b\x01\x03\x00\x00\x00\x10N\xfbR\xa1e\x87N\xf6]\
\xf2[XW(0\x02\x08\x00\x00\x00\x00\x06\x00\x00\x00\
\x19Task file alrea\
dy exists.\x07\x00\x00\x00\x0bE\
ditTaskTab\x01\x03\x00\x00\x00\x0e\
N\xfbR\xa1\x91\xcd^\xfab\x10R\x9f0\x02\x08\x00\
\x00\x00\x00\x06\x00\x00\x00\x1aTask reb\
uilt successfull\
y.\x07\x00\x00\x00\x0bEditTaskT\
ab\x01\x03\x00\x00\x00\x08j!g\x7fS9\x91M\
\x08\x00\x00\x00\x00\x06\x00\x00\x00\x11Templa\
te Matching\x07\x00\x00\x00\x0b\
EditTaskTab\x01\x03\x00\x00\x00\
$_SRMN\xfbR\xa1g\x09g*O\xdd[\
Xv\x84f\xf4e90\x02f/T&\x89\x81O\
\xdd[X\xff\x1f\x08\x00\x00\x00\x00\x06\x00\x00\x00?T\
he current task \
has unsaved chan\
ges. Do you want\
 to save them?\x07\x00\
\x00\x00\x0bEditTaskTab\x01\x03\
\x00\x00\x00*e\x87N\xf6]\xf2\x88\xabY\x16\x90\xe8\
O\xeee90\x02f/T&\x89\x81\x89\x86v\xd6\
g*O\xdd[Xv\x84f\xf4e9\xff\x1f\x08\x00\
\x00\x00\x00\x06\x00\x00\x00PThe file\
 was modified ex\
ternally. Do you\
 want to overwri\
te your unsaved \
changes?\x07\x00\x00\x00\x0bEdi\
tTaskTab\x01\x03\x00\x00\x00\x06rH\
g,\xff\x1a\x08\x00\x00\x00\x00\x06\x00\x00\x00\x08Ve\
rsion:\x07\x00\x00\x00\x0bEditT\
askTab\x01\x03\x00\x00\x00\x04\x8bfTJ\
\x08\x00\x00\x00\x00\x06\x00\x00\x00\x07Warnin\
g\x07\x00\x00\x00\x0bEditTaskTa\
b\x01\x03\x00\x00\x00\x04z\x97S\xe3\x08\x00\x00\x00\x00\
\x06\x00\x00\x00\x06Window\x07\x00\x00\x00\x0b\
EditTaskTab\x01\x03\x00\x00\x00\
\x12\x00A\x00D\x00B\x00 \x00S\x00h\x00e\x00\
l\x00l\x08\x00\x00\x00\x00\x06\x00\x00\x00\x09adb\
_shell\x07\x00\x00\x00\x0bEditT\
askTab\x01\x03\x00\x00\x00\x12\x00A\x00D\
\x00B\x00 \x00U\x00I\x00 [\xfcQ\xfa\x08\x00\
\x00\x00\x00\x06\x00\x00\x00\x0badb_ui_d\
ump\x07\x00\x00\x00\x0bEditTask\
Tab\x01\x03\x00\x00\x00\x0cm\xfbR\xa0e\x87g\
,O\xeekc\x08\x00\x00\x00\x00\x06\x00\x00\x00\x0ca\
dd_text_fix\x07\x00\x00\x00\x0b\
EditTaskTab\x01\x03\x00\x00\x00\
\x04\x8f\xd4V\xde\x08\x00\x00\x00\x00\x06\x00\x00\x00\x04b\
ack\x07\x00\x00\x00\x0bEditTask\
Tab\x01\x03\x00\x00\x00\x06w\xe9_bhF\x08\
\x00\x00\x00\x00\x06\x00\x00\x00\x03box\x07\x00\x00\x00\
\x0bEditTaskTab\x01\x03\x00\x00\
\x00\x0al4^s\x5cEN-hF\x08\x00\x00\x00\
\x00\x06\x00\x00\x00\x18box_in_hor\
izontal_center\x07\x00\
\x00\x00\x0bEditTaskTab\x01\x03\
\x00\x00\x00\x06\x5cO^UhF\x08\x00\x00\x00\x00\x06\
\x00\x00\x00\x0dbox_of_scree\
n\x07\x00\x00\x00\x0bEditTaskTa\
b\x01\x03\x00\x00\x00\x0e\x7f)e>T\x0ev\x84\x5c\
O^UhF\x08\x00\x00\x00\x00\x06\x00\x00\x00\x14b\
ox_of_screen_sca\
led\x07\x00\x00\x00\x0bEditTask\
Tab\x01\x03\x00\x00\x00\x0e\x8b\xa1{\x97\x98\x9c\x82\
rv~R\x06k\xd4\x08\x00\x00\x00\x00\x06\x00\x00\x00\
\x1acalculate_color\
_percentage\x07\x00\x00\x00\x0b\
EditTaskTab\x01\x03\x00\x00\x00\
\x06n\x05\x96dhF\x08\x00\x00\x00\x00\x06\x00\x00\x00\
\x09clear_box\x07\x00\x00\x00\x0bE\
ditTaskTab\x01\x03\x00\x00\x00\x04\
p\xb9Q\xfb\x08\x00\x00\x00\x00\x06\x00\x00\x00\x05cl\
ick\x07\x00\x00\x00\x0bEditTask\
Tab\x01\x03\x00\x00\x00\x06p\xb9Q\xfbhF\x08\
\x00\x00\x00\x00\x06\x00\x00\x00\x09click_b\
ox\x07\x00\x00\x00\x0bEditTaskT\
ab\x01\x03\x00\x00\x00\x14Y\x82g\x9cT\x0dy\xf0\
S9\x91MR\x19p\xb9Q\xfbhF\x08\x00\x00\x00\
\x00\x06\x00\x00\x00\x17click_box_\
if_name_match\x07\x00\x00\
\x00\x0bEditTaskTab\x01\x03\x00\
\x00\x00\x08v\xf8[\xf9p\xb9Q\xfb\x08\x00\x00\x00\x00\
\x06\x00\x00\x00\x0eclick_relat\
ive\x07\x00\x00\x00\x0bEditTask\
Tab\x01\x03\x00\x00\x00\x06Rj\x8d4g\x7f\x08\
\x00\x00\x00\x00\x06\x00\x00\x00\x09clipboa\
rd\x07\x00\x00\x00\x0bEditTaskT\
ab\x01\x03\x00\x00\x00\x0cR\x1b^\xfa_\xebcw\
e\xb9_\x0f\x08\x00\x00\x00\x00\x06\x00\x00\x00\x0fcr\
eate_shortcut\x07\x00\x00\
\x00\x0bEditTaskTab\x01\x03\x00\
\x00\x00\x08y\x81u(N\xfbR\xa1\x08\x00\x00\x00\x00\
\x06\x00\x00\x00\x07disable\x07\x00\x00\x00\
\x0bEditTaskTab\x01\x03\x00\x00\
\x00\x06~\xd8R6hF\x08\x00\x00\x00\x00\x06\x00\x00\
\x00\x0adraw_boxes\x07\x00\x00\x00\
\x0bEditTaskTab\x01\x03\x00\x00\
\x00\x08T/u(N\xfbR\xa1\x08\x00\x00\x00\x00\x06\
\x00\x00\x00\x06enable\x07\x00\x00\x00\x0bE\
ditTaskTab\x01\x03\x00\x00\x00\x0a\
xnO\xddW(g\x00RM\x08\x00\x00\x00\x00\x06\
\x00\x00\x00\x0fensure_in_fr\
ont\x07\x00\x00\x00\x0bEditTask\
Tab\x01\x03\x00\x00\x00\x0cry_\x81f/T\
&[XW(\x08\x00\x00\x00\x00\x06\x00\x00\x00\x0ef\
eature_exists\x07\x00\x00\
\x00\x0bEditTaskTab\x01\x03\x00\
\x00\x00\x04g\xe5b~\x08\x00\x00\x00\x00\x06\x00\x00\x00\
\x04find\x07\x00\x00\x00\x0bEditTa\
skTab\x01\x03\x00\x00\x00\x12W(hFQ\
\x85g\xe5b~g\x00OsS9\x91M\x08\x00\x00\
\x00\x00\x06\x00\x00\x00\x16find_best\
_match_in_box\x07\x00\x00\
\x00\x0bEditTaskTab\x01\x03\x00\
\x00\x00\x0ag\xe5b~Y\x1aN*hF\x08\x00\x00\
\x00\x00\x06\x00\x00\x00\x0afind_boxe\
s\x07\x00\x00\x00\x0bEditTaskTa\
b\x01\x03\x00\x00\x00\x08g\xe5b~ry_\x81\x08\
\x00\x00\x00\x00\x06\x00\x00\x00\x0cfind_fe\
ature\x07\x00\x00\x00\x0bEditTa\
skTab\x01\x03\x00\x00\x00\x0eg\xe5b~r\
y_\x81^v\x8b\xbe\x7fn\x08\x00\x00\x00\x00\x06\x00\
\x00\x00\x14find_feature_\
and_set\x07\x00\x00\x00\x0bEdit\
TaskTab\x01\x03\x00\x00\x00\x12W(h\
FQ\x85g\xe5b~\x99\x96N*S9\x91M\x08\
\x00\x00\x00\x00\x06\x00\x00\x00\x17find_fi\
rst_match_in_box\
\x07\x00\x00\x00\x0bEditTaskTab\
\x01\x03\x00\x00\x00\x08g\xe5b~N\x00N*\x08\x00\
\x00\x00\x00\x06\x00\x00\x00\x08find_one\
\x07\x00\x00\x00\x0bEditTaskTab\
\x01\x03\x00\x00\x00\x0cc\x09T\x0dy\xf0\x83\xb7S\xd6\
hF\x08\x00\x00\x00\x00\x06\x00\x00\x00\x0fget_\
box_by_name\x07\x00\x00\x00\x0b\
EditTaskTab\x01\x03\x00\x00\x00\
\x0ec\x09T\x0dy\xf0\x83\xb7S\xd6ry_\x81\x08\
\x00\x00\x00\x00\x06\x00\x00\x00\x13get_fea\
ture_by_name\x07\x00\x00\x00\
\x0bEditTaskTab\x01\x03\x00\x00\
\x00\x08\x83\xb7S\xd6r\xb6`\x01\x08\x00\x00\x00\x00\x06\
\x00\x00\x00\x0aget_status\x07\x00\
\x00\x00\x0bEditTaskTab\x01\x03\
\x00\x00\x00\x10\x90\x1a\x8f\xc7|{T\x0d\x83\xb7S\xd6\
N\xfbR\xa1\x08\x00\x00\x00\x00\x06\x00\x00\x00\x11ge\
t_task_by_class\x07\
\x00\x00\x00\x0bEditTaskTab\x01\
\x03\x00\x00\x00\x0a\x8flR0h\x07{~\x98u\x08\
\x00\x00\x00\x00\x06\x00\x00\x00\x09go_to_t\
ab\x07\x00\x00\x00\x0bEditTaskT\
ab\x01\x03\x00\x00\x00\x08\x5cO^U\x9a\xd8^\xa6\
\x08\x00\x00\x00\x00\x06\x00\x00\x00\x10height\
_of_screen\x07\x00\x00\x00\x0bE\
ditTaskTab\x01\x03\x00\x00\x00\x08\
O\xe1`oX\x9eR\xa0\x08\x00\x00\x00\x00\x06\x00\x00\
\x00\x08info_add\x07\x00\x00\x00\x0bE\
ditTaskTab\x01\x03\x00\x00\x00\x0e\
O\xe1`om\xfbR\xa0R0R\x17\x88h\x08\x00\
\x00\x00\x00\x06\x00\x00\x00\x10info_add\
_to_list\x07\x00\x00\x00\x0bEdi\
tTaskTab\x01\x03\x00\x00\x00\x08O\xe1\
`on\x05\x96d\x08\x00\x00\x00\x00\x06\x00\x00\x00\x0a\
info_clear\x07\x00\x00\x00\x0bE\
ditTaskTab\x01\x03\x00\x00\x00\x08\
O\xe1`o\x83\xb7S\xd6\x08\x00\x00\x00\x00\x06\x00\x00\
\x00\x08info_get\x07\x00\x00\x00\x0bE\
ditTaskTab\x01\x03\x00\x00\x00\x08\
O\xe1`o\x90\x12X\x9e\x08\x00\x00\x00\x00\x06\x00\x00\
\x00\x09info_incr\x07\x00\x00\x00\x0b\
EditTaskTab\x01\x03\x00\x00\x00\
\x08O\xe1`o\x8b\xbe\x7fn\x08\x00\x00\x00\x00\x06\x00\
\x00\x00\x08info_set\x07\x00\x00\x00\x0b\
EditTaskTab\x01\x03\x00\x00\x00\
\x08\x8f\x93Qee\x87g,\x08\x00\x00\x00\x00\x06\x00\
\x00\x00\x0ainput_text\x07\x00\x00\
\x00\x0bEditTaskTab\x01\x03\x00\
\x00\x00\x0cf/T&N:\x00A\x00D\x00B\x08\
\x00\x00\x00\x00\x06\x00\x00\x00\x06is_adb\x07\
\x00\x00\x00\x0bEditTaskTab\x01\
\x03\x00\x00\x00\x0cf/T&N:mO\x89\xc8V\
h\x08\x00\x00\x00\x00\x06\x00\x00\x00\x0ais_br\
owser\x07\x00\x00\x00\x0bEditTa\
skTab\x01\x03\x00\x00\x00\x08\x8b\xb0_U\x8c\
\x03\x8b\xd5\x08\x00\x00\x00\x00\x06\x00\x00\x00\x09log\
_debug\x07\x00\x00\x00\x0bEditT\
askTab\x01\x03\x00\x00\x00\x08\x8b\xb0_U\
\x95\x19\x8b\xef\x08\x00\x00\x00\x00\x06\x00\x00\x00\x09lo\
g_error\x07\x00\x00\x00\x0bEdit\
TaskTab\x01\x03\x00\x00\x00\x08\x8b\xb0_\
UO\xe1`o\x08\x00\x00\x00\x00\x06\x00\x00\x00\x08l\
og_info\x07\x00\x00\x00\x0bEdit\
TaskTab\x01\x03\x00\x00\x00\x08\x8b\xb0_\
U\x8bfTJ\x08\x00\x00\x00\x00\x06\x00\x00\x00\x0bl\
og_warning\x07\x00\x00\x00\x0bE\
ditTaskTab\x01\x03\x00\x00\x00\x08\
N-\x95.p\xb9Q\xfb\x08\x00\x00\x00\x00\x06\x00\x00\
\x00\x0cmiddle_click\x07\x00\
\x00\x00\x0bEditTaskTab\x01\x03\
\x00\x00\x00\x0cv\xf8[\xf9N-\x95.p\xb9Q\xfb\
\x08\x00\x00\x00\x00\x06\x00\x00\x00\x15middle\
_click_relative\x07\
\x00\x00\x00\x0bEditTaskTab\x01\
\x03\x00\x00\x00\x08\x9f h\x07c\x09N\x0b\x08\x00\x00\
\x00\x00\x06\x00\x00\x00\x0amouse_dow\
n\x07\x00\x00\x00\x0bEditTaskTa\
b\x01\x03\x00\x00\x00\x08\x9f h\x07g~_\x00\x08\
\x00\x00\x00\x00\x06\x00\x00\x00\x08mouse_u\
p\x07\x00\x00\x00\x0bEditTaskTa\
b\x01\x03\x00\x00\x00\x08y\xfbR\xa8\x9f h\x07\x08\
\x00\x00\x00\x00\x06\x00\x00\x00\x04move\x07\x00\x00\
\x00\x0bEditTaskTab\x01\x03\x00\
\x00\x00\x0cv\xf8[\xf9y\xfbR\xa8\x9f h\x07\x08\
\x00\x00\x00\x00\x06\x00\x00\x00\x0dmove_re\
lative\x07\x00\x00\x00\x0bEditT\
askTab\x01\x03\x00\x00\x00\x06N\x0bN\x00\
^'\x08\x00\x00\x00\x00\x06\x00\x00\x00\x0anext\
_frame\x07\x00\x00\x00\x0bEditT\
askTab\x01\x03\x00\x00\x00\x04\x90\x1aw\xe5\
\x08\x00\x00\x00\x00\x06\x00\x00\x00\x0cnotifi\
cation\x07\x00\x00\x00\x0bEditT\
askTab\x01\x03\x00\x00\x00\x0e\x00O\x00C\
\x00Re\x87[W\x8b\xc6R+\x08\x00\x00\x00\x00\x06\
\x00\x00\x00\x03ocr\x07\x00\x00\x00\x0bEdit\
TaskTab\x01\x03\x00\x00\x00\x08\x8d\x85Q\
\xfak\xd4O\x8b\x08\x00\x00\x00\x00\x06\x00\x00\x00\x0co\
ut_of_ratio\x07\x00\x00\x00\x0b\
EditTaskTab\x01\x03\x00\x00\x00\
\x04f\x82P\x5c\x08\x00\x00\x00\x00\x06\x00\x00\x00\x05p\
ause\x07\x00\x00\x00\x0bEditTas\
kTab\x01\x03\x00\x00\x00\x08S\xf3\x95.p\xb9\
Q\xfb\x08\x00\x00\x00\x00\x06\x00\x00\x00\x0brigh\
t_click\x07\x00\x00\x00\x0bEdit\
TaskTab\x01\x03\x00\x00\x00\x04b*V\
\xfe\x08\x00\x00\x00\x00\x06\x00\x00\x00\x0ascree\
nshot\x07\x00\x00\x00\x0bEditTa\
skTab\x01\x03\x00\x00\x00\x04n\xdaR\xa8\x08\
\x00\x00\x00\x00\x06\x00\x00\x00\x06scroll\x07\
\x00\x00\x00\x0bEditTaskTab\x01\
\x03\x00\x00\x00\x08v\xf8[\xf9n\xdaR\xa8\x08\x00\x00\
\x00\x00\x06\x00\x00\x00\x0fscroll_re\
lative\x07\x00\x00\x00\x0bEditT\
askTab\x01\x03\x00\x00\x00\x08S\xd1\x90\x01\
c\x09\x95.\x08\x00\x00\x00\x00\x06\x00\x00\x00\x08se\
nd_key\x07\x00\x00\x00\x0bEditT\
askTab\x01\x03\x00\x00\x00\x08c\x09N\x0b\
c\x09\x95.\x08\x00\x00\x00\x00\x06\x00\x00\x00\x0dse\
nd_key_down\x07\x00\x00\x00\x0b\
EditTaskTab\x01\x03\x00\x00\x00\
\x08g~_\x00c\x09\x95.\x08\x00\x00\x00\x00\x06\x00\
\x00\x00\x0bsend_key_up\x07\x00\
\x00\x00\x0bEditTaskTab\x01\x03\
\x00\x00\x00\x04O\x11w \x08\x00\x00\x00\x00\x06\x00\x00\
\x00\x05sleep\x07\x00\x00\x00\x0bEdit\
TaskTab\x01\x03\x00\x00\x00\x08O\x11w\
 h\xc0g\xe5\x08\x00\x00\x00\x00\x06\x00\x00\x00\x0bs\
leep_check\x07\x00\x00\x00\x0bE\
ditTaskTab\x01\x03\x00\x00\x00\x08\
T/R\xa8\x8b\xbeY\x07\x08\x00\x00\x00\x00\x06\x00\x00\
\x00\x0cstart_device\x07\x00\
\x00\x00\x0bEditTaskTab\x01\x03\
\x00\x00\x00\x04n\xd1R\xa8\x08\x00\x00\x00\x00\x06\x00\x00\
\x00\x05swipe\x07\x00\x00\x00\x0bEdit\
TaskTab\x01\x03\x00\x00\x00\x08v\xf8[\
\xf9n\xd1R\xa8\x08\x00\x00\x00\x00\x06\x00\x00\x00\x0es\
wipe_relative\x07\x00\x00\
\x00\x0bEditTaskTab\x01\x03\x00\
\x00\x00\x04\x7f\xfb\x8b\xd1\x08\x00\x00\x00\x00\x06\x00\x00\x00\
\x02tr\x07\x00\x00\x00\x0bEditTask\
Tab\x01\x03\x00\x00\x00\x04\x89\xe6S\xd1\x08\x00\x00\
\x00\x00\x06\x00\x00\x00\x07trigger\x07\x00\
\x00\x00\x0bEditTaskTab\x01\x03\
\x00\x00\x00\x04`bY\x0d\x08\x00\x00\x00\x00\x06\x00\x00\
\x00\x07unpause\x07\x00\x00\x00\x0bEd\
itTaskTab\x01\x03\x00\x00\x00\x0c{\
I_\x85^vp\xb9Q\xfbhF\x08\x00\x00\x00\x00\
\x06\x00\x00\x00\x0ewait_click_\
box\x07\x00\x00\x00\x0bEditTask\
Tab\x01\x03\x00\x00\x00\x0e{I_\x85^vp\
\xb9Q\xfbry_\x81\x08\x00\x00\x00\x00\x06\x00\x00\x00\
\x12wait_click_feat\
ure\x07\x00\x00\x00\x0bEditTask\
Tab\x01\x03\x00\x00\x00\x14{I_\x85^vp\
\xb9Q\xfb\x00O\x00C\x00Re\x87[W\x08\x00\x00\
\x00\x00\x06\x00\x00\x00\x0ewait_clic\
k_ocr\x07\x00\x00\x00\x0bEditTa\
skTab\x01\x03\x00\x00\x00\x08{I_\x85r\
y_\x81\x08\x00\x00\x00\x00\x06\x00\x00\x00\x0cwai\
t_feature\x07\x00\x00\x00\x0bEd\
itTaskTab\x01\x03\x00\x00\x00\x0e{\
I_\x85\x00O\x00C\x00Re\x87[W\x08\x00\x00\
\x00\x00\x06\x00\x00\x00\x08wait_ocr\x07\
\x00\x00\x00\x0bEditTaskTab\x01\
\x03\x00\x00\x00\x08{I_\x85v\xf4R0\x08\x00\x00\
\x00\x00\x06\x00\x00\x00\x0await_unti\
l\x07\x00\x00\x00\x0bEditTaskTa\
b\x01\x03\x00\x00\x00\x08\x5cO^U[\xbd^\xa6\x08\
\x00\x00\x00\x00\x06\x00\x00\x00\x0fwidth_o\
f_screen\x07\x00\x00\x00\x0bEdi\
tTaskTab\x01\x03\x00\x00\x00\x08\x91\xcd\
\x7fn\x91M\x7fn\x08\x00\x00\x00\x00\x06\x00\x00\x00\x0c\
Reset Config\x07\x00\x00\x00\
\x10GlobalConfigCar\
d\x01\x03\x00\x00\x00\x08\x91\xcd\x7fn\x91M\x7fn\x08\
\x00\x00\x00\x00\x06\x00\x00\x00\x0cReset C\
onfig\x07\x00\x00\x00\x0fGlobal\
ConfigTab\x01\x03\x00\x00\x00\x04S\
\xd6m\x88\x08\x00\x00\x00\x00\x06\x00\x00\x00\x06Can\
cel\x07\x00\x00\x00\x0bHwndChoo\
ser\x01\x03\x00\x00\x00\x08\x90\x09b\xe9z\x97S\
\xe3\x08\x00\x00\x00\x00\x06\x00\x00\x00\x0dChoos\
e Window\x07\x00\x00\x00\x0bHwn\
dChooser\x01\x03\x00\x00\x00\x04xn\
\x8b\xa4\x08\x00\x00\x00\x00\x06\x00\x00\x00\x07Conf\
irm\x07\x00\x00\x00\x0bHwndChoo\
ser\x01\x03\x00\x00\x00\x0c\x00{\x00}\x00 ]\
\xf2\x90\x09b\xe9\x08\x00\x00\x00\x00\x06\x00\x00\x00\x0b{\
} Selected\x07\x00\x00\x00\x0bH\
wndChooser\x01\x03\x00\x00\x00\x04\
S\xd6m\x88\x08\x00\x00\x00\x00\x06\x00\x00\x00\x06Ca\
ncel\x07\x00\x00\x00\x13ImportW\
arningDialog\x01\x03\x00\x00\
\x00\x04xn\x8b\xa4\x08\x00\x00\x00\x00\x06\x00\x00\x00\x07\
Confirm\x07\x00\x00\x00\x13Impo\
rtWarningDialog\x01\
\x03\x00\x00\x00\x1cb\x11N\x86\x89\xe3\x98\xce\x96i^\
v^\x0cg\x1b[\xfcQekd\x81\x1ag,0\
\x02\x08\x00\x00\x00\x00\x06\x00\x00\x006I und\
erstand the risk\
s and want to im\
port this script\
.\x07\x00\x00\x00\x13ImportWarn\
ingDialog\x01\x03\x00\x00\x00x\x8b\
\xf7xnO\xdd`\xa8O\xe1N\xfb\x81\x1ag,S\
\xd1^\x03\x80\x05\xff\x0cg*~\xcf\x9a\x8c\x8b\xc1v\
\x84\x81\x1ag,S\xef\x80\xfdO\x1a\xff\x08OFN\
\x0d\x96PN\x8e\xff\x09z\x83S\xd6`\xa8v\x84\x8d\
&b7\x00/epcn\x00/\x91\xd1\x94\xb1\xff\
\x0cx4WO`\xa8v\x84epcn\xff\x0cb\
\x16c_WO\x00/c\xa7R6`\xa8v\x84\x8b\
\xa1{\x97g:0\x02\x08\x00\x00\x00\x00\x06\x00\x00\x00\
\xabMake sure that \
you trust the sc\
ript publisher, \
unverified scrip\
t can and not li\
mited to steal y\
our account/ dat\
a money, destroy\
 your data, harm\
/ controlling yo\
ur computer.\x07\x00\x00\x00\
\x13ImportWarningDi\
alog\x01\x03\x00\x00\x00\x04\x8bfTJ\x08\x00\
\x00\x00\x00\x06\x00\x00\x00\x07Warning\x07\
\x00\x00\x00\x13ImportWarnin\
gDialog\x01\x03\x00\x00\x00\x10b@g\
\x09e\x87N\xf6\x00 \x00(\x00*\x00)\x08\x00\x00\
\x00\x00\x06\x00\x00\x00\x0dAll Files\
 (*)\x07\x00\x00\x00\x14LabelAn\
dFileSelector\x01\x03\x00\
\x00\x00\x04mO\x89\xc8\x08\x00\x00\x00\x00\x06\x00\x00\x00\
\x06Browse\x07\x00\x00\x00\x14Labe\
lAndFileSelector\
\x01\x03\x00\x00\x00\x08\x90\x09b\xe9e\x87N\xf6\x08\x00\
\x00\x00\x00\x06\x00\x00\x00\x0bSelect F\
ile\x07\x00\x00\x00\x14LabelAnd\
FileSelector\x01\x03\x00\x00\
\x00\x10\x90\x09b\xe9e\x87N\xf6b\x16e\x87N\xf6\
Y9\x08\x00\x00\x00\x00\x06\x00\x00\x00\x15Sele\
ct File or Folde\
r\x07\x00\x00\x00\x14LabelAndFi\
leSelector\x01\x03\x00\x00\x00\x0a\
\x90\x09b\xe9e\x87N\xf6Y9\x08\x00\x00\x00\x00\x06\
\x00\x00\x00\x0dSelect Folde\
r\x07\x00\x00\x00\x14LabelAndFi\
leSelector\x01\x03\x00\x00\x00\x06\
S\xbb\x8b\xbe\x7fn\x08\x00\x00\x00\x00\x06\x00\x00\x00\x0c\
Go to Config\x07\x00\x00\x00\
\x0eLabelAndGlobal\x01\
\x03\x00\x00\x00\x02T&\x08\x00\x00\x00\x00\x06\x00\x00\x00\
\x02No\x07\x00\x00\x00\x14LabelAnd\
SwitchButton\x01\x03\x00\x00\
\x00\x02f/\x08\x00\x00\x00\x00\x06\x00\x00\x00\x03Ye\
s\x07\x00\x00\x00\x14LabelAndSw\
itchButton\x01\x03\x00\x00\x00\x0e\
\x00D\x00i\x00s\x00c\x00o\x00r\x00d\x08\x00\
\x00\x00\x00\x06\x00\x00\x00\x07Discord\x07\
\x00\x00\x00\x08LinksBar\x01\x03\x00\x00\
\x00\x08^8\x89\xc1\x95\xee\x98\x98\x08\x00\x00\x00\x00\x06\
\x00\x00\x00\x03FAQ\x07\x00\x00\x00\x08Link\
sBar\x01\x03\x00\x00\x00\x0c\x00G\x00i\x00t\
\x00H\x00u\x00b\x08\x00\x00\x00\x00\x06\x00\x00\x00\x06\
GitHub\x07\x00\x00\x00\x08Links\
Bar\x01\x03\x00\x00\x00\x0cR\x06N\xabN\x0b\x8f\
}\x94\xfec\xa5\x08\x00\x00\x00\x00\x06\x00\x00\x00\x05S\
hare\x07\x00\x00\x00\x08LinksBa\
r\x01\x03\x00\x00\x00\x18R\x06N\xab\x94\xfec\xa5]\
\xf2~\xcfY\x0dR6R0RjR\x07g\x7f\x08\
\x00\x00\x00\x00\x06\x00\x00\x00\x1eShare L\
ink copied to cl\
ipboard\x07\x00\x00\x00\x08Link\
sBar\x01\x03\x00\x00\x00\x04\x8d^R\xa9\x08\x00\
\x00\x00\x00\x06\x00\x00\x00\x07Sponsor\x07\
\x00\x00\x00\x08LinksBar\x01\x03\x00\x00\
\x00\x08Qh\x90\xe8~\xa7R+\x08\x00\x00\x00\x00\x06\
\x00\x00\x00\x0aAll Levels\x07\x00\
\x00\x00\x09LogWindow\x01\x03\x00\x00\
\x00\x04n\x05zz\x08\x00\x00\x00\x00\x06\x00\x00\x00\x05\
Clear\x07\x00\x00\x00\x09LogWin\
dow\x01\x03\x00\x00\x00\x04Qs\x95\xed\x08\x00\x00\
\x00\x00\x06\x00\x00\x00\x05Close\x07\x00\x00\x00\
\x09LogWindow\x01\x03\x00\x00\x00\x04\
b\xd6R\xa8\x08\x00\x00\x00\x00\x06\x00\x00\x00\x04Dr\
ag\x07\x00\x00\x00\x09LogWindow\
\x01\x03\x00\x00\x00\x0e\x8f\xc7n\xe4e\xe5_\xd7\x00.\
\x00.\x00.\x08\x00\x00\x00\x00\x06\x00\x00\x00\x0eFi\
lter logs...\x07\x00\x00\x00\
\x09LogWindow\x01\x03\x00\x00\x00\x08\
bS_\x00e\xe5_\xd7\x08\x00\x00\x00\x00\x06\x00\x00\
\x00\x09Open Logs\x07\x00\x00\x00\x09\
LogWindow\x01\x03\x00\x00\x00\x04f\
\x82P\x5c\x08\x00\x00\x00\x00\x06\x00\x00\x00\x05Pau\
se\x07\x00\x00\x00\x09LogWindow\
\x01\x03\x00\x00\x00\x04\x7fn\x98v\x08\x00\x00\x00\x00\x06\
\x00\x00\x00\x03Pin\x07\x00\x00\x00\x09LogW\
indow\x01\x03\x00\x00\x00\x04~\xe7~\xed\x08\
\x00\x00\x00\x00\x06\x00\x00\x00\x06Resume\x07\
\x00\x00\x00\x09LogWindow\x01\x03\x00\
\x00\x00\x08S\xd6m\x88\x7fn\x98v\x08\x00\x00\x00\x00\
\x06\x00\x00\x00\x05Unpin\x07\x00\x00\x00\x09L\
ogWindow\x01\x03\x00\x00\x00\x08g\xe5\
w\x0be\xe5_\xd7\x08\x00\x00\x00\x00\x06\x00\x00\x00\x08\
View Log\x07\x00\x00\x00\x09Log\
Window\x01\x03\x00\x00\x00 {I_\x85\
\x00 \x00o\x00k\x00-\x00s\x00c\x00r\x00i\
\x00p\x00t\x00.\x00l\x00o\x00g\x08\x00\x00\x00\
\x00\x06\x00\x00\x00\x19Waiting fo\
r ok-script.log\x07\
\x00\x00\x00\x09LogWindow\x01\x03\x00\
\x00\x00\x02ga\x08\x00\x00\x00\x00\x06\x00\x00\x00\x07r\
ecords\x07\x00\x00\x00\x09LogWi\
ndow\x01\x03\x00\x00\x00\x04QsN\x8e\x08\x00\
\x00\x00\x00\x06\x00\x00\x00\x05About\x07\x00\x00\
\x00\x0aMainWindow\x01\x03\x00\x00\
\x00\x08b*V\xfee\xb9_\x0f\x08\x00\x00\x00\x00\x06\
\x00\x00\x00\x07Capture\x07\x00\x00\x00\x0a\
MainWindow\x01\x03\x00\x00\x00\x08\
b*V\xfe\x95\x19\x8b\xef\x08\x00\x00\x00\x00\x06\x00\x00\
\x00\x0dCapture Error\x07\
\x00\x00\x00\x0aMainWindow\x01\x03\
\x00\x00\x00\x08_\x00S\xd1]\xe5Qw\x08\x00\x00\x00\
\x00\x06\x00\x00\x00\x05Debug\x07\x00\x00\x00\x0a\
MainWindow\x01\x03\x00\x00\x00\x04\
\x95\x19\x8b\xef\x08\x00\x00\x00\x00\x06\x00\x00\x00\x05Er\
ror\x07\x00\x00\x00\x0aMainWind\
ow\x01\x03\x00\x00\x00\x04\x90\x00Q\xfa\x08\x00\x00\x00\
\x00\x06\x00\x00\x00\x04Exit\x07\x00\x00\x00\x0aM\
ainWindow\x01\x03\x00\x00\x00\x04c\
\xd0y:\x08\x00\x00\x00\x00\x06\x00\x00\x00\x04Inf\
o\x07\x00\x00\x00\x0aMainWindow\
\x01\x03\x00\x00\x00\x06]\xf2f\x82P\x5c\x08\x00\x00\x00\
\x00\x06\x00\x00\x00\x0ePause Succ\
ess.\x07\x00\x00\x00\x0aMainWin\
dow\x01\x03\x00\x00\x00\x1a\x8b\xf7h\xc0g\xe5n\
8b\x0fz\x97S\xe3f/T&kcxn\x90\
\x09b\xe9\x08\x00\x00\x00\x00\x06\x00\x00\x00;Ple\
ase check whethe\
r the game windo\
w is selected co\
rrectly!\x07\x00\x00\x00\x0aMai\
nWindow\x01\x03\x00\x00\x00\x06kc_\
\x0frH\x08\x00\x00\x00\x00\x06\x00\x00\x00\x07Rel\
ease\x07\x00\x00\x00\x0aMainWin\
dow\x01\x03\x00\x00\x00\x08\x8f\xd0\x88LN\xe3x\
\x01\x08\x00\x00\x00\x00\x06\x00\x00\x00\x08Run C\
ode\x07\x00\x00\x00\x0aMainWind\
ow\x01\x03\x00\x00\x00\x08\x8b\xa1R\x12N\xfbR\xa1\
\x08\x00\x00\x00\x00\x06\x00\x00\x00\x08Schedu\
le\x07\x00\x00\x00\x0aMainWindo\
w\x01\x03\x00\x00\x00\x04\x81\x1ag,\x08\x00\x00\x00\x00\
\x06\x00\x00\x00\x06Script\x07\x00\x00\x00\x0a\
MainWindow\x01\x03\x00\x00\x00\x04\
\x8b\xbe\x7fn\x08\x00\x00\x00\x00\x06\x00\x00\x00\x08Se\
ttings\x07\x00\x00\x00\x0aMainW\
indow\x01\x03\x00\x00\x00\x08T/R\xa8b\
\x10R\x9f\x08\x00\x00\x00\x00\x06\x00\x00\x00\x0eSta\
rt Success.\x07\x00\x00\x00\x0a\
MainWindow\x01\x03\x00\x00\x00\x04\
N\xfbR\xa1\x08\x00\x00\x00\x00\x06\x00\x00\x00\x05Ta\
sks\x07\x00\x00\x00\x0aMainWind\
ow\x01\x03\x00\x00\x00\x04j!g\x7f\x08\x00\x00\x00\
\x00\x06\x00\x00\x00\x09Templates\x07\
\x00\x00\x00\x0aMainWindow\x01\x03\
\x00\x00\x008\x8f\xd9f/N\x00N*QM\x8d9\
\x8foN\xf6\x00,\x00 Y\x82g\x9cO`N\xce\
N\xfbOUW0e\xb9\x8d-Np\x00,\x00 \
\x8b\xf7u3\x8b\xf7\x90\x00k>\x00!\x08\x00\x00\x00\
\x00\x06\x00\x00\x00ZThis is a \
free software. I\
f you purchased \
this anywhere, r\
equest a refund \
from the seller.\
\x07\x00\x00\x00\x0aMainWindow\x01\
\x03\x00\x00\x00\x06\x89\xe6S\xd1Vh\x08\x00\x00\x00\x00\
\x06\x00\x00\x00\x08Triggers\x07\x00\x00\
\x00\x0aMainWindow\x01\x03\x00\x00\
\x00\x08f\xf4e\xb0rHg,\x08\x00\x00\x00\x00\x06\
\x00\x00\x00\x06Update\x07\x00\x00\x00\x0aM\
ainWindow\x01\x03\xff\xff\xff\xff\x08\
\x00\x00\x00\x00\x06\x00\x00\x00\x06\xe6\xbf\x80\xe6\xb4\xbb\x07\
\x00\x00\x00\x0aMainWindow\x01\x03\
\x00\x00\x00\x0a\x89\xe6S\xd1Vhr\xb6`\x01\x08\x00\
\x00\x00\x00\x06\x00\x00\x00\x0f\xe8\xa7\xa6\xe5\x8f\x91\xe5\x99\
\xa8\xe7\x8a\xb6\xe6\x80\x81\x07\x00\x00\x00\x0aMain\
Window\x01\x03\x00\x00\x00\x0cR \x96d\
\x00 \x00(\x00D\x00)\x08\x00\x00\x00\x00\x06\x00\x00\
\x00\x0aDelete (D)\x07\x00\x00\x00\
\x0cMarkUpWindow\x01\x03\x00\
\x00\x00\x0c~\xd8R6\x00 \x00(\x00R\x00)\x08\
\x00\x00\x00\x00\x06\x00\x00\x00\x08Draw (R\
)\x07\x00\x00\x00\x0cMarkUpWind\
ow\x01\x03\x00\x00\x00\x0ah\x07l\xe8\x7f\x16\x8f\x91\
Vh\x08\x00\x00\x00\x00\x06\x00\x00\x00\x0dMark\
up Editor\x07\x00\x00\x00\x0cMa\
rkUpWindow\x01\x03\x00\x00\x00\x0e\
O\xeee9\x00 \x00(S\xccQ\xfb\x00)\x08\x00\
\x00\x00\x00\x06\x00\x00\x00\x15Modify (\
Double Click)\x07\x00\x00\
\x00\x0cMarkUpWindow\x01\x03\
\x00\x00\x00\x10S\xf3\x95.p\xb9Q\xfbY\x0dR6\
\x98\x9c\x82r\x08\x00\x00\x00\x00\x06\x00\x00\x00\x19Ri\
ght click to cop\
y color\x07\x00\x00\x00\x0cMark\
UpWindow\x01\x03\x00\x00\x00\x04xn\
\x8b\xa4\x08\x00\x00\x00\x00\x06\x00\x00\x00\x07Conf\
irm\x07\x00\x00\x00\x0dMessageW\
indow\x01\x03\x00\x00\x00\x04m\xfbR\xa0\x08\
\x00\x00\x00\x00\x06\x00\x00\x00\x03Add\x07\x00\x00\x00\
\x10ModifyListDialo\
g\x01\x03\x00\x00\x00\x08S\xefu(\x90\x09\x98y\x08\
\x00\x00\x00\x00\x06\x00\x00\x00\x11Availab\
le Options\x07\x00\x00\x00\x10M\
odifyListDialog\x01\
\x03\x00\x00\x00\x04S\xd6m\x88\x08\x00\x00\x00\x00\x06\x00\
\x00\x00\x06Cancel\x07\x00\x00\x00\x10Mo\
difyListDialog\x01\x03\
\x00\x00\x00\x10p\xb9Q\xfb\x90\x09\x98yN\xe5m\xfb\
R\xa00\x02\x08\x00\x00\x00\x00\x06\x00\x00\x00\x1aCl\
ick an option to\
 add it.\x07\x00\x00\x00\x10Mod\
ifyListDialog\x01\x03\x00\
\x00\x00\x04xn\x8b\xa4\x08\x00\x00\x00\x00\x06\x00\x00\x00\
\x07Confirm\x07\x00\x00\x00\x10Mod\
ifyListDialog\x01\x03\x00\
\x00\x00\x04O\xeee9\x08\x00\x00\x00\x00\x06\x00\x00\x00\
\x06Modify\x07\x00\x00\x00\x10Modi\
fyListDialog\x01\x03\x00\x00\
\x00\x04N\x0by\xfb\x08\x00\x00\x00\x00\x06\x00\x00\x00\x09\
Move Down\x07\x00\x00\x00\x10Mo\
difyListDialog\x01\x03\
\x00\x00\x00\x04N\x0ay\xfb\x08\x00\x00\x00\x00\x06\x00\x00\
\x00\x07Move Up\x07\x00\x00\x00\x10Mo\
difyListDialog\x01\x03\
\x00\x00\x00\x04y\xfb\x96d\x08\x00\x00\x00\x00\x06\x00\x00\
\x00\x06Remove\x07\x00\x00\x00\x10Mod\
ifyListDialog\x01\x03\x00\
\x00\x00\x0ed\x1c}\x22\x90\x09\x98y\x00.\x00.\x00\
.\x08\x00\x00\x00\x00\x06\x00\x00\x00\x11Searc\
h options...\x07\x00\x00\x00\
\x10ModifyListDialo\
g\x01\x03\x00\x00\x00\x08]\xf2\x90\x09\x90\x09\x98y\x08\
\x00\x00\x00\x00\x06\x00\x00\x00\x10Selecte\
d Options\x07\x00\x00\x00\x10Mo\
difyListDialog\x01\x03\
\x00\x00\x00\x04O\xeee9\x08\x00\x00\x00\x00\x06\x00\x00\
\x00\x06Modify\x07\x00\x00\x00\x0eMod\
ifyListItem\x01\x03\x00\x00\x00\
\x12\xff\x08\x000\x00 \x00=\x00 N\x0dT/u\
(\xff\x09\x08\x00\x00\x00\x00\x06\x00\x00\x00\x0e(0 \
= disabled)\x07\x00\x00\x00\x18\
ModifyScheduleTa\
skDialog\x01\x03\x00\x00\x00\x0a\x002\
\x004\x5c\x0fe\xf6R6\x08\x00\x00\x00\x00\x06\x00\x00\
\x00\x0324h\x07\x00\x00\x00\x18Modify\
ScheduleTaskDial\
og\x01\x03\x00\x00\x00\x1cN\xfbR\xa1[\x8cb\x10\
T\x0e\x81\xeaR\xa8\x90\x00Q\xfa\x00 \x00(\x00-\
\x00e\x00)\x08\x00\x00\x00\x00\x06\x00\x00\x00\x1eAu\
to exit after ta\
sk done (-e)\x07\x00\x00\x00\
\x18ModifyScheduleT\
askDialog\x01\x03\x00\x00\x00\x04S\
\xd6m\x88\x08\x00\x00\x00\x00\x06\x00\x00\x00\x06Can\
cel\x07\x00\x00\x00\x18ModifySc\
heduleTaskDialog\
\x01\x03\x00\x00\x00\x06\x81\xea[\x9aNI\x08\x00\x00\x00\
\x00\x06\x00\x00\x00\x06Custom\x07\x00\x00\x00\
\x18ModifyScheduleT\
askDialog\x01\x03\x00\x00\x00\x0e\x81\
\xea[\x9aNIe\xf6\x95\xf4\x8b\xbe\x7fn\x08\x00\x00\
\x00\x00\x06\x00\x00\x00\x0fCustom In\
terval\x07\x00\x00\x00\x18Modif\
yScheduleTaskDia\
log\x01\x03\x00\x00\x00\x04k\xcfY)\x08\x00\x00\
\x00\x00\x06\x00\x00\x00\x05Daily\x07\x00\x00\x00\
\x18ModifyScheduleT\
askDialog\x01\x03\x00\x00\x00\x02Y\
)\x08\x00\x00\x00\x00\x06\x00\x00\x00\x04Days\x07\
\x00\x00\x00\x18ModifySchedu\
leTaskDialog\x01\x03\x00\x00\
\x00\x02e\xf6\x08\x00\x00\x00\x00\x06\x00\x00\x00\x04Ho\
ur\x07\x00\x00\x00\x18ModifySch\
eduleTaskDialog\x01\
\x03\x00\x00\x00\x04\x5c\x0fe\xf6\x08\x00\x00\x00\x00\x06\x00\
\x00\x00\x05Hours\x07\x00\x00\x00\x18Mod\
ifyScheduleTaskD\
ialog\x01\x03\x00\x00\x00\x02R\x06\x08\x00\x00\
\x00\x00\x06\x00\x00\x00\x06Minute\x07\x00\x00\
\x00\x18ModifySchedule\
TaskDialog\x01\x03\x00\x00\x00\x04\
O\xeee9\x08\x00\x00\x00\x00\x06\x00\x00\x00\x06Mo\
dify\x07\x00\x00\x00\x18ModifyS\
cheduleTaskDialo\
g\x01\x03\x00\x00\x00\x0cO\xeee9\x8b\xa1R\x12N\
\xfbR\xa1\x08\x00\x00\x00\x00\x06\x00\x00\x00\x14Mod\
ify Schedule Tas\
k\x07\x00\x00\x00\x18ModifySche\
duleTaskDialog\x01\x03\
\x00\x00\x00\x04k\xcfg\x08\x08\x00\x00\x00\x00\x06\x00\x00\
\x00\x07Monthly\x07\x00\x00\x00\x18Mo\
difyScheduleTask\
Dialog\x01\x03\x00\x00\x00\x04N\x00k!\
\x08\x00\x00\x00\x00\x06\x00\x00\x00\x04Once\x07\x00\
\x00\x00\x18ModifySchedul\
eTaskDialog\x01\x03\x00\x00\x00\
\x08_\x00Y\xcbe\xf6\x95\xf4\x08\x00\x00\x00\x00\x06\x00\
\x00\x00\x0aStart Time\x07\x00\x00\
\x00\x18ModifySchedule\
TaskDialog\x01\x03\x00\x00\x00\x08\
T/R\xa8\x90\x09\x98y\x08\x00\x00\x00\x00\x06\x00\x00\
\x00\x0fStartup Option\
s\x07\x00\x00\x00\x18ModifySche\
duleTaskDialog\x01\x03\
\x00\x00\x00\x12N\xfbR\xa1}\x22_\x15\x00 \x00(\
\x00-\x00t\x00)\x08\x00\x00\x00\x00\x06\x00\x00\x00\x0f\
Task Index (-t)\x07\
\x00\x00\x00\x18ModifySchedu\
leTaskDialog\x01\x03\x00\x00\
\x00\x08N\xfbR\xa1T\x0dy\xf0\x08\x00\x00\x00\x00\x06\
\x00\x00\x00\x09Task Name\x07\x00\x00\
\x00\x18ModifySchedule\
TaskDialog\x01\x03\x00\x00\x00\x08\
\x8d\x85e\xf6e\xf6\x95\xf4\x08\x00\x00\x00\x00\x06\x00\x00\
\x00\x07Timeout\x07\x00\x00\x00\x18Mo\
difyScheduleTask\
Dialog\x01\x03\x00\x00\x00\x08\x89\xe6S\xd1\
|{W\x8b\x08\x00\x00\x00\x00\x06\x00\x00\x00\x0cTr\
igger Type\x07\x00\x00\x00\x18M\
odifyScheduleTas\
kDialog\x01\x03\x00\x00\x00\x04k\xcfT\
h\x08\x00\x00\x00\x00\x06\x00\x00\x00\x06Weekl\
y\x07\x00\x00\x00\x18ModifySche\
duleTaskDialog\x01\x03\
\x00\x00\x00\x16\x5c\x0fe\xf6\xff\x08\x000\x00 \x00=\
\x00 e\xe0\x96PR6\xff\x09\x08\x00\x00\x00\x00\x06\
\x00\x00\x00\x15hours (0 = u\
nlimited)\x07\x00\x00\x00\x18Mo\
difyScheduleTask\
Dialog\x01\x03\x00\x00\x00 O`xn\
[\x9a\x89\x81R \x96d\x81\x1ag,\x00 \x00\x22\
\x00{\x00}\x00\x22\x00 T\x17\xff\x1f\x08\x00\x00\x00\
\x00\x06\x00\x00\x000Are you su\
re you want to d\
elete the script\
 \x22{}\x22?\x07\x00\x00\x00\x0eOneTi\
meTaskTab\x01\x03\x00\x00\x00\x08\x90\
\x09b\xe9z\x97S\xe3\x08\x00\x00\x00\x00\x06\x00\x00\x00\
\x0dChoose Window\x07\x00\
\x00\x00\x0eOneTimeTaskTa\
b\x01\x03\x00\x00\x00\x06]\xf2[\x8cb\x10\x08\x00\x00\
\x00\x00\x06\x00\x00\x00\x09Completed\
\x07\x00\x00\x00\x0eOneTimeTask\
Tab\x01\x03\x00\x00\x00\x08xn\x8b\xa4R \x96\
d\x08\x00\x00\x00\x00\x06\x00\x00\x00\x0eConfi\
rm Delete\x07\x00\x00\x00\x0eOn\
eTimeTaskTab\x01\x03\x00\x00\
\x00\x08R \x96d\x81\x1ag,\x08\x00\x00\x00\x00\x06\
\x00\x00\x00\x0dDelete Scrip\
t\x07\x00\x00\x00\x0eOneTimeTas\
kTab\x01\x03\x00\x00\x00\x04O\xe1`o\x08\x00\
\x00\x00\x00\x06\x00\x00\x00\x04Info\x07\x00\x00\x00\
\x0eOneTimeTaskTab\x01\
\x03\x00\x00\x00\x06\x8f\xd0\x88LN-\x08\x00\x00\x00\x00\
\x06\x00\x00\x00\x07Running\x07\x00\x00\x00\
\x0eOneTimeTaskTab\x01\
\x03\x00\x00\x00\x02P<\x08\x00\x00\x00\x00\x06\x00\x00\x00\
\x05Value\x07\x00\x00\x00\x0eOneTi\
meTaskTab\x01\x03\x00\x00\x00N\x00\
{\x00x\x00}\x00,\x00 \x00{\x00y\x00}\x00\
,\x00 \x00{\x00x\x00r\x00:\x00.\x003\x00\
f\x00}\x00,\x00 \x00{\x00y\x00r\x00:\x00\
.\x003\x00f\x00}\x00 \x00(\x00A\x00l\x00\
t\x00+S\xf3\x95.Y\x0dR6\x00)\x08\x00\x00\
\x00\x00\x06\x00\x00\x000{x}, {y},\
 {xr:.3f}, {yr:.\
3f} (alt+right t\
o copy)\x07\x00\x00\x00\x0dOver\
layWidget\x01\x03\x00\x00\x00\x04\x95\
\x19\x8b\xef\x08\x00\x00\x00\x00\x06\x00\x00\x00\x03app\
\x07\x00\x00\x00\x10QCoreApplic\
ation\x01\x03\x00\x00\x00\x0ag*R\xa0\x8f\
}V\xferG\x08\x00\x00\x00\x00\x06\x00\x00\x00\x0fN\
o image loaded\x07\x00\
\x00\x00\x17RegionSelectI\
mageWidget\x01\x03\x00\x00\x00\x1e\
W(kd\x8f\x93Qe\x00P\x00y\x00t\x00h\
\x00o\x00nN\xe3x\x01\x00.\x00.\x00.\x08\x00\
\x00\x00\x00\x06\x00\x00\x00\x19Enter Py\
thon code here..\
.\x07\x00\x00\x00\x0aRunCodeTab\
\x01\x03\x00\x00\x00\x18\x8f\x93Q\xfa~\xd3g\x9c\x5c\x06\
W(kdf>y:\x00.\x00.\x00.\x08\x00\
\x00\x00\x00\x06\x00\x00\x00\x1cOutput w\
ill be shown her\
e...\x07\x00\x00\x00\x0aRunCode\
Tab\x01\x03\x00\x00\x00\x08\x8f\xd0\x88LN\xe3x\
\x01\x08\x00\x00\x00\x00\x06\x00\x00\x00\x08Run C\
ode\x07\x00\x00\x00\x0aRunCodeT\
ab\x01\x03\x00\x00\x00\x14\x8f\xd0\x88L\x00P\x00y\
\x00t\x00h\x00o\x00nN\xe3x\x01\x08\x00\x00\x00\
\x00\x06\x00\x00\x00\x0fRun Python\
 Code\x07\x00\x00\x00\x0aRunCod\
eTab\x01\x03\x00\x00\x00\x0exn[\x9a\x89\x81\
R \x96dN\xfbR\xa1\x08\x00\x00\x00\x00\x06\x00\x00\
\x00$Are you sure y\
ou want to delet\
e task\x07\x00\x00\x00\x0fSched\
uleTaskTab\x01\x03\x00\x00\x00\x04\
S\xd6m\x88\x08\x00\x00\x00\x00\x06\x00\x00\x00\x06Ca\
ncel\x07\x00\x00\x00\x0fSchedul\
eTaskTab\x01\x03\x00\x00\x00\x08R\x1b\
^\xfaN\xfbR\xa1\x08\x00\x00\x00\x00\x06\x00\x00\x00\x0b\
Create Task\x07\x00\x00\x00\x0f\
ScheduleTaskTab\x01\
\x03\x00\x00\x00\x04R \x96d\x08\x00\x00\x00\x00\x06\x00\
\x00\x00\x06Delete\x07\x00\x00\x00\x0fSc\
heduleTaskTab\x01\x03\x00\
\x00\x00\x08R \x96dN\xfbR\xa1\x08\x00\x00\x00\x00\
\x06\x00\x00\x00\x0bDelete Task\
\x07\x00\x00\x00\x0fScheduleTas\
kTab\x01\x03\x00\x00\x00\x04\x95\x19\x8b\xef\x08\x00\
\x00\x00\x00\x06\x00\x00\x00\x05Error\x07\x00\x00\
\x00\x0fScheduleTaskTa\
b\x01\x03\x00\x00\x00\x0cR\x1b^\xfaN\xfbR\xa1Y\
1\x8d%\x08\x00\x00\x00\x00\x06\x00\x00\x00\x15Fai\
led to create ta\
sk\x07\x00\x00\x00\x0fScheduleT\
askTab\x01\x03\x00\x00\x00\x0cR \x96d\
N\xfbR\xa1Y1\x8d%\x08\x00\x00\x00\x00\x06\x00\x00\
\x00\x15Failed to dele\
te task\x07\x00\x00\x00\x0fSche\
duleTaskTab\x01\x03\x00\x00\x00\
\x0cR\xa0\x8f}N\xfbR\xa1Y1\x8d%\x08\x00\x00\
\x00\x00\x06\x00\x00\x00\x14Failed to\
 load tasks\x07\x00\x00\x00\x0f\
ScheduleTaskTab\x01\
\x03\x00\x00\x00\x0cO\xeee9N\xfbR\xa1Y1\x8d\
%\x08\x00\x00\x00\x00\x06\x00\x00\x00\x15Faile\
d to modify task\
\x07\x00\x00\x00\x0fScheduleTas\
kTab\x01\x03\x00\x00\x00\x1cO\xeee9N\xfb\
R\xa1Y1\x8d%\xff\x1ae\xe0l\xd5R \x96d\
e\xe7N\xfbR\xa1\x08\x00\x00\x00\x00\x06\x00\x00\x00-\
Failed to modify\
 task: cannot de\
lete old task\x07\x00\x00\
\x00\x0fScheduleTaskTa\
b\x01\x03\x00\x00\x00\x12bS_\x00O\xeee9[\
\xf9\x8b\xddhFY1\x8d%\x08\x00\x00\x00\x00\x06\x00\
\x00\x00\x1cFailed to ope\
n modify dialog\x07\
\x00\x00\x00\x0fScheduleTask\
Tab\x01\x03\x00\x00\x00\x10R\x07cbN\xfbR\
\xa1r\xb6`\x01Y1\x8d%\x08\x00\x00\x00\x00\x06\x00\
\x00\x00\x15Failed to tog\
gle task\x07\x00\x00\x00\x0fSch\
eduleTaskTab\x01\x03\x00\x00\
\x00\x04R7e\xb0\x08\x00\x00\x00\x00\x06\x00\x00\x00\x07\
Refresh\x07\x00\x00\x00\x0fSche\
duleTaskTab\x01\x03\x00\x00\x00\
\x08R7e\xb0Y1\x8d%\x08\x00\x00\x00\x00\x06\x00\
\x00\x00\x0eRefresh faile\
d\x07\x00\x00\x00\x0fScheduleTa\
skTab\x01\x03\x00\x00\x00\x08\x8b\xa1R\x12N\
\xfbR\xa1\x08\x00\x00\x00\x00\x06\x00\x00\x00\x0eSch\
edule Tasks\x07\x00\x00\x00\x0f\
ScheduleTaskTab\x01\
\x03\x00\x00\x00\x04b\x10R\x9f\x08\x00\x00\x00\x00\x06\x00\
\x00\x00\x07Success\x07\x00\x00\x00\x0fS\
cheduleTaskTab\x01\x03\
\x00\x00\x00\x0cN\xfbR\xa1R\x1b^\xfab\x10R\x9f\
\x08\x00\x00\x00\x00\x06\x00\x00\x00\x19Task c\
reated successfu\
lly\x07\x00\x00\x00\x0fSchedule\
TaskTab\x01\x03\x00\x00\x00\x0cN\xfbR\
\xa1R \x96db\x10R\x9f\x08\x00\x00\x00\x00\x06\x00\
\x00\x00\x19Task deleted \
successfully\x07\x00\x00\x00\
\x0fScheduleTaskTab\
\x01\x03\x00\x00\x00\x0aN\xfbR\xa1]\xf2y\x81u(\
\x08\x00\x00\x00\x00\x06\x00\x00\x00\x0dTask d\
isabled\x07\x00\x00\x00\x0fSche\
duleTaskTab\x01\x03\x00\x00\x00\
\x0aN\xfbR\xa1]\xf2T/u(\x08\x00\x00\x00\x00\
\x06\x00\x00\x00\x0cTask enable\
d\x07\x00\x00\x00\x0fScheduleTa\
skTab\x01\x03\x00\x00\x00\x0cN\xfbR\xa1O\
\xeee9b\x10R\x9f\x08\x00\x00\x00\x00\x06\x00\x00\x00\
\x1aTask modified s\
uccessfully\x07\x00\x00\x00\x0f\
ScheduleTaskTab\x01\
\x03\x00\x00\x00\x10\x7f\x13[XN-g*b~R\
0N\xfbR\xa1\x08\x00\x00\x00\x00\x06\x00\x00\x00\x17T\
ask not found in\
 cache\x07\x00\x00\x00\x0fSched\
uleTaskTab\x01\x03\x00\x00\x00\x0a\
N\xfbR\xa1]\xf2R7e\xb0\x08\x00\x00\x00\x00\x06\
\x00\x00\x00\x0fTasks refres\
hed\x07\x00\x00\x00\x0fSchedule\
TaskTab\x01\x03\x00\x00\x00\x04d\xcdO\
\x5c\x08\x00\x00\x00\x00\x06\x00\x00\x00\x07Actio\
ns\x07\x00\x00\x00\x11ScheduleT\
askTable\x01\x03\x00\x00\x00\x06\x81\xea\
[\x9aNI\x08\x00\x00\x00\x00\x06\x00\x00\x00\x06Cu\
stom\x07\x00\x00\x00\x11Schedul\
eTaskTable\x01\x03\x00\x00\x00\x04\
k\xcfY)\x08\x00\x00\x00\x00\x06\x00\x00\x00\x05Da\
ily\x07\x00\x00\x00\x11Schedule\
TaskTable\x01\x03\x00\x00\x00\x04R\
 \x96d\x08\x00\x00\x00\x00\x06\x00\x00\x00\x06Del\
ete\x07\x00\x00\x00\x11Schedule\
TaskTable\x01\x03\x00\x00\x00\x06]\
\xf2y\x81u(\x08\x00\x00\x00\x00\x06\x00\x00\x00\x08D\
isabled\x07\x00\x00\x00\x11Sche\
duleTaskTable\x01\x03\x00\
\x00\x00\x06]\xf2T/u(\x08\x00\x00\x00\x00\x06\x00\
\x00\x00\x07Enabled\x07\x00\x00\x00\x11S\
cheduleTaskTable\
\x01\x03\x00\x00\x00\x04O\xeee9\x08\x00\x00\x00\x00\x06\
\x00\x00\x00\x06Modify\x07\x00\x00\x00\x11S\
cheduleTaskTable\
\x01\x03\x00\x00\x00\x04k\xcfg\x08\x08\x00\x00\x00\x00\x06\
\x00\x00\x00\x07Monthly\x07\x00\x00\x00\x11\
ScheduleTaskTabl\
e\x01\x03\x00\x00\x00\x08N\x0bk!\x8f\xd0\x88L\x08\
\x00\x00\x00\x00\x06\x00\x00\x00\x08Next Ru\
n\x07\x00\x00\x00\x11ScheduleTa\
skTable\x01\x03\x00\x00\x00\x04N\x00k\
!\x08\x00\x00\x00\x00\x06\x00\x00\x00\x04Once\x07\
\x00\x00\x00\x11ScheduleTask\
Table\x01\x03\x00\x00\x00\x04\x5c1~\xea\x08\
\x00\x00\x00\x00\x06\x00\x00\x00\x05Ready\x07\x00\
\x00\x00\x11ScheduleTaskT\
able\x01\x03\x00\x00\x00\x06\x8f\xd0\x88LN-\
\x08\x00\x00\x00\x00\x06\x00\x00\x00\x07Runnin\
g\x07\x00\x00\x00\x11ScheduleTa\
skTable\x01\x03\x00\x00\x00\x04r\xb6`\
\x01\x08\x00\x00\x00\x00\x06\x00\x00\x00\x06Statu\
s\x07\x00\x00\x00\x11ScheduleTa\
skTable\x01\x03\x00\x00\x00\x08N\xfbR\
\xa1T\x0dy\xf0\x08\x00\x00\x00\x00\x06\x00\x00\x00\x09T\
ask Name\x07\x00\x00\x00\x11Sch\
eduleTaskTable\x01\x03\
\x00\x00\x00\x08\x89\xe6S\xd1|{W\x8b\x08\x00\x00\x00\
\x00\x06\x00\x00\x00\x0cTrigger Ty\
pe\x07\x00\x00\x00\x11ScheduleT\
askTable\x01\x03\x00\x00\x00\x04g*\
w\xe5\x08\x00\x00\x00\x00\x06\x00\x00\x00\x07Unkn\
own\x07\x00\x00\x00\x11Schedule\
TaskTable\x01\x03\x00\x00\x00\x04k\
\xcfTh\x08\x00\x00\x00\x00\x06\x00\x00\x00\x06Wee\
kly\x07\x00\x00\x00\x11Schedule\
TaskTable\x01\x03\x00\x00\x006\x00\
A\x00D\x00Bb*V\xfe\x00(e/c\x01T\
\x0eS\xf0\x00,\x00 Q|[\xb9`'\x9a\xd8\x00\
,\x00 \x90\x1f^\xa6ab\x00,\x00 ^\xf6\x8f\
\xdf\x9a\xd8\x00)\x08\x00\x00\x00\x00\x06\x00\x00\x00@A\
DB(Supports Back\
ground, Slow, Hi\
gh Compatibility\
, High Latency)\x07\
\x00\x00\x00\x15SelectCaptur\
eListView\x01\x03\x00\x00\x00\x22\x00\
B\x00i\x00t\x00B\x00l\x00t\x00 \x00-\x00\
 g\x00_\xeb\xff\x0cQ|[\xb9`'g\x00]\
\xee\x08\x00\x00\x00\x00\x06\x00\x00\x00\x06BitBl\
t\x07\x00\x00\x00\x15SelectCapt\
ureListView\x01\x03\x00\x00\x00\
6\x00B\x00i\x00t\x00B\x00l\x00t\x00_\x00\
R\x00e\x00n\x00d\x00e\x00r\x00F\x00u\x00\
l\x00l\x00 \x00-\x00 ab\xff\x0cQ|[\
\xb9`'g\x00Y}\x08\x00\x00\x00\x00\x06\x00\x00\x00\
\x11BitBlt_RenderFu\
ll\x07\x00\x00\x00\x15SelectCap\
tureListView\x01\x03\x00\x00\
\x00\x0amO\x89\xc8Vhb*V\xfe\x08\x00\x00\x00\
\x00\x06\x00\x00\x00\x0fBrowser Ca\
pture\x07\x00\x00\x00\x15Select\
CaptureListView\x01\
\x03\x00\x00\x00\x18\x00D\x00X\x00G\x00I\x00 \x00\
-\x00 g\x00ab\xff\x0cY\x07u(\x08\x00\x00\
\x00\x00\x06\x00\x00\x00\x04DXGI\x07\x00\x00\x00\x15\
SelectCaptureLis\
tView\x01\x03\x00\x00\x00*j!b\xdfV\
hz\x97S\xe3\x00(e/c\x01T\x0eS\xf0\x00\
,\x00 \x90\x1f^\xa6_\xeb\x00,\x00 ^\xf6\x8f\
\xdfON\x00)\x08\x00\x00\x00\x00\x06\x00\x00\x007E\
mulator Window(S\
upports Backgrou\
nd, Fast, Low La\
tency)\x07\x00\x00\x00\x15Selec\
tCaptureListView\
\x01\x03\x00\x00\x00\x08n8b\x0fz\x97S\xe3\x08\x00\
\x00\x00\x00\x06\x00\x00\x00\x0bGame Win\
dow\x07\x00\x00\x00\x15SelectCa\
ptureListView\x01\x03\x00\
\x00\x00>S\x9fu\x1f\x00(\x00M\x00u\x00M\x00\
u\x00P\x00l\x00a\x00y\x00e\x00r\x001\x00\
2\x00 \x00v\x00e\x00r\x00s\x00i\x00o\x00\
n\x00 \x00>\x00=\x00 \x004\x00.\x000\x00\
)\x08\x00\x00\x00\x00\x06\x00\x00\x00!Ipc (\
MuMuPlayer12 ver\
sion >= 4.0)\x07\x00\x00\x00\
\x15SelectCaptureLi\
stView\x01\x03\x00\x00\x00\x1e\x00W\x00G\
\x00C\x00 \x00-\x00 \x00>\x00=\x00W\x00i\
\x00n\x001\x000\xff\x0c_\xeb\x08\x00\x00\x00\x00\x06\
\x00\x00\x00\x03WGC\x07\x00\x00\x00\x15Sele\
ctCaptureListVie\
w\x01\x03\x00\x00\x00&\x00A\x00D\x00B\x00I\x00\
n\x00t\x00e\x00r\x00a\x00c\x00t\x00i\x00\
o\x00n\x00 \x00-\x00 T\x0eS\xf0\x08\x00\x00\
\x00\x00\x06\x00\x00\x00\x0eADBIntera\
ction\x07\x00\x00\x00\x19Select\
InteractionListV\
iew\x01\x03\x00\x00\x00.\x00B\x00r\x00o\x00\
w\x00s\x00e\x00r\x00I\x00n\x00t\x00e\x00\
r\x00a\x00c\x00t\x00i\x00o\x00n\x00 \x00\
-\x00 T\x0eS\xf0\x08\x00\x00\x00\x00\x06\x00\x00\x00\
\x12BrowserInteract\
ion\x07\x00\x00\x00\x19SelectIn\
teractionListVie\
w\x01\x03\x00\x00\x004\x00G\x00e\x00n\x00s\x00\
h\x00i\x00n\x00 \x00-\x00 T\x0eS\xf0\xff\
\x0ce/c\x01\x90\xe8R\x06\x00 \x00U\x00n\x00\
i\x00t\x00y\x00 n8b\x0f\x08\x00\x00\x00\x00\
\x06\x00\x00\x00\x07Genshin\x07\x00\x00\x00\
\x19SelectInteracti\
onListView\x01\x03\x00\x00\x00:\
\x00P\x00o\x00s\x00t\x00M\x00e\x00s\x00s\
\x00a\x00g\x00e\x00 \x00-\x00 T\x0eS\xf0\
\xff\x0cQ|[\xb9Y'Y\x1aep^\x94u(\
T\x8c\x5c\x11epn8b\x0f\x08\x00\x00\x00\x00\x06\
\x00\x00\x00\x0bPostMessage\x07\
\x00\x00\x00\x19SelectIntera\
ctionListView\x01\x03\x00\
\x00\x00.\x00P\x00y\x00D\x00i\x00r\x00e\x00\
c\x00t\x00 \x00-\x00 RMS\xf0\xff\x0c\x00\
P\x00y\x00n\x00p\x00u\x00t\x00 Y\x07u\
(\x08\x00\x00\x00\x00\x06\x00\x00\x00\x08PyDir\
ect\x07\x00\x00\x00\x19SelectIn\
teractionListVie\
w\x01\x03\x00\x00\x00\x22\x00P\x00y\x00n\x00p\x00\
u\x00t\x00 \x00-\x00 RMS\xf0\xff\x0cQ\
|[\xb9`'g\x00Y}\x08\x00\x00\x00\x00\x06\x00\
\x00\x00\x06Pynput\x07\x00\x00\x00\x19Se\
lectInteractionL\
istView\x01\x03\x00\x00\x00\x04QsN\
\x8e\x08\x00\x00\x00\x00\x06\x00\x00\x00\x05About\
\x07\x00\x00\x00\x0aSettingTab\x01\
\x03\x00\x00\x00\x08\x8foN\xf6\x8b\xbe\x7fn\x08\x00\x00\
\x00\x00\x06\x00\x00\x00\x0aApp Confi\
g\x07\x00\x00\x00\x0aSettingTab\
\x01\x03\x00\x00\x00\x08\x8foN\xf6\x8b\xbe\x7fn\x08\x00\
\x00\x00\x00\x06\x00\x00\x00\x0cApp Sett\
ings\x07\x00\x00\x00\x0aSetting\
Tab\x01\x03\x00\x00\x00\x08^\x94u(N;\x98\
\x98\x08\x00\x00\x00\x00\x06\x00\x00\x00\x11Appli\
cation Theme\x07\x00\x00\x00\
\x0aSettingTab\x01\x03\x00\x00\x00\
\x12e9S\xd8^\x94u(z\x0b^\x8fv\x84Y\
\x16\x89\xc2\x08\x00\x00\x00\x00\x06\x00\x00\x00(Cha\
nge the appearan\
ce of the applic\
ation\x07\x00\x00\x00\x0aSettin\
gTab\x01\x03\x00\x00\x00\x08h\xc0g\xe5f\xf4\
e\xb0\x08\x00\x00\x00\x00\x06\x00\x00\x00\x0cChec\
k update\x07\x00\x00\x00\x0aSet\
tingTab\x01\x03\x00\x00\x00\x10\x91M\x7f\
nW(\x91\xcdT/T\x0eu\x1feH\x08\x00\x00\
\x00\x00\x06\x00\x00\x00(Configura\
tion takes effec\
t after restart\x07\
\x00\x00\x00\x0aSettingTab\x01\x03\
\x00\x00\x00\x04m\xf1\x82r\x08\x00\x00\x00\x00\x06\x00\x00\
\x00\x04Dark\x07\x00\x00\x00\x0aSetti\
ngTab\x01\x03\x00\x00\x00DS\xd1s\xb0e\
\xb0R\x9f\x80\xfd^v[fN`g\x09Qs\x00\
P\x00y\x00Q\x00t\x00-\x00F\x00l\x00u\x00\
e\x00n\x00t\x00-\x00W\x00i\x00d\x00g\x00\
e\x00t\x00sv\x84g\x09u(c\xd0y:\x08\
\x00\x00\x00\x00\x06\x00\x00\x00EDiscove\
r new features a\
nd learn useful \
tips about PyQt-\
Fluent-Widgets\x07\x00\
\x00\x00\x0aSettingTab\x01\x03\x00\
\x00\x00\x04^.R\xa9\x08\x00\x00\x00\x00\x06\x00\x00\x00\
\x04Help\x07\x00\x00\x00\x0aSettin\
gTab\x01\x03\x00\x00\x00\x04\x8b\xed\x8a\x00\x08\x00\
\x00\x00\x00\x06\x00\x00\x00\x08Language\
\x07\x00\x00\x00\x0aSettingTab\x01\
\x03\x00\x00\x00\x04mE\x82r\x08\x00\x00\x00\x00\x06\x00\
\x00\x00\x05Light\x07\x00\x00\x00\x0aSet\
tingTab\x01\x03\x00\x00\x00\x0cbS_\
\x00^.R\xa9\x98u\x97b\x08\x00\x00\x00\x00\x06\x00\
\x00\x00\x0eOpen help pag\
e\x07\x00\x00\x00\x0aSettingTab\
\x01\x03\x00\x00\x00\x0c\x90\x09b\xe9O`v\x84\x8b\xed\
\x8a\x00\x08\x00\x00\x00\x00\x06\x00\x00\x00\x1bSet \
your preferred l\
anguage\x07\x00\x00\x00\x0aSett\
ingTab\x01\x03\x00\x00\x00\x12\x8b\xbe\x7fn\
\x00U\x00Iv\x84\x99\x96\x90\x09\x8b\xed\x8a\x00\x08\x00\
\x00\x00\x00\x06\x00\x00\x00\x22Set your\
 preferred langu\
age for UI\x07\x00\x00\x00\x0aS\
ettingTab\x01\x03\x00\x00\x00\x04\x8b\
\xbe\x7fn\x08\x00\x00\x00\x00\x06\x00\x00\x00\x08Set\
tings\x07\x00\x00\x00\x0aSettin\
gTab\x01\x03\x00\x00\x00\x08f\xf4e\xb0b\x10\
R\x9f\x08\x00\x00\x00\x00\x06\x00\x00\x00\x14Upda\
ted successfully\
\x07\x00\x00\x00\x0aSettingTab\x01\
\x03\x00\x00\x00\x0cO\x7fu(|\xfb~\xdf\x8b\xbe\x7f\
n\x08\x00\x00\x00\x00\x06\x00\x00\x00\x12Use s\
ystem setting\x07\x00\x00\
\x00\x0aSettingTab\x01\x03\x00\x00\
\x00\x04rHg,\x08\x00\x00\x00\x00\x06\x00\x00\x00\x07\
Version\x07\x00\x00\x00\x0aSett\
ingTab\x01\x03\x00\x00\x00\x08f\x82P\x5c\
Qh\x90\xe8\x08\x00\x00\x00\x00\x06\x00\x00\x00\x09Pa\
use All\x07\x00\x00\x00\x0bStar\
tButton\x01\x03\x00\x00\x00\x08_\x00Y\
\xcbQh\x90\xe8\x08\x00\x00\x00\x00\x06\x00\x00\x00\x09S\
tart All\x07\x00\x00\x00\x0bSta\
rtButton\x01\x03\x00\x00\x00\x04b*\
V\xfe\x08\x00\x00\x00\x00\x06\x00\x00\x00\x07Capt\
ure\x07\x00\x00\x00\x09StartCar\
d\x01\x03\x00\x00\x00\x04\x8f\xdc_\x81\x08\x00\x00\x00\x00\
\x06\x00\x00\x00\x0aExpedition\x07\
\x00\x00\x00\x09StartCard\x01\x03\x00\
\x00\x00\x08[\xfcQ\xfae\xe5_\xd7\x08\x00\x00\x00\x00\
\x06\x00\x00\x00\x0bExport Logs\
\x07\x00\x00\x00\x09StartCard\x01\x03\
\x00\x00\x00\x0en8b\x0fz\x97S\xe3]\xf2e\xad\
_\x00\x08\x00\x00\x00\x00\x06\x00\x00\x00\x18Game\
 Window Disconne\
cted\x07\x00\x00\x00\x09StartCa\
rd\x01\x03\x00\x00\x00\x08[\x89\x88\xc5v\xee_U\
\x08\x00\x00\x00\x00\x06\x00\x00\x00\x0eInstal\
l Folder\x07\x00\x00\x00\x09Sta\
rtCard\x01\x03\x00\x00\x00\x04f\x82P\x5c\
\x08\x00\x00\x00\x00\x06\x00\x00\x00\x05Pause\x07\
\x00\x00\x00\x09StartCard\x01\x03\x00\
\x00\x00\x22]\xf2f\x82P\x5c\xff\x1a\x00P\x00Cr\
Hn8b\x0fz\x97S\xe3_\xc5\x98{W(R\
MS\xf0\xff\x01\x08\x00\x00\x00\x00\x06\x00\x00\x00(P\
aused: PC Game W\
indow Must Be in\
 Front!\x07\x00\x00\x00\x09Star\
tCard\x01\x03\x00\x00\x00\x04R7e\xb0\x08\
\x00\x00\x00\x00\x06\x00\x00\x00\x07Refresh\
\x07\x00\x00\x00\x09StartCard\x01\x03\
\x00\x00\x00\x06\x8f\xd0\x88LN-\x08\x00\x00\x00\x00\x06\
\x00\x00\x00\x07Running\x07\x00\x00\x00\x09\
StartCard\x01\x03\x00\x00\x00\x04O\
SR\x9b\x08\x00\x00\x00\x00\x06\x00\x00\x00\x07Sta\
mina\x07\x00\x00\x00\x09StartCa\
rd\x01\x03\x00\x00\x00\x04_\x00Y\xcb\x08\x00\x00\x00\
\x00\x06\x00\x00\x00\x05Start\x07\x00\x00\x00\x09\
StartCard\x01\x03\x00\x00\x00\x08T\
/R\xa8n8b\x0f\x08\x00\x00\x00\x00\x06\x00\x00\x00\
\x0aStart Game\x07\x00\x00\x00\x09\
StartCard\x01\x03\x00\x00\x00\x0ek\
cW(T/R\xa8\x00.\x00.\x00.\x08\x00\x00\
\x00\x00\x06\x00\x00\x00\x0bStarting.\
..\x07\x00\x00\x00\x09StartCard\
\x01\x03\x00\x00\x00\x04\x8b\xad~\xc3\x08\x00\x00\x00\x00\x06\
\x00\x00\x00\x08Training\x07\x00\x00\x00\
\x09StartCard\x01\x03\x00\x00\x00\x0c\
[\x9ee\xf6\x89\xe6S\xd1N\xfbR\xa1\x08\x00\x00\x00\
\x00\x06\x00\x00\x00\x0dTrigger Ta\
sks\x07\x00\x00\x00\x09StartCar\
d\x01\x03\x00\x00\x00\x10p\xb9Q\xfb\x90\x09b\xe9N\
\xfbR\xa1_\x00Y\xcb\x08\x00\x00\x00\x00\x06\x00\x00\x00\
\x1eWaiting for tas\
k to be enabled\x07\
\x00\x00\x00\x09StartCard\x01\x03\x00\
\x00\x000\x00,\x00 xn\x8b\xa4n8b\x0fz\
\x97S\xe3f/T&\x88\xabb\xc9O8\x00,\x96\
\x90\x85\xcf\x00,b\x16\x80\x05W(\x5cO^UY\
\x16\x00.\x08\x00\x00\x00\x00\x06\x00\x00\x00?, c\
heck if game win\
dows is minimize\
d, resized or ou\
t of screen.\x07\x00\x00\x00\
\x0fStartController\
\x01\x03\x00\x00\x00.\x00,\x00 e/c\x01v\x84\
g\x00\x5c\x0fR\x06\x8f\xa8s\x87f/\x00 \x00 \
\x00{\x00m\x00i\x00n\x00_\x00s\x00i\x00z\
\x00e\x00}\x08\x00\x00\x00\x00\x06\x00\x00\x00,, \
the supported mi\
n resolution is \
{min_size}\x07\x00\x00\x00\x0fS\
tartController\x01\x03\
\x00\x00\x002e/c\x01v\x84z\x97S\xe3k\xd4\
O\x8bf/\x00{\x00s\x00u\x00p\x00p\x00o\
\x00r\x00t\x00e\x00d\x00_\x00r\x00a\x00t\
\x00i\x00o\x00}\x08\x00\x00\x00\x00\x06\x00\x00\x00*\
, the supported \
ratio is {suppor\
ted_ratio}\x07\x00\x00\x00\x0fS\
tartController\x01\x03\
\x00\x00\x00&f>y:\x8b\xbe\x7fn\x81\xeaR\xa8\
\x00H\x00D\x00R]\xf2bS_\x00\x00,\x00 \
\x8b\xf7QHQs\x95\xed\x00!\x08\x00\x00\x00\x00\x06\
\x00\x00\x00.Auto HDR is \
enabled, please \
turn it off firs\
t.\x07\x00\x00\x00\x0fStartCont\
roller\x01\x03\x00\x00\x002f>y:\
\x8b\xbe\x7fn\x81\xeaR\xa8\x00H\x00D\x00R]\xf2\
bS_\x00\x00,\x00 S\xef\x80\xfd[\xfc\x81\xf4\
N\xfbR\xa1\x8f\xd0\x88L_\x02^8\x00!\x08\x00\
\x00\x00\x00\x06\x00\x00\x004Auto HDR\
 is enabled, tas\
ks might not wor\
k correctly!\x07\x00\x00\x00\
\x0fStartController\
\x01\x03\x00\x00\x00\x22e\xe0l\xd5T/R\xa8n8\
b\x0f\x00,\x00 \x8b\xf7xn\x8b\xa4n8b\x0f\
]\xf2[\x89\x88\xc5\x00!\x08\x00\x00\x00\x00\x06\x00\x00\
\x001Can't start ga\
me, make sure th\
e game is instal\
led\x07\x00\x00\x00\x0fStartCon\
troller\x01\x03\x00\x00\x00\x18b*V\
\xfeY1\x8d%\x00,\x8b\xf7h\xc0g\xe5n8b\
\x0fz\x97S\xe3\x08\x00\x00\x00\x00\x06\x00\x00\x00(C\
apture failed, p\
lease check game\
 window\x07\x00\x00\x00\x0fStar\
tController\x01\x03\x00\x00\x00\
\x1aj!b\xdfVhg*\x8f\xdec\xa5\x00,\x00\
 \x8b\xf7QHT/R\xa8\x00!\x08\x00\x00\x00\x00\
\x06\x00\x00\x004Emulator is\
 not connected, \
start the emulat\
or first!\x07\x00\x00\x00\x0fSt\
artController\x01\x03\x00\
\x00\x00\x10\x00G\x00P\x00U\x00 \x9aqR\xa8\x8b\
fTJ\x08\x00\x00\x00\x00\x06\x00\x00\x00\x12GPU\
 Driver Warning\x07\
\x00\x00\x00\x0fStartControl\
ler\x01\x03\x00\x00\x00\x1ee\xe0l\xd5T/R\
\xa8n8b\x0f\x00,\x00 \x8b\xf7bKR\xa8b\
S_\x00n8b\x0f\x08\x00\x00\x00\x00\x06\x00\x00\x00\
4Game path does \
not exist, Pleas\
e open game manu\
ally!\x07\x00\x00\x00\x0fStartC\
ontroller\x01\x03\x00\x00\x00(N\
\x0de/c\x01_SRMR\x06\x8f\xa8s\x87\x00\
{\x00r\x00e\x00s\x00o\x00l\x00u\x00t\x00\
i\x00o\x00n\x00}\x08\x00\x00\x00\x00\x06\x00\x00\x00\
-Game resolution\
 {resolution} is\
 not supported\x07\x00\
\x00\x00\x0fStartControll\
er\x01\x03\x00\x00\x00Pj!g\x7fV\xferG\
R\xa0\x8f}Y1\x8d%\x00,\x8b\xf7\x91\xcde\xb0\
[\x89\x88\xc5\x00.\x00(N\x0d\x89\x81e>W(\
N\x0b\x8f}v\xee_U{IS\xef\x80\xfdO\x1a\
\x88\xab\x81\xeaR\xa8R \x96dV\xferGv\x84\
v\xee_U\x00.\x00)\x08\x00\x00\x00\x00\x06\x00\x00\
\x00\x5cImage resource\
 load failed, pl\
ease try install\
 again.(Don't pu\
t the app in Dow\
nloads folder)\x07\x00\
\x00\x00\x0fStartControll\
er\x01\x03\x00\x00\x00\x0eg*\x90\x09b\xe9n8\
b\x0fz\x97S\xe3\x08\x00\x00\x00\x00\x06\x00\x00\x00\x11\
No game selected\
!\x07\x00\x00\x00\x0fStartContr\
oller\x01\x03\x00\x00\x000\x00P\x00Cr\
H\x97\x00\x89\x81{\xa1t\x06TXgC\x96P\xff\
\x0c\x8b\xf7N\xe5{\xa1t\x06TXgC\x96P\x91\
\xcdT/kd^\x94u(\xff\x01\x08\x00\x00\x00\x00\
\x06\x00\x00\x00TPC version \
requires admin p\
rivileges, Pleas\
e restart this a\
pp with admin pr\
ivileges!\x07\x00\x00\x00\x0fSt\
artController\x01\x03\x00\
\x00\x00DR\x06\x8f\xa8s\x87\x00{\x00r\x00e\x00\
s\x00o\x00l\x00u\x00t\x00i\x00o\x00n\x00\
}h\xc0g\xe5Y1\x8d%\x00,\x00 \x90\xe8R\
\x06N\xfbR\xa1S\xef\x80\xfde\xe0l\xd5kc^\
8\x8f\xd0\x88L\x00!\x08\x00\x00\x00\x00\x06\x00\x00\x00\
JResolution {res\
olution} check f\
ailed, some task\
s might not work\
 correctly!\x07\x00\x00\x00\x0f\
StartController\x01\
\x03\x00\x00\x00&_SRMn8b\x0fb\x16j\
!b\xdfVhN\x0de/c\x01\x90\x09b\xe9v\
\x84b*V\xfee\xb9_\x0f\x00!\x08\x00\x00\x00\x00\
\x06\x00\x00\x00DSelected ca\
pture method is \
not supported by\
 the game or you\
r system!\x07\x00\x00\x00\x0fSt\
artController\x01\x03\x00\
\x00\x00\x22T/R\xa8n8b\x0fY1\x8d%\x00\
,\x00 \x8b\xf7QHbKR\xa8T/R\xa8n\
8b\x0f\x00!\x08\x00\x00\x00\x00\x06\x00\x00\x00*S\
tart game failed\
, please start g\
ame first\x07\x00\x00\x00\x0fSt\
artController\x01\x03\x00\
\x00\x00\x0aT/R\xa8\x8d\x85e\xf6\x00!\x08\x00\x00\
\x00\x00\x06\x00\x00\x00\x13Start gam\
e timeout!\x07\x00\x00\x00\x0fS\
tartController\x01\x03\
\x00\x00\x002n8b\x0fz\x97S\xe3g\x00\x5c\x0f\
S\x16b\x16\x80\x05\x90\xe8R\x06W(\x5cO^U\
Y\x16\x00,N\x0d\x89\x81O\x7fu(r\xecS`\
Qh\x5cO\x00!\x08\x00\x00\x00\x00\x06\x00\x00\x00K\
Window is minimi\
zed or out of sc\
reen, and do NOT\
 use full-screen\
 exclusive!\x07\x00\x00\x00\x0f\
StartController\x01\
\x03\x00\x00\x000z\x97S\xe3\x88\xabg\x00\x5c\x0fS\
\x16b\x16W(\x5cO^UY\x16\x00,\x00 N\
\x0d\x89\x81O\x7fu(r\xecS`Qh\x5cOj\
!_\x0f\x00!\x08\x00\x00\x00\x00\x06\x00\x00\x00OW\
indow is minimiz\
ed or out of scr\
een, and don't u\
se full-screen e\
xclusive mode!\x07\x00\
\x00\x00\x0fStartControll\
er\x01\x03\x00\x00\x008\x00W\x00i\x00n\x00d\
\x00o\x00w\x00sf>y:\x8b\xbe\x7fnY\x1c\
po\x00/b\xa4w<j!_\x0f]\xf2bS\
_\x00\x00,\x00 \x8b\xf7QHQs\x95\xed\x00!\
\x08\x00\x00\x00\x00\x06\x00\x00\x009Window\
s night light is\
 enabled, please\
 turn it off fir\
st.\x07\x00\x00\x00\x0fStartCon\
troller\x01\x03\x00\x00\x008\x00W\x00\
i\x00n\x00d\x00o\x00w\x00sf>y:\x8b\
\xbe\x7fnY\x1cpo\x00/b\xa4w<j!_\
\x0f]\xf2bS_\x00\x00,\x00 \x8b\xf7QHQ\
s\x95\xed\x00!\x08\x00\x00\x00\x00\x06\x00\x00\x00?W\
indows night lig\
ht is enabled, t\
asks might not w\
ork correctly!\x07\x00\
\x00\x00\x0fStartControll\
er\x01\x03\x00\x00\x00@\x00{\x00v\x00e\x00n\
\x00d\x00o\x00r\x00}\x00 \x00{\x00f\x00e\
\x00a\x00t\x00u\x00r\x00e\x00}\x00 ]\xf2\
T/u(\xff\x0cS\xef\x80\xfd[\xfc\x81\xf4R\x9f\
\x80\xfd_\x02^8\xff\x01\x08\x00\x00\x00\x00\x06\x00\x00\
\x009{vendor} {feat\
ure} is enabled \
and may cause ma\
lfunctions!\x07\x00\x00\x00\x0f\
StartController\x01\
\x03\x00\x00\x00\x22\x00{\x00}g*\x8f\xdec\xa5\xff\
\x0c\x8b\xf7\x90\x09b\xe9kcxnv\x84n8b\
\x0fz\x97S\xe30\x02\x08\x00\x00\x00\x00\x06\x00\x00\x00\
3{} is not conne\
cted, please sel\
ect the game win\
dow.\x07\x00\x00\x00\x0fStartCo\
ntroller\x01\x03\x00\x00\x00\x06R\xa0\
\x8f}N-\x08\x00\x00\x00\x00\x06\x00\x00\x00\x07Lo\
ading\x07\x00\x00\x00\x12StartL\
oadingDialog\x01\x03\x00\x00\
\x002kcW(T/R\xa8\x00,\x00 \x00{\
\x00s\x00e\x00c\x00o\x00n\x00d\x00s\x00_\
\x00l\x00e\x00f\x00t\x00}y\xd2T\x0e\x8d\x85\
e\xf6\x00.\x08\x00\x00\x00\x00\x06\x00\x00\x00/St\
arting, timeout \
after {seconds_l\
eft} seconds.\x07\x00\x00\
\x00\x12StartLoadingDi\
alog\x01\x03\x00\x00\x00\x06[\x89SSrH\
\x08\x00\x00\x00\x00\x06\x00\x00\x00\x07Androi\
d\x07\x00\x00\x00\x08StartTab\x01\x03\
\x00\x00\x00\x04b*V\xfe\x08\x00\x00\x00\x00\x06\x00\x00\
\x00\x07Capture\x07\x00\x00\x00\x08St\
artTab\x01\x03\x00\x00\x00\x08b*V\xfe\
e\xb9_\x0f\x08\x00\x00\x00\x00\x06\x00\x00\x00\x0eCa\
pture Method\x07\x00\x00\x00\
\x08StartTab\x01\x03\x00\x00\x00\x0c\x90\
\x09b\xe9N\xa4N\x92e\xb9_\x0f\x08\x00\x00\x00\x00\
\x06\x00\x00\x00\x12Choose Inte\
raction\x07\x00\x00\x00\x08Star\
tTab\x01\x03\x00\x00\x00\x08\x90\x09b\xe9z\x97\
S\xe3\x08\x00\x00\x00\x00\x06\x00\x00\x00\x0dChoo\
se Window\x07\x00\x00\x00\x08St\
artTab\x01\x03\x00\x00\x00\x06]\xf2\x8f\xde\
c\xa5\x08\x00\x00\x00\x00\x06\x00\x00\x00\x09Conn\
ected\x07\x00\x00\x00\x08StartT\
ab\x01\x03\x00\x00\x00\x08_\x00S\xd1]\xe5Qw\
\x08\x00\x00\x00\x00\x06\x00\x00\x00\x05Debug\x07\
\x00\x00\x00\x08StartTab\x01\x03\x00\x00\
\x00\x0a\x8c\x03\x8b\xd5`\xacmnz\x97\x08\x00\x00\x00\
\x00\x06\x00\x00\x00\x0dDebug Over\
lay\x07\x00\x00\x00\x08StartTab\
\x01\x03\x00\x00\x00\x0ay\x81u(h\x07\x8b\xb0hF\
\x08\x00\x00\x00\x00\x06\x00\x00\x00\x0dDisabl\
e Boxes\x07\x00\x00\x00\x08Star\
tTab\x01\x03\x00\x00\x00\x06]\xf2e\xad_\x00\
\x08\x00\x00\x00\x00\x06\x00\x00\x00\x0cDiscon\
nected\x07\x00\x00\x00\x08Start\
Tab\x01\x03\x00\x00\x00\x06j!b\xdfVh\x08\
\x00\x00\x00\x00\x06\x00\x00\x00\x08Emulato\
r\x07\x00\x00\x00\x08StartTab\x01\x03\
\x00\x00\x00\x0aT/u(h\x07\x8b\xb0hF\x08\x00\
\x00\x00\x00\x06\x00\x00\x00\x0cEnable B\
oxes\x07\x00\x00\x00\x08StartTa\
b\x01\x03\x00\x00\x00\x08[\xfcQ\xfae\xe5_\xd7\x08\
\x00\x00\x00\x00\x06\x00\x00\x00\x0bExport \
Logs\x07\x00\x00\x00\x08StartTa\
b\x01\x03\x00\x00\x00\x0e\x96\x90\x85\xcf`\xacmnz\
\x97e\xe5_\xd7\x08\x00\x00\x00\x00\x06\x00\x00\x00\x13H\
ide Log on Overl\
ay\x07\x00\x00\x00\x08StartTab\x01\
\x03\x00\x00\x00\x08[\x89\x88\xc5v\xee_U\x08\x00\x00\
\x00\x00\x06\x00\x00\x00\x0eInstall F\
older\x07\x00\x00\x00\x08StartT\
ab\x01\x03\x00\x00\x00\x08e\xe5_\xd7v\xee_U\
\x08\x00\x00\x00\x00\x06\x00\x00\x00\x0aLog Fo\
lder\x07\x00\x00\x00\x08StartTa\
b\x01\x03\x00\x00\x00\x0a\x00O\x00C\x00R\x8b\xc6R\
+\x08\x00\x00\x00\x00\x06\x00\x00\x00\x03OCR\x07\x00\
\x00\x00\x08StartTab\x01\x03\x00\x00\x00\
,\x00O\x00C\x00R\x8b\xc6R+~\xd3g\x9c\x00\
(]\xf2\x8b\xb0_U\x00)\x00:\x00 \x00{\x00\
r\x00e\x00s\x00u\x00l\x00t\x00}\x08\x00\x00\
\x00\x00\x06\x00\x00\x00\x1eOCR succe\
ss (Logged): {re\
sult}\x07\x00\x00\x00\x08StartT\
ab\x01\x03\x00\x00\x00\x08bS_\x00e\xe5_\xd7\
\x08\x00\x00\x00\x00\x06\x00\x00\x00\x09Open L\
ogs\x07\x00\x00\x00\x08StartTab\
\x01\x03\x00\x00\x00\x06\x00P\x00CrH\x08\x00\x00\x00\
\x00\x06\x00\x00\x00\x02PC\x07\x00\x00\x00\x08Sta\
rtTab\x01\x03\x00\x00\x00\x04R7e\xb0\x08\
\x00\x00\x00\x00\x06\x00\x00\x00\x07Refresh\
\x07\x00\x00\x00\x08StartTab\x01\x03\x00\
\x00\x00\x08kcW(R7e\xb0\x08\x00\x00\x00\x00\
\x06\x00\x00\x00\x0aRefreshing\x07\
\x00\x00\x00\x08StartTab\x01\x03\x00\x00\
\x00\x08b*V\xfev\xee_U\x08\x00\x00\x00\x00\x06\
\x00\x00\x00\x11Screenshot F\
older\x07\x00\x00\x00\x08StartT\
ab\x01\x03\x00\x00\x00\x10W(`\xacmnz\x97\
f>y:e\xe5_\xd7\x08\x00\x00\x00\x00\x06\x00\x00\
\x00\x13Show Log on Ov\
erlay\x07\x00\x00\x00\x08StartT\
ab\x01\x03\x00\x00\x00\x08g\xe5w\x0be\xe5_\xd7\
\x08\x00\x00\x00\x00\x06\x00\x00\x00\x08View L\
og\x07\x00\x00\x00\x08StartTab\x01\
\x03\x00\x00\x006\x00N\x00P\x00Uc\xa8t\x06\x95\
\x19\x8b\xef\xff\x0c`\xa8S\xef\x80\xfd\x97\x00\x89\x81f\
\xf4e\xb0\x00I\x00n\x00t\x00e\x00l\x00 \x00\
N\x00P\x00U\x9aqR\xa8\xff\x01\x08\x00\x00\x00\x00\
\x06\x00\x00\x00CNPU inferri\
ng Error, you mi\
ght need to upda\
te the Intel NPU\
 driver!\x07\x00\x00\x00\x04Tas\
k\x01\x03\x00\x00\x00\x04\x95\x19\x8b\xef\x08\x00\x00\x00\x00\
\x06\x00\x00\x00\x05Error\x07\x00\x00\x00\x0bT\
askButtons\x01\x03\x00\x00\x00*\
n8b\x0fz\x97S\xe3g*\x8f\xdec\xa5\xff\x0c\
\x8b\xf7\x90\x09b\xe9n8b\x0fz\x97S\xe3T\x8c\
b*V\xfee\xb9_\x0f0\x02\x08\x00\x00\x00\x00\x06\
\x00\x00\x00OGame window \
is not connected\
, please select \
the game window \
and capture meth\
od.\x07\x00\x00\x00\x0bTaskButt\
ons\x01\x03\x00\x00\x00\x04f\x82P\x5c\x08\x00\x00\
\x00\x00\x06\x00\x00\x00\x05Pause\x07\x00\x00\x00\
\x0bTaskButtons\x01\x03\x00\x00\
\x00\x04~\xe7~\xed\x08\x00\x00\x00\x00\x06\x00\x00\x00\x06\
Resume\x07\x00\x00\x00\x0bTaskB\
uttons\x01\x03\x00\x00\x00\x04_\x00Y\xcb\
\x08\x00\x00\x00\x00\x06\x00\x00\x00\x05Start\x07\
\x00\x00\x00\x0bTaskButtons\x01\
\x03\x00\x00\x00\x04P\x5ckb\x08\x00\x00\x00\x00\x06\x00\
\x00\x00\x04Stop\x07\x00\x00\x00\x0bTask\
Buttons\x01\x03\x00\x00\x00\x18O`x\
n[\x9a\x89\x81R \x96d\x00 \x00{\x00}\x00\
 T\x17\x00?\x08\x00\x00\x00\x00\x06\x00\x00\x00\x22A\
re you sure you \
want to delete {\
}\x07\x00\x00\x00\x08TaskCard\x01\x03\
\x00\x00\x00\x04R \x96d\x08\x00\x00\x00\x00\x06\x00\x00\
\x00\x06Delete\x07\x00\x00\x00\x08Tas\
kCard\x01\x03\x00\x00\x00\x08R \x96dN\
\xfbR\xa1\x08\x00\x00\x00\x00\x06\x00\x00\x00\x0bDel\
ete Task\x07\x00\x00\x00\x08Tas\
kCard\x01\x03\x00\x00\x00\x06g*T/u\
(\x08\x00\x00\x00\x00\x06\x00\x00\x00\x08Disab\
led\x07\x00\x00\x00\x08TaskCard\
\x01\x03\x00\x00\x00\x04\x7f\x16\x8f\x91\x08\x00\x00\x00\x00\x06\
\x00\x00\x00\x04Edit\x07\x00\x00\x00\x08Tas\
kCard\x01\x03\x00\x00\x00\x06]\xf2T/u\
(\x08\x00\x00\x00\x00\x06\x00\x00\x00\x07Enabl\
ed\x07\x00\x00\x00\x08TaskCard\x01\
\x03\x00\x00\x00\x08O\x7fu(\x8b\xf4f\x0e\x08\x00\x00\
\x00\x00\x06\x00\x00\x00\x0cInstructi\
ons\x07\x00\x00\x00\x08TaskCard\
\x01\x03\x00\x00\x00\x04f\x82P\x5c\x08\x00\x00\x00\x00\x06\
\x00\x00\x00\x05Pause\x07\x00\x00\x00\x08Ta\
skCard\x01\x03\x00\x00\x00\x08\x91\xcd\x7fn\
\x91M\x7fn\x08\x00\x00\x00\x00\x06\x00\x00\x00\x0cRe\
set Config\x07\x00\x00\x00\x08T\
askCard\x01\x03\x00\x00\x00\x04~\xe7~\
\xed\x08\x00\x00\x00\x00\x06\x00\x00\x00\x06Resum\
e\x07\x00\x00\x00\x08TaskCard\x01\x03\
\x00\x00\x00\x04_\x00Y\xcb\x08\x00\x00\x00\x00\x06\x00\x00\
\x00\x05Start\x07\x00\x00\x00\x08Task\
Card\x01\x03\x00\x00\x00\x04P\x5ckb\x08\x00\
\x00\x00\x00\x06\x00\x00\x00\x04Stop\x07\x00\x00\x00\
\x08TaskCard\x01\x03\x00\x00\x00&{\
I_\x85\x00 \x00{\x00t\x00a\x00s\x00k\x00\
_\x00n\x00a\x00m\x00e\x00}\x00 N\xfbR\
\xa1[\x8cb\x10\x08\x00\x00\x00\x00\x06\x00\x00\x00,W\
aiting for {task\
_name} task to b\
e completed\x07\x00\x00\x00\x08\
TaskCard\x01\x03\x00\x00\x00\x04y\x81\
u(\x08\x00\x00\x00\x00\x06\x00\x00\x00\x07Disa\
ble\x07\x00\x00\x00\x0cTaskOpBu\
tton\x01\x03\x00\x00\x00\x04T/u(\x08\x00\
\x00\x00\x00\x06\x00\x00\x00\x06Enable\x07\x00\
\x00\x00\x0cTaskOpButton\x01\
\x03\x00\x00\x00\x08\x90\x09b\xe9z\x97S\xe3\x08\x00\x00\
\x00\x00\x06\x00\x00\x00\x0dChoose Wi\
ndow\x07\x00\x00\x00\x07TaskTab\
\x01\x03\x00\x00\x00\x06]\xf2[\x8cb\x10\x08\x00\x00\x00\
\x00\x06\x00\x00\x00\x09Completed\x07\
\x00\x00\x00\x07TaskTab\x01\x03\x00\x00\x00\
\x08R\x1b^\xfaN\xfbR\xa1\x08\x00\x00\x00\x00\x06\x00\
\x00\x00\x0bCreate Task\x07\x00\
\x00\x00\x07TaskTab\x01\x03\x00\x00\x00\x04\
O\xe1`o\x08\x00\x00\x00\x00\x06\x00\x00\x00\x04In\
fo\x07\x00\x00\x00\x07TaskTab\x01\x03\
\x00\x00\x00\x06\x8f\xd0\x88LN-\x08\x00\x00\x00\x00\x06\
\x00\x00\x00\x07Running\x07\x00\x00\x00\x07\
TaskTab\x01\x03\x00\x00\x00\x06]\xf2\x8f\
\xd0\x88L\x08\x00\x00\x00\x00\x06\x00\x00\x00\x0cTim\
e Elapsed\x07\x00\x00\x00\x07Ta\
skTab\x01\x03\x00\x00\x00\x02P<\x08\x00\x00\
\x00\x00\x06\x00\x00\x00\x05Value\x07\x00\x00\x00\
\x07TaskTab\x01\x03\x00\x00\x00\x04S\xd6\
m\x88\x08\x00\x00\x00\x00\x06\x00\x00\x00\x06Canc\
el\x07\x00\x00\x00\x13TemplateI\
nputDialog\x01\x03\x00\x00\x00\x04\
xn\x8b\xa4\x08\x00\x00\x00\x00\x06\x00\x00\x00\x07Co\
nfirm\x07\x00\x00\x00\x13Templa\
teInputDialog\x01\x03\x00\
\x00\x00\x1axn[\x9a\x89\x81R \x96d\x00 \x00\
'\x00{\x00}\x00'\x00 T\x17\xff\x1f\x08\x00\x00\
\x00\x00\x06\x00\x00\x00%Are you s\
ure you want to \
delete '{}'?\x07\x00\x00\x00\
\x0bTemplateTab\x01\x03\x00\x00\
\x00\x04S\xd6m\x88\x08\x00\x00\x00\x00\x06\x00\x00\x00\x06\
Cancel\x07\x00\x00\x00\x0bTempl\
ateTab\x01\x03\x00\x00\x00\x08xn\x8b\xa4\
R \x96d\x08\x00\x00\x00\x00\x06\x00\x00\x00\x0eCo\
nfirm Delete\x07\x00\x00\x00\
\x0bTemplateTab\x01\x03\x00\x00\
\x00\x04R \x96d\x08\x00\x00\x00\x00\x06\x00\x00\x00\x06\
Delete\x07\x00\x00\x00\x0bTempl\
ateTab\x01\x03\x00\x00\x00\x0ab*V\xfe\
Y1\x8d%0\x02\x08\x00\x00\x00\x00\x06\x00\x00\x00\x18\
Failed to captur\
e frame.\x07\x00\x00\x00\x0bTem\
plateTab\x01\x03\x00\x00\x00\x10u\x1f\
b\x10h\x07{~g\x9aN>e\x87N\xf6\x08\x00\
\x00\x00\x00\x06\x00\x00\x00\x18Generate\
 label enum file\
\x07\x00\x00\x00\x0bTemplateTab\
\x01\x03\x00\x00\x00\x0cV\xferG]\xf2R \x96d\
0\x02\x08\x00\x00\x00\x00\x06\x00\x00\x00\x0eImag\
e deleted.\x07\x00\x00\x00\x0bT\
emplateTab\x01\x03\x00\x00\x00>\
v\xf8[\xf9\x8d\xef_\x84e\xe0eH0\x02y:\
O\x8b\xff\x1a\x00o\x00k\x00_\x00t\x00a\x00s\
\x00k\x00s\x00/\x00L\x00a\x00b\x00e\x00l\
\x00E\x00n\x00u\x00m\x00.\x00p\x00y\x08\x00\
\x00\x00\x00\x06\x00\x00\x005Invalid \
relative path. E\
xample: ok_tasks\
/LabelEnum.py\x07\x00\x00\
\x00\x0bTemplateTab\x01\x03\x00\
\x00\x00\x04h\x07l\xe8\x08\x00\x00\x00\x00\x06\x00\x00\x00\
\x06Markup\x07\x00\x00\x00\x0bTemp\
lateTab\x01\x03\x00\x00\x00\x12l\xa1g\
\x09h\x07l\xe8\x97\x00\x89\x81O\xdd[X0\x02\x08\
\x00\x00\x00\x00\x06\x00\x00\x00\x17No anno\
tations to save.\
\x07\x00\x00\x00\x0bTemplateTab\
\x01\x03\x00\x00\x00\x1eb*V\xfee\xb9_\x0fN\x0d\
S\xefu(0\x02\x8b\xf7QHT/R\xa8b*\
V\xfe0\x02\x08\x00\x00\x00\x00\x06\x00\x00\x008No\
 capture method \
available. Pleas\
e start capture \
first.\x07\x00\x00\x00\x0bTempl\
ateTab\x01\x03\x00\x00\x00\x08f\x82e\xe0\
j!g\x7f\x08\x00\x00\x00\x00\x06\x00\x00\x00\x10No\
 templates yet\x07\x00\
\x00\x00\x0bTemplateTab\x01\x03\
\x00\x00\x00\x04xn[\x9a\x08\x00\x00\x00\x00\x06\x00\x00\
\x00\x02OK\x07\x00\x00\x00\x0bTemplat\
eTab\x01\x03\x00\x00\x00\x18\x8d\xef_\x84v\xf8\
[\xf9N\x8e]\xe5O\x5cS:h9v\xee_U\
0\x02\x08\x00\x00\x00\x00\x06\x00\x00\x00'Path\
 is relative to \
the workspace ro\
ot.\x07\x00\x00\x00\x0bTemplate\
Tab\x01\x03\x00\x00\x00:v\xf8[\xf9\x8d\xef_\
\x84\xff\x0cO\x8bY\x82\xff\x1a\x00o\x00k\x00_\x00\
t\x00a\x00s\x00k\x00s\x00/\x00L\x00a\x00\
b\x00e\x00l\x00E\x00n\x00u\x00m\x00.\x00\
p\x00y\x08\x00\x00\x00\x00\x06\x00\x00\x00)Rel\
ative path, e.g.\
 ok_tasks/LabelE\
num.py\x07\x00\x00\x00\x0bTempl\
ateTab\x01\x03\x00\x00\x00\x04O\xdd[X\
\x08\x00\x00\x00\x00\x06\x00\x00\x00\x04Save\x07\x00\
\x00\x00\x0bTemplateTab\x01\x03\
\x00\x00\x00\x06O\xdd[XR0\x08\x00\x00\x00\x00\x06\
\x00\x00\x00\x07Save To\x07\x00\x00\x00\x0b\
TemplateTab\x01\x03\x00\x00\x00\
\x12O\xdd[Xb\x10R\x9fR0\x00:\x00 \x00\
{\x00}\x08\x00\x00\x00\x00\x06\x00\x00\x00\x22Sav\
e completed succ\
essfully to: {}\x07\
\x00\x00\x00\x0bTemplateTab\x01\
\x03\x00\x00\x00\x04b*V\xfe\x08\x00\x00\x00\x00\x06\x00\
\x00\x00\x0aScreenshot\x07\x00\x00\
\x00\x0bTemplateTab\x01\x03\x00\
\x00\x00\x12b*V\xfe]\xf2O\xdd[X\x00:\x00\
 \x00{\x00}\x08\x00\x00\x00\x00\x06\x00\x00\x00\x14S\
creenshot saved:\
 {}\x07\x00\x00\x00\x0bTemplate\
Tab\x01\x03\x00\x00\x00\x16c\x09T\x0dy\xf0b\
\x16R\x06|{d\x1c}\x22\x00.\x00.\x00.\x08\
\x00\x00\x00\x00\x06\x00\x00\x00\x1dSearch \
by name or categ\
ory...\x07\x00\x00\x00\x0bTempl\
ateTab\x01\x03\x00\x00\x00\x04b\x10R\x9f\
\x08\x00\x00\x00\x00\x06\x00\x00\x00\x07Succes\
s\x07\x00\x00\x00\x0bTemplateTa\
b\x01\x03\x00\x00\x00\x08b*S\xd6\x5cO^U\x08\
\x00\x00\x00\x00\x06\x00\x00\x00\x0fTake Sc\
reenshot\x07\x00\x00\x00\x0bTem\
plateTab\x01\x03\x00\x00\x00\x1a\x00a\
\x00s\x00s\x00e\x00t\x00s\x00 \x00(r\xec\
z\xcb^\x94u(\x00)\x08\x00\x00\x00\x00\x06\x00\x00\
\x00\x17assets (standa\
lone app)\x07\x00\x00\x00\x0bTe\
mplateTab\x01\x03\x00\x00\x00.\x00\
o\x00k\x00_\x00t\x00a\x00s\x00k\x00s\x00\
/\x00a\x00s\x00s\x00e\x00t\x00s\x00 \x00\
(\x81\xea[\x9aNI\x81\x1ag,\x00)\x08\x00\x00\
\x00\x00\x06\x00\x00\x00 ok_tasks/\
assets (custom s\
cripts)\x07\x00\x00\x00\x0bTemp\
lateTab\x01\x03\x00\x00\x00,xn[\
\x9af\xf4e\xb0R0\x00{\x00v\x00e\x00r\x00\
s\x00i\x00o\x00n\x00}\x00{\x00t\x00y\x00\
p\x00e\x00}T\x17\xff\x1f\x08\x00\x00\x00\x00\x06\x00\
\x00\x004Are you sure \
you want to upda\
te to {version} \
{type}?\x07\x00\x00\x00\x0bVers\
ionCard\x01\x03\x00\x00\x00\x0ch\xc0g\
\xe5f\xf4e\xb0\x95\x19\x8b\xef\x08\x00\x00\x00\x00\x06\x00\
\x00\x00\x17Check for upd\
ate error!\x07\x00\x00\x00\x0bV\
ersionCard\x01\x03\x00\x00\x00\x0a\
h\xc0g\xe5e\xb0rHg,\x08\x00\x00\x00\x00\x06\
\x00\x00\x00\x11Check for up\
dates\x07\x00\x00\x00\x0bVersio\
nCard\x01\x03\x00\x00\x00\x08h\xc0g\xe5f\
\xf4e\xb0\x08\x00\x00\x00\x00\x06\x00\x00\x00\x14Che\
cking for update\
s\x07\x00\x00\x00\x0bVersionCar\
d\x01\x03\x00\x00\x00\x06_\x00S\xd1rH\x08\x00\x00\
\x00\x00\x06\x00\x00\x00\x05Debug\x07\x00\x00\x00\
\x0bVersionCard\x01\x03\x00\x00\
\x004N\x0b\x8f}N-\x00:\x00 \x00{\x00p\
\x00r\x00o\x00g\x00r\x00e\x00s\x00s\x00}\
\x00 \x00{\x00p\x00e\x00r\x00c\x00e\x00n\
\x00t\x00}\x00%\x08\x00\x00\x00\x00\x06\x00\x00\x00!\
Downloading {pro\
gress} {percent}\
%\x07\x00\x00\x00\x0bVersionCar\
d\x01\x03\x00\x00\x00\x0aS\xd1s\xb0e\xb0rHg\
,\x08\x00\x00\x00\x00\x06\x00\x00\x00\x12Found\
 new version!\x07\x00\x00\
\x00\x0bVersionCard\x01\x03\x00\
\x00\x00\x04O\xe1`o\x08\x00\x00\x00\x00\x06\x00\x00\x00\
\x04Info\x07\x00\x00\x00\x0bVersio\
nCard\x01\x03\x00\x00\x00\x06kc_\x0fr\
H\x08\x00\x00\x00\x00\x06\x00\x00\x00\x07Relea\
se\x07\x00\x00\x00\x0bVersionCa\
rd\x01\x03\x00\x00\x00\x14v\xeeRM]\xf2~\xcf\
f/g\x00e\xb0rHg,\xff\x01\x08\x00\x00\x00\
\x00\x06\x00\x00\x00\x1bThis is th\
e newest version\
!\x07\x00\x00\x00\x0bVersionCar\
d\x01\x03\x00\x00\x00\x08s\xb0W(f\xf4e\xb0\x08\
\x00\x00\x00\x00\x06\x00\x00\x00\x0aUpdate \
Now\x07\x00\x00\x00\x0bVersionC\
ard\x01\x03\x00\x00\x00$f\xf4e\xb0R0\x00\
{\x00v\x00e\x00r\x00s\x00i\x00o\x00n\x00\
}\x00{\x00t\x00y\x00p\x00e\x00}\x08\x00\x00\
\x00\x00\x06\x00\x00\x00\x1aUpdate to\
 {version} {type\
}\x07\x00\x00\x00\x0bVersionCar\
d\x01\x03\x00\x00\x00\x04c\xd0y:\x08\x00\x00\x00\x00\
\x06\x00\x00\x00\x05Alert\x07\x00\x00\x00\x03a\
pp\x01\x03\x00\x00\x00\x10]\xf2~\xcff\xf4e\xb0\
R0rHg,\x00:\x08\x00\x00\x00\x00\x06\x00\x00\
\x00\x1bAlready update\
d to version:\x07\x00\x00\
\x00\x03app\x01\x03\x00\x00\x00.S\xe6N\x00N\
*[\x9eO\x8b]\xf2~\xcfW(\x8f\xd0\x88L\x00\
,\x00 \x8b\xf7bKR\xa8~\xd3g_S\xe6N\
\x00N*[\x9eO\x8b\x00.\x08\x00\x00\x00\x00\x06\x00\
\x00\x00#Another insta\
nce is already r\
unning\x07\x00\x00\x00\x03app\x01\x03\
\x00\x00\x00\x0a^\x94u(T/R\xa8Vh\x08\x00\
\x00\x00\x00\x06\x00\x00\x00\x0cApp Laun\
cher\x07\x00\x00\x00\x03app\x01\x03\x00\x00\
\x00T^\x94u(T/R\xa8\x95\x19\x8b\xef0\x02\
\x8b\xf7\x5c\x06[\x89\x88\xc5e\x87N\xf6Y9m\xfb\
R\xa0R0\x00W\x00i\x00n\x00d\x00o\x00w\
\x00s\x00 \x00D\x00e\x00f\x00e\x00n\x00d\
\x00e\x00rv}T\x0dSU^v\x91\xcde\xb0\
[\x89\x88\xc5\x00:\x08\x00\x00\x00\x00\x06\x00\x00\x00f\
App startup erro\
r. Please add th\
e installation f\
older to the Win\
dows Defender wh\
itelist and rein\
stall:\x07\x00\x00\x00\x03app\x01\x03\
\x00\x00\x00\x04\x81\xeaR\xa8\x08\x00\x00\x00\x00\x06\x00\x00\
\x00\x04Auto\x07\x00\x00\x00\x03app\x01\x03\
\x00\x00\x00\x12\x81\xeaR\xa8\x8c\x03etn8b\x0f\
R\x06\x8f\xa8s\x87\x08\x00\x00\x00\x00\x06\x00\x00\x00\x17\
Auto Resize Game\
 Window\x07\x00\x00\x00\x03app\x01\
\x03\x00\x00\x00\x0c\x81\xeaR\xa8T/R\xa8n8b\
\x0f\x08\x00\x00\x00\x00\x06\x00\x00\x00\x0fAuto \
Start Game\x07\x00\x00\x00\x03a\
pp\x01\x03\x00\x00\x00\x18z\x0b^\x8fT/R\xa8\
e\xf6P\x19\x81\xeaR\xa8T/R\xa8n8b\x0f\
\x08\x00\x00\x00\x00\x06\x00\x00\x00\x1fAuto S\
tart Game When A\
pp Starts\x07\x00\x00\x00\x03ap\
p\x01\x03\x00\x00\x00\x1e\x81\xeaR\xa8T/R\xa8\x00\
 \x00{\x00a\x00p\x00p\x00_\x00n\x00a\x00\
m\x00e\x00}\x08\x00\x00\x00\x00\x06\x00\x00\x00\x15A\
uto Start {app_n\
ame}\x07\x00\x00\x00\x03app\x01\x03\x00\x00\
\x00\x08\x81\xeaR\xa8f\xf4e\xb0\x08\x00\x00\x00\x00\x06\
\x00\x00\x00\x0bAuto Update\x07\
\x00\x00\x00\x03app\x01\x03\x00\x00\x00\x18u1N\
\x8en8b\x0f\x90\x00Q\xfa\x00,\x00 \x81\xeaR\
\xa8Qs\x95\xed\x08\x00\x00\x00\x00\x06\x00\x00\x00\x1dA\
uto exit because\
 game exited\x07\x00\x00\x00\
\x03app\x01\x03\x00\x00\x00\x14\x81\xeaR\xa8f\xf4\
e\xb0\xff\x08\x98\x84S\xd1^\x03rH\xff\x09\x08\x00\
\x00\x00\x00\x06\x00\x00\x00\x1eAutomati\
c Update (Pre-re\
lease)\x07\x00\x00\x00\x03app\x01\x03\
\x00\x00\x00\x14\x81\xeaR\xa8f\xf4e\xb0\xff\x08N\xc5\
kc_\x0frH\xff\x09\x08\x00\x00\x00\x00\x06\x00\x00\
\x00\x1eAutomatic Upda\
te(Release Only)\
\x07\x00\x00\x00\x03app\x01\x03\x00\x00\x00\x08W\xfa\
g,\x8b\xbe\x7fn\x08\x00\x00\x00\x00\x06\x00\x00\x00\x0d\
Basic Options\x07\x00\x00\
\x00\x03app\x01\x03\x00\x00\x00\x06mK\x8b\xd5r\
H\x08\x00\x00\x00\x00\x06\x00\x00\x00\x0cBeta \
Version\x07\x00\x00\x00\x03app\x01\
\x03\x00\x00\x00\x04j!|\xca\x08\x00\x00\x00\x00\x06\x00\
\x00\x00\x04Blur\x07\x00\x00\x00\x03app\x01\
\x03\x00\x00\x00\x08\x90nc!{\x97l\xd5\x08\x00\x00\
\x00\x00\x06\x00\x00\x00\x0eBlur Algo\
rithm\x07\x00\x00\x00\x03app\x01\x03\x00\
\x00\x006j!|\xcan8b\x0f\x00 \x00U\x00\
I\x00D\x00 {IV\xfa[\x9aQ\x85[\xb9N\
\xe5^\xf6\x95\x7f\x00 \x00O\x00L\x00E\x00D\x00\
 \x5cO^U[\xffT}\x08\x00\x00\x00\x00\x06\x00\
\x00\x00&Blur Game UID\
 etc to enhance \
OLED life\x07\x00\x00\x00\x03ap\
p\x01\x03\x00\x00\x00\x0c\x90nc!h\xc0g\xe5\x95\
\xf4\x96\x94\x08\x00\x00\x00\x00\x06\x00\x00\x00\x0dBlu\
r Interval\x07\x00\x00\x00\x03a\
pp\x01\x03\x00\x00\x00\x1ee\xe0l\xd5b~R0\
\x00p\x00y\x00t\x00h\x00o\x00n\x00 \x00v\
\x00e\x00n\x00v\x08\x00\x00\x00\x00\x06\x00\x00\x00\x16\
Can't find pytho\
n venv\x07\x00\x00\x00\x03app\x01\x03\
\x00\x00\x00\x04S\xd6m\x88\x08\x00\x00\x00\x00\x06\x00\x00\
\x00\x06Cancel\x07\x00\x00\x00\x03app\
\x01\x03\x00\x00\x00\x08b*V\xfe^'s\x87\x08\x00\
\x00\x00\x00\x06\x00\x00\x00\x12Capture \
Frame Rate\x07\x00\x00\x00\x03a\
pp\x01\x03\x00\x00\x00\x08b*V\xfe^\xf6\x8f\xdf\
\x08\x00\x00\x00\x00\x06\x00\x00\x00\x0fCaptur\
e Latency\x07\x00\x00\x00\x03ap\
p\x01\x03\x00\x00\x00\x04V\xfdQ\x85\x08\x00\x00\x00\x00\
\x06\x00\x00\x00\x05China\x07\x00\x00\x00\x03a\
pp\x01\x03\x00\x00\x00\x18\x90\x09b\xe9T/R\xa8\
Vh[\x89\x88\xc5f\xf4e\xb0v\x84e\xb9_\x0f\
\x08\x00\x00\x00\x00\x06\x00\x00\x00(Choose\
 how the launche\
r installs updat\
es\x07\x00\x00\x00\x03app\x01\x03\x00\x00\x00\x0e\
\x91M\x7fn^\x94u(T/R\xa8Vh\x08\x00\
\x00\x00\x00\x06\x00\x00\x00\x1aConfigur\
e the app launch\
er\x07\x00\x00\x00\x03app\x01\x03\x00\x00\x00\x04\
xn\x8b\xa4\x08\x00\x00\x00\x00\x06\x00\x00\x00\x07Co\
nfirm\x07\x00\x00\x00\x03app\x01\x03\x00\
\x00\x00\x12R\x1b^\xfa\x00v\x00e\x00n\x00vY\
1\x8d%\x00.\x08\x00\x00\x00\x00\x06\x00\x00\x00\x13C\
reate venv faile\
d.\x07\x00\x00\x00\x03app\x01\x03\x00\x00\x00\x0c\
R \x96dO\x9d\x8dVb\x10R\x9f\x08\x00\x00\x00\
\x00\x06\x00\x00\x00\x1cDelete dep\
endencies succes\
s!\x07\x00\x00\x00\x03app\x01\x03\x00\x00\x00\x04\
\x8b\xcae\xad\x08\x00\x00\x00\x00\x06\x00\x00\x00\x09Di\
agnosis\x07\x00\x00\x00\x03app\x01\
\x03\x00\x00\x00\x0cT/u(j!|\xca\x90nc\
!\x08\x00\x00\x00\x00\x06\x00\x00\x00\x0bEnabl\
e Blur\x07\x00\x00\x00\x03app\x01\x03\
\x00\x00\x00\x04\x95\x19\x8b\xef\x08\x00\x00\x00\x00\x06\x00\x00\
\x00\x05Error\x07\x00\x00\x00\x03app\x01\
\x03\x00\x00\x00\x0a[\x8cb\x10T\x0e\x90\x00Q\xfa\x08\
\x00\x00\x00\x00\x06\x00\x00\x00\x0fExit Af\
ter Task\x07\x00\x00\x00\x03app\
\x01\x03\x00\x00\x00\x1an8b\x0f\x90\x00Q\xfae\xf6\
\x00,\x00 \x81\xeaR\xa8\x90\x00Q\xfa^\x94u(\
\x08\x00\x00\x00\x00\x06\x00\x00\x00\x18Exit A\
pp when Game Exi\
ts\x07\x00\x00\x00\x03app\x01\x03\x00\x00\x00\x22\
u1N\x8en8b\x0f]\xf2~\xcf\x90\x00Q\xfa\
\x00,\x00 ^\x94u(\x81\xeaR\xa8\x90\x00Q\xfa\
\xff\x01\x08\x00\x00\x00\x00\x06\x00\x00\x00\x18Exit\
 because game ex\
ited\x07\x00\x00\x00\x03app\x01\x03\x00\x00\
\x00\x1a[\x8cb\x10N\xfbR\xa1T\x0e\x90\x00Q\xfa\
n8b\x0fT\x8c\x00A\x00p\x00p\x08\x00\x00\x00\
\x00\x06\x00\x00\x00?Exit the G\
ame and the App \
after Successful\
ly Executing the\
 Task\x07\x00\x00\x00\x03app\x01\x03\x00\
\x00\x00\x0e\x8f\xd0\x88L~\xd3g_T\x0e\x90\x00Q\
\xfa\x08\x00\x00\x00\x00\x06\x00\x00\x00\x14Exit_\
After_Execution\x07\
\x00\x00\x00\x03app\x01\x03\x00\x00\x00\x12\x8b\xfbS\
\xd6rHg,R\x17\x88hY1\x8d%\x00!\x08\
\x00\x00\x00\x00\x06\x00\x00\x00 Fetch r\
emote version li\
st error!\x07\x00\x00\x00\x03ap\
p\x01\x03\x00\x00\x00\x06`;^'ep\x08\x00\x00\
\x00\x00\x06\x00\x00\x00\x0bFrame Cou\
nt\x07\x00\x00\x00\x03app\x01\x03\x00\x00\x00\x0a\
z\x97S\xe3R\x06\x8f\xa8s\x87\x08\x00\x00\x00\x00\x06\
\x00\x00\x00\x0fGame Resolut\
ion\x07\x00\x00\x00\x03app\x01\x03\x00\x00\x00\
\x08n8b\x0fX\xf0\x97\xf3\x08\x00\x00\x00\x00\x06\x00\
\x00\x00\x0aGame Sound\x07\x00\x00\
\x00\x03app\x01\x03\x00\x00\x00\x04mwY\x16\x08\
\x00\x00\x00\x00\x06\x00\x00\x00\x06Global\x07\
\x00\x00\x00\x03app\x01\x03\x00\x00\x00\x06_\xebc\
w\x95.\x08\x00\x00\x00\x00\x06\x00\x00\x00\x06Hot\
Key\x07\x00\x00\x00\x03app\x01\x03\x00\x00\x00\
(X\x9eR\xa0\x95\xf4\x96\x94N\xe5\x96MON\x00\
C\x00P\x00U\x00/\x00G\x00P\x00Um\x88\x80\
\x17\x00(k\xeby\xd2\x00)\x08\x00\x00\x00\x00\x06\x00\
\x00\x00JIncrease Dela\
y between Trigge\
r Tasks to Reduc\
e CPU/GPU Usage(\
Milliseconds)\x07\x00\x00\
\x00\x03app\x01\x03\x00\x00\x00\x04O\xe1`o\x08\
\x00\x00\x00\x00\x06\x00\x00\x00\x04Info\x07\x00\x00\
\x00\x03app\x01\x03\x00\x00\x00\x08Q\x85[\xb9X\
kQE\x08\x00\x00\x00\x00\x06\x00\x00\x00\x07Inp\
aint\x07\x00\x00\x00\x03app\x01\x03\x00\x00\
\x006[\x89\x88\xc5O\x9d\x8dVY1\x8d%\x00,\
\x00 \x8b\xf7\x5c\x1d\x8b\xd5f\xf4cbf\xf4e\xb0\
n\x90\x00,\x00 b\x16\x91\xcde\xb0N\x0b\x8f}\
[\x8cetrH\x00!\x08\x00\x00\x00\x00\x06\x00\x00\
\x00]Install depend\
encies failed, t\
ry changing the \
update source, o\
r re-download th\
e full version!\x07\
\x00\x00\x00\x03app\x01\x03\x00\x00\x006[\x89\x88\
\xc5v\xee_U\x00{\x00p\x00a\x00t\x00h\x00\
}_\xc5\x98{f/\x82\xf1e\x87v\xee_U\xff\
\x0c\x8b\xf7y\xfbR\xa8R0\x82\xf1e\x87v\xee_\
U0\x02\x08\x00\x00\x00\x00\x06\x00\x00\x00AIns\
tall dir {path} \
must be an Engli\
sh path, move to\
 another path.\x07\x00\
\x00\x00\x03app\x01\x03\x00\x00\x00\x10T/R\xa8\
T\x0eQs\x95\xedT/R\xa8Vh\x08\x00\x00\x00\
\x00\x06\x00\x00\x00\x19Kill Launc\
her After Start\x07\
\x00\x00\x00\x03app\x01\x03\x00\x00\x00\x10O\x7fu\
(\x00D\x00X\x001\x001T/R\xa8\x08\x00\x00\
\x00\x00\x06\x00\x00\x00\x10Launch wi\
th DX11\x07\x00\x00\x00\x03app\x01\
\x03\x00\x00\x00\x06T/R\xa8Vh\x08\x00\x00\x00\x00\
\x06\x00\x00\x00\x08Launcher\x07\x00\x00\
\x00\x03app\x01\x03\x00\x00\x00\x08bKR\xa8f\
\xf4e\xb0\x08\x00\x00\x00\x00\x06\x00\x00\x00\x0dMan\
ual Update\x07\x00\x00\x00\x03a\
pp\x01\x03\x00\x00\x00\x04Q\x85[X\x08\x00\x00\x00\
\x00\x06\x00\x00\x00\x06Memory\x07\x00\x00\x00\
\x03app\x01\x03\x00\x00\x00\x1au(N\x8e\x90n\
c!\x91M\x7fnS:W\xdfv\x84Y\x04t\x06\
e\xb9_\x0f\x08\x00\x00\x00\x00\x06\x00\x00\x00'Me\
thod used to obs\
cure configured \
areas\x07\x00\x00\x00\x03app\x01\x03\x00\
\x00\x00\x1ep\xb9Q\xfbQs\x95\xedc\x09\x94\xaee\
\xf6g\x00\x5c\x0fS\x16R0|\xfb~\xdfbXv\
\xd8\x08\x00\x00\x00\x00\x06\x00\x00\x00+Minim\
ize Window to Sy\
stem Tray when C\
losing\x07\x00\x00\x00\x03app\x01\x03\
\x00\x00\x00\x10n8b\x0fW(T\x0eS\xf0e\xf6\
\x97Y\x97\xf3\x08\x00\x00\x00\x00\x06\x00\x00\x00\x1dMu\
te Game while in\
 Background\x07\x00\x00\x00\x03\
app\x01\x03\x00\x00\x00\x14g\x09e\xb0rHg\
,\x00{\x00}S\xeff\xf4e\xb0\x00!\x08\x00\x00\
\x00\x00\x06\x00\x00\x00\x18New Versi\
on {} Available\x07\
\x00\x00\x00\x03app\x01\x03\x00\x00\x00\x02T&\x08\
\x00\x00\x00\x00\x06\x00\x00\x00\x02No\x07\x00\x00\x00\x03\
app\x01\x03\x00\x00\x00\x02e\xe0\x08\x00\x00\x00\x00\
\x06\x00\x00\x00\x04None\x07\x00\x00\x00\x03ap\
p\x01\x03\x00\x00\x00\x0ce\x87[W\x8b\xc6R+^\
\xf6\x8f\xdf\x08\x00\x00\x00\x00\x06\x00\x00\x00\x0bOCR\
 Latency\x07\x00\x00\x00\x03app\
\x01\x03\x00\x00\x00\x0abS_\x00T/R\xa8Vh\
\x08\x00\x00\x00\x00\x06\x00\x00\x00\x0dOpen L\
auncher\x07\x00\x00\x00\x03app\x01\
\x03\x00\x00\x00\x18bS_\x00^\x94u(T/R\
\xa8VhN\xe5{\xa1t\x06f\xf4e\xb0\x08\x00\x00\
\x00\x00\x06\x00\x00\x00'Open the \
app launcher to \
manage updates\x07\x00\
\x00\x00\x03app\x01\x03\x00\x00\x00\x04d\xcdO\x5c\
\x08\x00\x00\x00\x00\x06\x00\x00\x00\x09Operat\
ion\x07\x00\x00\x00\x03app\x01\x03\x00\x00\x00\
\x16]\xf2f\x82P\x5c\xff\x1an8b\x0f]\xf2~\
\xcf\x90\x00Q\xfa\xff\x01\x08\x00\x00\x00\x00\x06\x00\x00\x00\
\x1aPaused because \
game exited\x07\x00\x00\x00\x03\
app\x01\x03\x00\x00\x00(]\xf2f\x82P\x5c\xff\
\x1an8b\x0fz\x97S\xe3g\x00\x5c\x0fS\x16b\
\x16\x80\x05\x90\xe8R\x06W(\x5cO^UY\x16\xff\
\x01\x08\x00\x00\x00\x00\x06\x00\x00\x009Pause\
d because game w\
indow is minimiz\
ed or out of scr\
een!\x07\x00\x00\x00\x03app\x01\x03\x00\x00\
\x00\x08`'\x80\xfdmK\x8b\xd5\x08\x00\x00\x00\x00\x06\
\x00\x00\x00\x10Performance \
Test\x07\x00\x00\x00\x03app\x01\x03\x00\x00\
\x00F\x8b\xf7W(\x00M\x00u\x00M\x00Uj!\
b\xdfVh\x00[\x8b\xbe\x7fn\x00]\x00-\x00>\
\x00[QvN\xd6\x8b\xbe\x7fn\x00]N-Qs\
\x95\xed\x00[T\x0eS\xf0c\x02g:e\xf6O\xdd\
m;\x8f\xd0\x88L\x00]\x08\x00\x00\x00\x00\x06\x00\x00\
\x00CPlease turn of\
f enable backgro\
und keep alive i\
n MuMuPlayer set\
tings\x07\x00\x00\x00\x03app\x01\x03\x00\
\x00\x00\x08Y\x04t\x06^'s\x87\x08\x00\x00\x00\x00\
\x06\x00\x00\x00\x12Process Fra\
me Rate\x07\x00\x00\x00\x03app\x01\
\x03\x00\x00\x00\x1cY\x04t\x06T\x0e\x90nc!\x5c\
Bv\x84f\xf4e\xb0\x95\xf4\x96\x94\xff\x08y\xd2\xff\
\x09\x08\x00\x00\x00\x00\x06\x00\x00\x00)Secon\
ds between proce\
ssed overlay upd\
ates\x07\x00\x00\x00\x03app\x01\x03\x00\x00\
\x00\x06z3[\x9arH\x08\x00\x00\x00\x00\x06\x00\x00\
\x00\x0eStable Version\
\x07\x00\x00\x00\x03app\x01\x03\x00\x00\x00\x0eT/\
R\xa8z\x0b^\x8f_\x02^8\x00:\x08\x00\x00\x00\
\x00\x06\x00\x00\x00\x14Start App \
Exception:\x07\x00\x00\x00\x03a\
pp\x01\x03\x00\x00\x00\x0c_\x00Y\xcbN\x0b\x8f}\
O\x9d\x8dV\x08\x00\x00\x00\x00\x06\x00\x00\x00\x11St\
art downloading\x07\
\x00\x00\x00\x03app\x01\x03\x00\x00\x00\x18v{_\
Ue\xf6\x81\xeaR\xa8T/R\xa8^\x94u(T\
/R\xa8Vh\x08\x00\x00\x00\x00\x06\x00\x00\x001S\
tart the launche\
r automatically \
when you sign in\
\x07\x00\x00\x00\x03app\x01\x03\x00\x00\x00\x0a_\x00\
Y\xcb\x00/P\x5ckb\x08\x00\x00\x00\x00\x06\x00\x00\
\x00\x0aStart/Stop\x07\x00\x00\x00\
\x03app\x01\x03\x00\x00\x00\x06]\xf2P\x5ckb\
\x08\x00\x00\x00\x00\x06\x00\x00\x00\x07Stoppe\
d\x07\x00\x00\x00\x03app\x01\x03\x00\x00\x00&b\
\x10R\x9fbg\x88LN\xfbR\xa1\x00,\x00 k\
cW(\x90\x00Q\xfan8b\x0fT\x8c\x00A\x00\
p\x00p\x00!\x08\x00\x00\x00\x00\x06\x00\x00\x001S\
uccessfully Exec\
uted Task, Exiti\
ng Game and App!\
\x07\x00\x00\x00\x03app\x01\x03\x00\x00\x00$R\x07\
cbN\x0dT\x0cv\x84\x00 \x00W\x00i\x00n\
\x00d\x00o\x00w\x00s\x00 b*V\xfee\xb9\
_\x0f\x08\x00\x00\x00\x00\x06\x00\x00\x000Swit\
ch between diffe\
rent Windows cap\
ture methods\x07\x00\x00\x00\
\x03app\x01\x03\x00\x00\x00\x16v\xeeh\x07z\x97\
S\xe3o\xc0m;\xff\x1a`bY\x0d_UR6\
\x08\x00\x00\x00\x00\x06\x00\x00\x00'Target\
 window active: \
Recording resume\
d\x07\x00\x00\x00\x03app\x01\x03\x00\x00\x00\x18v\
\xeeh\x07z\x97S\xe3\x97^o\xc0m;\xff\x1af\
\x82P\x5c_UR6\x08\x00\x00\x00\x00\x06\x00\x00\x00\
(Target window i\
nactive: Recordi\
ng paused\x07\x00\x00\x00\x03ap\
p\x01\x03\x00\x00\x00\x0ce\x87[W\x8b\xc6R+~\
\xd3g\x9c\x08\x00\x00\x00\x00\x06\x00\x00\x00\x05Tex\
ts\x07\x00\x00\x00\x03app\x01\x03\x00\x00\x00\x14\
_SRMrHg,\x00{\x00}_\xc5\x98{\
f\xf4e\xb0\x08\x00\x00\x00\x00\x06\x00\x00\x00&Th\
e current versio\
n {} must be upd\
ated\x07\x00\x00\x00\x03app\x01\x03\x00\x00\
\x00\x0a\x89\xe6S\xd1Vh\x95\xf4\x96\x94\x08\x00\x00\x00\
\x00\x06\x00\x00\x00\x10Trigger In\
terval\x07\x00\x00\x00\x03app\x01\x03\
\x00\x00\x00\x0af\xf4e\xb0Q\x85[\xb9\x00:\x08\x00\
\x00\x00\x00\x06\x00\x00\x00\x08Updates:\
\x07\x00\x00\x00\x03app\x01\x03\x00\x00\x00\x14O\x7f\
u(\x00D\x00i\x00r\x00e\x00c\x00t\x00M\
\x00L\x08\x00\x00\x00\x00\x06\x00\x00\x00\x0cUse \
DirectML\x07\x00\x00\x00\x03app\
\x01\x03\x00\x00\x000Y\x82g\x9cO`g\x09N\x00\
N*f>[X\x8f\x83Y'v\x84f>Sa\
\x00,\x00 S\xefN\xe5\x90\x09f/gee9\
U\x84`'\x80\xfd\x08\x00\x00\x00\x00\x06\x00\x00\x00\x1e\
Use GPU to Impro\
ve Performance\x07\x00\
\x00\x00\x03app\x01\x03\x00\x00\x00\x08z\x97S\xe3\
\x8b\xbe\x7fn\x08\x00\x00\x00\x00\x06\x00\x00\x00\x0dWi\
ndow Config\x07\x00\x00\x00\x03\
app\x01\x03\x00\x00\x00\x18\x00W\x00i\x00n\x00\
d\x00o\x00w\x00s\x00 b*V\xfee\xb9_\
\x0f\x08\x00\x00\x00\x00\x06\x00\x00\x00\x0fWindo\
ws Capture\x07\x00\x00\x00\x03a\
pp\x01\x03\x00\x00\x00\x02f/\x08\x00\x00\x00\x00\x06\
\x00\x00\x00\x03Yes\x07\x00\x00\x00\x03app\x01\
\x03\x00\x00\x00\x0c\x00{\x00}\x00 T/R\xa8V\
h\x08\x00\x00\x00\x00\x06\x00\x00\x00\x0b{} La\
uncher\x07\x00\x00\x00\x03app\x01\
\x00\x00\xd6(\
<\
\xb8d\x18\xca\xef\x9c\x95\xcd!\x1c\xbf`\xa1\xbd\xdd\xa7\
\x00\x00\x00\x05ja_JPB\x00\x00\x15\x10\x00\x00\
\x05;\x00\x00\x09y\x00\x00\x05;\x00\x00*\xa8\x00\x00\
\x05;\x00\x00\x9f*\x00\x00\x05C\x00\x00\x93R\x00\x00\
\x05O\x00\x00N\xa7\x00\x00\x05O\x00\x00\xb7\xb3\x00\x00\
\x07\xb2\x00\x00F_\x00\x005\xa8\x00\x00\x0b\x97\x00\x00\
5\xa8\x00\x00\x5cz\x00\x00E\x82\x00\x00!\x8a\x00\x00\
G\xa4\x00\x00\x06\x1f\x00\x00G\xa4\x00\x00Yq\x00\x00\
Ih\x00\x00\x22\x18\x00\x00Ja\x00\x00O:\x00\x00\
Q\xc9\x00\x00)\x0b\x00\x00S\x82\x00\x00\x1a\xb9\x00\x00\
S\x82\x00\x00*\x7f\x00\x00S\x82\x00\x00\x92\x8f\x00\x00\
V\xfe\x00\x00Q\xac\x00\x00Y\xbe\x00\x00-o\x00\x00\
[\xb3\x00\x00sT\x00\x00_\xc3\x00\x00N\xd8\x00\x00\
_\xc3\x00\x00\xc0\xa2\x00\x00hp\x00\x00c\xb9\x00\x00\
ih\x00\x0059\x00\x00u\xa2\x00\x00B\xd8\x00\x04\
<4\x00\x00\x9e\xe2\x00\x04\x8c\xaf\x00\x00\xa9\x14\x00\x04\
\x93\xc2\x00\x00\xab\xdb\x00\x04\x98,\x00\x00\x12\xfe\x00\x04\
\x9c\xb9\x00\x00q\x99\x00\x04\xa6y\x00\x00\x15\x9a\x00\x04\
\xa8\x8b\x00\x00\x07`\x00\x04\xa8\x8b\x00\x00xB\x00\x04\
\xa9\x03\x00\x00\x0d\xc0\x00\x04\xa9\x03\x00\x00^\x13\x00\x04\
\xb8w\x00\x00P\xe4\x00\x04\xbb\x04\x00\x00\x97\x8a\x00\x04\
\xcf\x04\x00\x00S\xc0\x00\x04\xd0%\x00\x00&r\x00\x04\
\xec0\x00\x00y\x19\x00\x04\xf6\xc2\x00\x00\x0d\xf3\x00\x04\
\xf6\xc2\x00\x00^F\x00\x05\x04\xcf\x00\x00S\xe7\x00\x05\
\x04\xcf\x00\x00b\x8a\x00\x05\x04\xcf\x00\x00\x9a@\x00\x05\
\x04\xcf\x00\x00\xa5\xbb\x00\x05\x04\xcf\x00\x00\xb3a\x00\x05\
VE\x00\x00\xb7\xd3\x00\x05d\x95\x00\x00\x0f&\x00\x05\
d\x95\x00\x00_\xae\x00\x05d\x95\x00\x00n?\x00\x05\
\x98\xc5\x00\x00-\x96\x00\x05\x98\xc5\x00\x00\xa0L\x00\x05\
\xab`\x00\x00/\xf1\x00\x05\xab`\x00\x00\x96\x85\x00\x05\
\xab`\x00\x00\x98\xb6\x00\x06\x87\x9b\x00\x005\x0d\x00\x06\
\xd0D\x00\x009\xf5\x00\x07F\xc5\x00\x00A\xe3\x00\x0a\
\xf2\xce\x00\x00s\xa1\x00\x0bN\x8e\x00\x00\x8b\xaa\x00\x16\
\xad\x8d\x00\x00\x1bL\x00\x18Y\x81\x00\x00\x8a\xdf\x00\x18\
\xed\xf2\x00\x00\xaef\x00&\x9ed\x00\x00=\xf4\x00+\
d\x91\x00\x00})\x00=G\xa5\x00\x00y\xd6\x00=\
\xfa\x15\x00\x00\x08\xab\x00C\x00\xa7\x00\x00\x847\x00D\
'\xc5\x00\x00B\x0f\x00G\x96\xc4\x00\x00R\xd6\x00G\
\x96\xc4\x00\x00vo\x00H,\x94\x00\x00\xa7\x0b\x00I\
\xf0A\x00\x00\xad\xd3\x00J+\x82\x00\x00P\x92\x00J\
6\x95\x00\x00P\xbb\x00Jd\x95\x00\x00;\xc2\x00J\
\x809\x00\x00\x0d\x8a\x00J\x809\x00\x00]\xdd\x00J\
\x809\x00\x00l\xe6\x00J\xb9\xb7\x00\x00Sj\x00J\
\xb9\xb7\x00\x00\x90`\x00J\xb9\xb7\x00\x00\xa4\xbd\x00K\
Q\x15\x00\x00\x1b\x9c\x00L\x99b\x00\x00S\x96\x00L\
\x99b\x00\x00f\xb0\x00L\x99b\x00\x00\x95\x11\x00L\
\x99b\x00\x00\xaf\xc2\x00N\xbf\xa5\x00\x00')\x00O\
l\x93\x00\x00\x0e(\x00Ol\x93\x00\x00^{\x00R\
\xfd\xf4\x00\x00\x07\x8e\x00R\xfd\xf4\x00\x00ym\x00T\
l\x95\x00\x00)\xcc\x00V\x80\x04\x00\x00\xb3\x81\x00V\
\x8c\x95\x00\x00Q\x81\x00V\x8c\x95\x00\x00|\xfe\x00V\
\x8c\x95\x00\x00\x96\x05\x00V\x8c\x95\x00\x00\x98\x08\x00V\
\xae\xc2\x00\x00+f\x00X\xb7\xb9\x00\x00nm\x00Y\
\xe8\x85\x00\x00O\x95\x00Z\x8a#\x00\x00V\x04\x00Z\
\xa8\x94\x00\x00~6\x00Z\xa8\x94\x00\x00\x96\x5c\x00Z\
\xa8\x94\x00\x00\x98\x90\x00Z\xcf\xb3\x00\x00\xbe\x9b\x00Z\
\xec5\x00\x00\x07\xbd\x00\x5cV\xfe\x00\x00Q\xf9\x00\x5c\
\x83\xb5\x00\x00b\xe5\x00\x5c\x83\xb5\x00\x00\x9a\xbd\x00i\
2\xb4\x00\x0081\x00j/\x9b\x00\x007\x18\x00v\
vN\x00\x000\xe1\x00v\x8c\x95\x00\x00CE\x00z\
+\xc0\x00\x00E2\x00z\xe0e\x00\x00E\xe6\x00}\
\x9e\x01\x00\x00\x83\x99\x00\x81(i\x00\x00o\xdb\x00\x85\
7\xe7\x00\x00Nn\x00\x8d\x9c\x0e\x00\x00t\x0f\x00\x97\
\x96\x04\x00\x00mE\x00\x97\x96\x04\x00\x00\x97a\x00\xaf\
\x88w\x00\x00\x01\x99\x00\xc0\xb8\x84\x00\x00;\x01\x00\xcd\
&\x11\x00\x00\x00A\x01\x10\xaa^\x00\x00U\xcd\x01!\
\xadg\x00\x00h\xb3\x01*\xd0\x97\x00\x00\x0a#\x01*\
\xd0\x97\x00\x00H\xe0\x01*\xd0\x97\x00\x00I\x1f\x01*\
\xd0\x97\x00\x00\x982\x016$q\x00\x00\x8c\xf8\x01<\
\xdf5\x00\x00\xbf\xca\x01?\xf9>\x00\x00\xae\xd1\x01@\
\x1dG\x00\x00RT\x01C`n\x00\x00..\x01L\
\x05#\x00\x00\xa42\x01c\xaa\x09\x00\x00\x10\xe6\x01c\
\xaa\x09\x00\x00a\xc0\x01d\xa2o\x00\x003\x10\x01t\
#\xfd\x00\x00\xa0\xa1\x01\x80\xad\x22\x00\x00|\xbe\x01\x80\
\xad\x22\x00\x00\x92\x1b\x01\xaa\xde>\x00\x00\xb4\x83\x01\xb8\
\x13D\x00\x00!6\x01\xc1\xf0\x05\x00\x00k\xdb\x01\xca\
E\x8f\x00\x00\x06\xb3\x01\xcaE\x8f\x00\x00\x9bK\x01\xd4\
VT\x00\x00\xb8\xe7\x01\xd7k\xaa\x00\x00\xbb|\x01\xe7\
\xf5T\x00\x00w\xdd\x01\xfb0\xd4\x00\x00\x91\x02\x02\x06\
F5\x00\x00E\xa2\x02\x0b\x08\x8e\x00\x00Vb\x02\x19\
\xde;\x00\x00en\x02\x1b7N\x00\x00d\x9c\x02.\
@\xa1\x00\x00W\xc6\x021\xe1\x8e\x00\x00J\x9f\x024\
\xfb\xbe\x00\x00'\xd2\x026R\xd4\x00\x00\x19\xa8\x026\
R\xd4\x00\x00c\xe7\x028s\xd2\x00\x005d\x028\
\xd4R\x00\x00\xaf\x91\x02;\xe2\x87\x00\x00\xa7\x87\x02C\
\x04~\x00\x001\xde\x02l\x99\x03\x00\x00\xba\xeb\x02q\
6u\x00\x00\xa9\x81\x02v\xb8\x09\x00\x00r\xd7\x02\xad\
pR\x00\x00X\xf4\x02\xc1A\xe9\x00\x00\x19\xf2\x02\xd9\
@\xf9\x00\x00\xb7\xf3\x02\xdc Q\x00\x00\xb1{\x02\xe7\
 \xf5\x00\x00\x07#\x02\xe7 \xf5\x00\x00\x22\xad\x02\xe7\
 \xf5\x00\x00\x9b\xe6\x02\xf6\xbc\x8a\x00\x00\x1d\xaf\x03\x00\
(\x14\x00\x00\xbd\xb6\x03\x09\xa2\x9e\x00\x001\x85\x03\x15\
*u\x00\x00&2\x03%\xdek\x00\x00i\x13\x03C\
L9\x00\x00&\x9e\x03K\xef\xe5\x00\x00D%\x03O\
\x17\x85\x00\x00G9\x03P\xba\x9e\x00\x00T\x0e\x03S\
\xb0\xcb\x00\x00\x0c\xae\x03W\xb0\x17\x00\x00\x8eX\x03X\
\x11u\x00\x00w\xa0\x03]\xe0\x17\x00\x00)2\x03d\
\xa1\xce\x00\x00Q\x0e\x03v\xe01\x00\x00\x84\x83\x03\x81\
\xa9]\x00\x00 \xcb\x03\x8d\x17\xe3\x00\x00\x91`\x03\x9d\
\xfdE\x00\x00u\x08\x03\xc5\xefz\x00\x00\x22s\x03\xcc\
\xfa\xa3\x00\x00\x02a\x03\xcdG\xa5\x00\x00;\xfa\x03\xee\
\xf3\xfa\x00\x00-\xf4\x04\x14S\xf5\x00\x00\x14]\x04\x1b\
\xf0d\x00\x00\xb9\xca\x04\x1d\xf6~\x00\x00d@\x04(\
U\xc4\x00\x00\xbe%\x046\x07\xc4\x00\x00\x17\xa7\x04K\
+\x03\x00\x00Y\x9d\x04L\xedM\x00\x00\xa6\xa3\x04d\
`5\x00\x00A\x0e\x04e\xafi\x00\x00\x0e\x93\x04e\
\xafi\x00\x00_v\x04e\xafi\x00\x00m\xd8\x04l\
u\x90\x00\x00[\x10\x04r\x80\xd4\x00\x00bZ\x04r\
\x80\xd4\x00\x00\x99\xe4\x04r\xd0\x03\x00\x00V.\x04\x87\
p\xc8\x00\x00;]\x04\x8f\x07Y\x00\x00q\xf5\x04\x90\
\x894\x00\x00p}\x04\x94\xa8\x84\x00\x00\x85\x13\x04\x98\
I\xbc\x00\x00\x06L\x04\x98I\xbc\x00\x00\x08|\x04\x98\
I\xbc\x00\x00\x0a\x5c\x04\x98I\xbc\x00\x00\x0c:\x04\x98\
I\xbc\x00\x00\x11@\x04\x98I\xbc\x00\x00\x22C\x04\x98\
I\xbc\x00\x00I]\x04\x98I\xbc\x00\x00J4\x04\x98\
I\xbc\x00\x00Y\xe7\x04\x98I\xbc\x00\x00]\x1d\x04\x98\
I\xbc\x00\x00e\xd8\x04\x98I\xbc\x00\x00\x9a\xe0\x04\x98\
I\xbc\x00\x00\x9b\xb6\x04\x98I\xbc\x00\x00\xad4\x04\x99\
n\x95\x00\x00MW\x04\xa0\xb2*\x00\x00/\x9c\x04\xa1\
L\x85\x00\x00/R\x04\xa2\xcb\xd7\x00\x00v\x97\x04\xa8\
\xb8\xa5\x00\x00\x0cw\x04\xac,\xa5\x00\x00fG\x04\xac\
,\xa5\x00\x00m\x15\x04\xac,\xa5\x00\x00\x97\x06\x04\xac\
,\xa5\x00\x00\x9c\x1e\x04\xac\xab]\x00\x00\x0d\x07\x04\xac\
\xab]\x00\x00]Z\x04\xac\xab]\x00\x00l\xb2\x04\xc2\
\x8f\xa2\x00\x00\x91/\x04\xc4y%\x00\x00\x99~\x04\xcf\
v\x94\x00\x00%\x1a\x04\xd1\x1fR\x00\x00\x92Z\x04\xd5\
P\xa4\x00\x00=\xbc\x04\xd5Z\xc4\x00\x00>\x82\x04\xd5\
n\xc4\x00\x00>\xf5\x04\xd5\xe9\xa9\x00\x00\x1e\x9e\x04\xe0\
\x8f\xb2\x00\x00Of\x04\xe3X|\x00\x00\xb2k\x04\xe6\
\xf1\xdf\x00\x00\xa37\x04\xedY\xc4\x00\x00\x19`\x04\xf4\
\x18N\x00\x000D\x04\xf6\x91\xc9\x00\x00\xb2\x93\x04\xfa\
\x12\xa3\x00\x00\xb6:\x05\x14\x8d9\x00\x00X\xa6\x05\x17\
60\x00\x00)\xf7\x05\x1d\xcf\x09\x00\x00\xab*\x05\x22\
?\xe9\x00\x00z\x1e\x05#k\x81\x00\x00\x94c\x05(\
J\xd3\x00\x00Pb\x051\x10\xbe\x00\x00D\xaa\x056\
\x8ay\x00\x00\xad\x9e\x058\x92\xc0\x00\x00\x9d\xd1\x05<\
F\x99\x00\x00\xb6\x16\x05@\x5c\xa5\x00\x00\x0e^\x05@\
\x5c\xa5\x00\x00^\xb1\x05B\xdd\xac\x00\x00\xbf\x90\x05E\
\xaf\xd9\x00\x00Z\xaf\x05E\xaf\xd9\x00\x00\x5c\x02\x05E\
\xaf\xd9\x00\x00^\xe6\x05E\xaf\xd9\x00\x00m\xa8\x05K\
\xe0\xd4\x00\x00\x902\x05_/R\x00\x00>D\x05f\
j\xa7\x00\x00\xbb\xb8\x05o/\xe3\x00\x00g\x85\x05v\
*I\x00\x00`l\x05{\x90\x15\x00\x00\x17\x08\x05\x80\
W\xc4\x00\x00v\x07\x05\x8b\xa6\x84\x00\x00,\x05\x05\x8c\
F\xc5\x00\x00[@\x05\x8c\xac5\x00\x00Q\xd1\x05\x8c\
\xac5\x00\x00\x962\x05\x8c\xac5\x00\x00\x98i\x05\x8e\
c\xb5\x00\x00\xaaZ\x05\x93\xca\x17\x00\x00r\x92\x05\x9a\
\x90t\x00\x00Us\x05\x9c}.\x00\x00\xa1\x97\x05\xa6\
\xecX\x00\x00:\x1d\x05\xaa\x8b\xc3\x00\x00n\xd3\x05\xac\
\xdcQ\x00\x00\x04\xbe\x05\xb4\x98\xde\x00\x00+\x91\x05\xbd\
\xf7S\x00\x00<\xde\x05\xc6\xa8\xa5\x00\x00Wb\x05\xd4\
\x8fX\x00\x007\x82\x05\xd6\x03\xff\x00\x00@Q\x05\xdb\
\xc29\x00\x00\x10\xaf\x05\xdb\xc29\x00\x00a\x89\x05\xdb\
\xc29\x00\x00o\xab\x05\xdd\xf9D\x00\x00'T\x05\xdf\
\xba\xba\x00\x00\x09\x9e\x05\xe0Kg\x00\x004\x1d\x05\xe7\
\x0c5\x00\x00y\x97\x06\x09\xcd\xf4\x00\x00\x897\x06#\
\xc0[\x00\x00Ea\x06,\xce\xa9\x00\x00*\xce\x06.\
!\xe5\x00\x00F\x15\x06.\x8e)\x00\x00\x85\xa0\x06C\
\x1f\x15\x00\x00\xb5\xe9\x06K\x02\xa5\x00\x00\x17\xe8\x06Q\
V\xe9\x00\x00\xb2\xbb\x06\x5c\xd6\x95\x00\x00e*\x06e\
2`\x00\x00D\xf1\x06e\xa0.\x00\x00[o\x06\x80\
\xab\x84\x00\x00'\x97\x06\x816D\x00\x00\xb7\x04\x06\x95\
x>\x00\x00w=\x06\xa2\x1a]\x00\x00\x96\xad\x06\xa8\
\xa9\xaa\x00\x00\xbff\x06\xacWc\x00\x00<\xa0\x06\xae\
\xa4>\x00\x00\x9eL\x06\xb0\xbe\xae\x00\x00\x02\x9c\x06\xb0\
\xbe\xae\x00\x00\xbbP\x06\xb5\x04\x22\x00\x00=1\x06\xb8\
\x91\xde\x00\x00/\x07\x06\xbb]a\x00\x00\x8a\x18\x06\xc4\
y%\x00\x009,\x06\xc9\xb1\x80\x00\x00A\xab\x06\xd0\
\xbaQ\x00\x00\xb3\xac\x06\xe3v\xd4\x00\x008l\x06\xe8\
\xc3G\x00\x00\x83\x0f\x07\x02\x06\x83\x00\x00\xad\xf4\x07\x05\
\xe4d\x00\x00\xb1\xd9\x07\x09W\xa2\x00\x00?k\x07\x0c\
HY\x00\x00\x1d\xf9\x07\x11\x5c$\x00\x00\x18\xfb\x07\x1f\
\x97[\x00\x00#\xae\x074'\x12\x00\x00Xl\x077\
3\xdb\x00\x00\xb0\xb8\x07Io~\x00\x00\xb2\x08\x07P\
\xb3\xaa\x00\x00&\xf3\x07Wf\x07\x00\x00\xa94\x07^\
\xb4t\x00\x00\xb2;\x07h\x80$\x00\x00\x13n\x07\x85\
\x93\xd1\x00\x00\xa3\xcf\x07\x9a\x96,\x00\x00C\xf3\x07\xa9\
\xbc\x84\x00\x00l8\x07\xab\x06\x13\x00\x00l\x81\x07\xab\
\x08\x98\x00\x00F\xef\x07\xab\x1aR\x00\x00G\x8f\x07\xb4\
5q\x00\x00\x8cE\x07\xb5\xe2\xfb\x00\x00\x0a\xbd\x07\xb5\
\xe2\xfb\x00\x00#\x10\x07\xb7U\xe4\x00\x00\x7f7\x07\xdf\
\x0e\xf3\x00\x00\x17a\x07\xe3\xfd\x9b\x00\x00h.\x07\xe5\
$\xf3\x00\x00\xafl\x08\x03\xeft\x00\x00\x09\xc7\x08\x09\
\x7fd\x00\x00\x09?\x08\x0abr\x00\x00H\x1d\x08\x0f\
tN\x00\x00\xbb\xf1\x08\x18B%\x00\x00\xb7]\x087\
\x99\xfd\x00\x00\xaa\x0d\x08=\xe1s\x00\x00v\xca\x08B\
\xf3Q\x00\x00\xaf\x1a\x08E=\x0e\x00\x00\x00\xcb\x08E\
=\x0e\x00\x00\xab\xaf\x08Fk\xe2\x00\x00\xc0\xc1\x08J\
\x95A\x00\x00\x81\xd4\x08K\x95\xb4\x00\x00\x8f\x22\x08N\
\xb2\xf5\x00\x00yB\x08i5\xf4\x00\x00\xbe\xc8\x08i\
\x8d\x8c\x00\x004M\x08n\xd9n\x00\x00\x8e\x8e\x08u\
`l\x00\x00\xbf2\x08\x80K\xf7\x00\x00~\xc6\x08\x81\
(\x11\x00\x00\x88\x85\x08\x89)\xf9\x00\x00X7\x08\x96\
\x1e\x8c\x00\x00{\x8f\x08\x9aE\xee\x00\x00=l\x08\xa2\
\x93\xc7\x00\x00\xa6g\x08\xb3\xba}\x00\x00\x1f:\x08\xb4\
\xac\x0e\x00\x00\x7f\x8f\x08\xbah\xc3\x00\x00R\xaf\x08\xbd\
\x8c\xc8\x00\x00ij\x08\xbd\x8c\xc8\x00\x00}\xaf\x08\xc2\
\xb8\xc5\x00\x00T\xe1\x08\xc2\xb8\xc5\x00\x00\xa5\xe3\x08\xc4\
\x9b\xe2\x00\x00\xb5\xbf\x08\xcce\x97\x00\x00\x93u\x08\xce\
\x01\x9e\x00\x00B\x94\x08\xd6t\x12\x00\x00\x93\xa2\x08\xfd\
\xd9#\x00\x00W3\x09\x06\xb5i\x00\x00\xa2d\x09\x0b\
I\xc9\x00\x00$\xa8\x09\x16(\xb1\x00\x00\x86\xeb\x09)\
\xe2\x83\x00\x00|-\x09)\xe2\x83\x00\x00\x91\x99\x09+\
`\xfc\x00\x00p\xd5\x090\x8f%\x00\x00\xa4\xea\x096\
vN\x00\x0013\x09>\xbd\xfe\x00\x00\x14\xaf\x09?\
h\x89\x00\x00\x0b\xcf\x09?h\x89\x00\x00\x5c\xb2\x09J\
*\xb9\x00\x00\x03e\x09Q\xd8\xce\x00\x00\x9c\xf4\x09Z\
\x7f\xad\x00\x00\xa1;\x09\x5c\xa9e\x00\x00\x00\x00\x09`\
\x06\xb5\x00\x00\x0f\x9f\x09`\x06\xb5\x00\x00_\xe3\x09a\
~\xb5\x00\x00~]\x09k\xd7]\x00\x00\x00\xfc\x09m\
\xf9T\x00\x00%L\x09q\x01\xe0\x00\x00\xbcj\x09\x87\
\xbc\xc5\x00\x00R\xfe\x09\x87\xbc\xc5\x00\x00{\xc2\x09\x87\
\xbc\xc5\x00\x00\x8fT\x09\x88\xbd\xa3\x00\x00xk\x09\x8c\
u\xff\x00\x00\xa0t\x09\x91\xe0\x92\x00\x00?\x9d\x09\x9c\
u\xa3\x00\x00\x1cn\x09\x9d\x14\x84\x00\x00\x1c\x0f\x09\xaa\
\xaa\x89\x00\x00\x9f\xc7\x09\xb2\xf0\x1e\x00\x00Am\x09\xb8\
\x9e\x89\x00\x00c\x0f\x09\xc5P\x17\x00\x00b\xb5\x09\xc5\
P\x17\x00\x00n\xa0\x09\xc5P\x17\x00\x00}\xd8\x09\xc5\
P\x17\x00\x00\x9ad\x09\xc5\xb8\x8a\x00\x00\xa8\x16\x09\xd1\
\x8d\xf1\x00\x00\x89\xc5\x09\xd5\x1e\xb5\x00\x00\x12~\x09\xd5\
\x1e\xb5\x00\x00`\xc4\x09\xd5\x1e\xb5\x00\x00o\x03\x09\xd7\
\xa4d\x00\x006\x13\x09\xde\xd1\x8d\x00\x00\x80>\x09\xeb\
\xbf\xb5\x00\x00U@\x09\xfd]\xb5\x00\x00\x10h\x09\xfd\
]\xb5\x00\x00aB\x09\xfd]\xb5\x00\x00o:\x0a\x10\
d-\x00\x00\x1eK\x0a\x1ee\xb4\x00\x00j\xf6\x0a!\
\xa6o\x00\x00!\xb3\x0a\x22\xd2k\x00\x00Ct\x0a/\
k\xbf\x00\x00\x1dh\x0a0\xab\x94\x00\x00%\x91\x0a<\
j+\x00\x00\x0f[\x0a=\x0e\x95\x00\x00M\x8a\x0a?\
#\x1b\x00\x00\x11\xf9\x0a?#\x1b\x00\x00#\xed\x0a?\
#\x1b\x00\x00f\x0c\x0a?#\x1b\x00\x00\x9a\x0d\x0a?\
j[\x00\x00$$\x0a?j[\x00\x00fu\x0a?\
j[\x00\x00\x97-\x0aZ\xcc\xc5\x00\x00BV\x0a_\
\xbe\x83\x00\x00:\x7f\x0aa\x13>\x00\x00\x95<\x0ad\
\xd0\xcd\x00\x00\x06\x82\x0ad\xd0\xcd\x00\x00\x0a\x8f\x0ad\
\xd0\xcd\x00\x00\x11\xc9\x0ad\xd0\xcd\x00\x00I\xca\x0ad\
\xd0\xcd\x00\x00Jl\x0ad\xd0\xcd\x00\x00YD\x0ad\
\xd0\xcd\x00\x00Z\x7f\x0ad\xd0\xcd\x00\x00\x9b\x18\x0ad\
\xd0\xcd\x00\x00\xae\xae\x0ae\xb9\x1c\x00\x00\x22\xe5\x0ah\
\xf6\xd5\x00\x00:\xbd\x0aiA\x82\x00\x00M\xcc\x0am\
\x82\xfc\x00\x00HU\x0atg\x19\x00\x00\x125\x0av\
\x1d\x99\x00\x00)]\x0avZ2\x00\x00P4\x0aw\
r\xd7\x00\x00\x07\xec\x0ay_\x07\x00\x0026\x0a\x84\
\xfb\xa8\x00\x004\xc9\x0a\x95m\xe4\x00\x009^\x0a\x96\
ke\x00\x00\x0e\xcb\x0a\x9a\xaaZ\x00\x00\x01\xdc\x0a\xa2\
\xfa7\x00\x00\xc0*\x0a\xa7\xd1>\x00\x00K5\x0a\xa8\
@\x11\x00\x00~\x03\x0a\xadgY\x00\x00\x93\xec\x0a\xb6\
v\xe4\x00\x00\xbc\x96\x0a\xb9\x9c\xf3\x00\x000\x19\x0a\xb9\
\x9c\xf3\x00\x00j!\x0a\xb9\x9c\xf3\x00\x00\xa1\xf2\x0a\xbe\
 J\x00\x00\x08\xe1\x0a\xbeI\x9e\x00\x00~\x91\x0a\xd0\
_d\x00\x00\xa2\x1d\x0a\xd2\xc0\xe5\x00\x007\xe7\x0a\xd8\
\xc4\x11\x00\x00\x86\x9a\x0a\xdb\x09\xe4\x00\x00\xb5<\x0a\xe1\
\xb0\x85\x00\x00\xac1\x0a\xe7\x93\x14\x00\x00|h\x0a\xe8\
\xd6\x1e\x00\x00\x9fP\x0a\xebf\x09\x00\x00M\x09\x0a\xff\
e\xee\x00\x00\x9d\xfb\x0b\x00\xf9\x94\x00\x00\x13'\x0b\x03\
\xc6\x94\x00\x00\x10(\x0b\x03\xc6\x94\x00\x00a\x02\x0b\x09\
yE\x00\x008\xb9\x0b\x09ye\x00\x00\x99P\x0b\x09\
\xa6\xc4\x00\x00O\x08\x0b%\xf5\x11\x00\x00\x05\xea\x0b0\
8\xf9\x00\x00\x16\x98\x0b6\x01k\x00\x00g2\x0b6\
\x08+\x00\x00f\xdf\x0bHB\xd9\x00\x00\x0bL\x0bH\
B\xd9\x00\x00\x5c/\x0b`\xb6\xd5\x00\x00G\xd9\x0bc\
\xe2\x94\x00\x00\x82l\x0bd\xdd\xbd\x00\x00%\xce\x0b\x88\
3H\x00\x006\xdd\x0b\x8f\xdd\xb2\x00\x00F\x85\x0b\x91\
\x1f\xcc\x00\x00\x16\x07\x0b\x92\x14 \x00\x004\x88\x0b\x99\
7\x8e\x00\x00\x8d\xb3\x0b\x9e\x96Y\x00\x00z\x9e\x0b\xab\
\x94\x0e\x00\x00\x8f\xbb\x0b\xb4a>\x00\x00{\xf1\x0b\xb7\
p\xde\x00\x00*(\x0b\xbd\xf2c\x00\x00\xa4u\x0b\xc0\
\x05\xe4\x00\x00\xa0\xff\x0b\xc2\x05\xe4\x00\x00C\xb5\x0b\xc5\
\x09q\x00\x00\x05\xb5\x0b\xcb\x00\xae\x00\x00.\xb7\x0b\xdb\
\x22C\x00\x00\xa9\xb8\x0b\xdd_i\x00\x00\x13\xef\x0b\xe3\
\xea\x81\x00\x00\xa6\x12\x0b\xee\x00\xe4\x00\x00O\xcf\x0c\x01\
\x9e\xd1\x00\x00\xb9=\x0c\x04\xa05\x00\x00U\x0f\x0c\x04\
\xa05\x00\x00d\xf9\x0c\x05\x83\x83\x00\x00\x1b\xd7\x0c\x05\
\x83\x83\x00\x00QP\x0c\x05\x83\x83\x00\x00\x93\x22\x0c\x10\
\xbf.\x00\x00\x9cH\x0c\x13\xf8\xce\x00\x00\x0a\xf7\x0c\x15\
*\xee\x00\x00\x81T\x0c!\x99\xcb\x00\x00\xaf\xe5\x0c*\
$W\x00\x00I\x8d\x0c*$W\x00\x00b\x1a\x0c*\
$W\x00\x00\x8f\xf8\x0c*$W\x00\x00\x99\xab\x0cB\
\x17\xa3\x00\x00\x90\xc8\x0cC\xbb\xe2\x00\x00\xa7\xe2\x0cG\
\x92\xf4\x00\x00mw\x0cG\x92\xf4\x00\x00\x97\xaf\x0cJ\
fY\x00\x00Dr\x0cRV\x8e\x00\x00oz\x0cV\
\x8c\xe5\x00\x00F\xba\x0cV\xb7\xad\x00\x00#G\x0cX\
\x09e\x00\x00\xba\xaf\x0cZ\xcf\x1d\x00\x00\x1aK\x0c^\
T\xf9\x00\x00\x11u\x0co\x11\x8b\x00\x00\x05m\x0cu\
\x02\xbe\x00\x00Z\xde\x0cuK\x99\x00\x00\x90\x8a\x0cz\
\xc3\x9e\x00\x00\x15\xc3\x0cz\xdb7\x00\x00\xb6\x95\x0c{\
\x85\x9f\x00\x002}\x0c\x80\x8a\x83\x00\x00-\xbe\x0c\x84\
\xfes\x00\x00\xbd<\x0c\x88\xfa>\x00\x00\xb8\xc2\x0c\x90\
\xd8\xbc\x00\x00\xac\xab\x0c\x92\xbc\xa1\x00\x00\x87\xaf\x0c\x97\
\x12\xac\x00\x00{X\x0c\x98\x96\x9d\x00\x00\x18\xc3\x0c\x9a\
\x01\xda\x00\x003\xbe\x0c\xa1\xa9\x84\x00\x00?-\x0c\xa3\
\x80I\x00\x00X\x00\x0c\xa4\x91\xb5\x00\x00<G\x0c\xa8\
h\x87\x00\x00z\xe5\x0c\xa9_$\x00\x00I\xf5\x0c\xbb\
\x01s\x00\x00U\xa2\x0c\xbb\x01s\x00\x00zs\x0c\xc9\
\xa0\x0e\x00\x00{(\x0c\xce\x0f\x1f\x00\x00,/\x0c\xdf\
\x8d\xc8\x00\x00\x08;\x0c\xee\xd9[\x00\x00g\xdb\x0c\xf6\
\x5c\xfe\x00\x00n\x09\x0d\x04,\xaf\x00\x00C\x01\x0d\x05\
Rs\x00\x00\x13\xb5\x0d\x18\x90\xf2\x00\x00N(\x0d\x1f\
N\x94\x00\x00i\x99\x0d1\x07\xc5\x00\x00\xc0]\x0d4\
\xb3\xee\x00\x00H\x93\x0d9\xd2\xae\x00\x00\x1c\xb5\x0dG\
c\xb4\x00\x00\x8f\x82\x0dL\xdb\xf1\x00\x00\xbc\xb9\x0dM\
\xb0\x9d\x00\x00\x12\xb4\x0dU\x94\xe2\x00\x00>\xba\x0dZ\
\xca\xe7\x00\x00?\xdb\x0d\x5c\xa9\x15\x00\x006o\x0d\x5c\
\xec2\x00\x00@\x16\x0d_\xd6C\x00\x008\xee\x0d\x89\
P\x17\x00\x003\xf2\x0d\x89P\x17\x00\x00L\xd6\x0d\x93\
x%\x00\x00\x02\x1c\x0d\xa1\xc7\xc9\x00\x00\x91\xd3\x0d\xac\
z\xf3\x00\x00\x14\xf9\x0d\xb0\x8e\xd4\x00\x00u\x8d\x0d\xc0\
\xcb\x94\x00\x00\x15D\x0d\xc5\x9e\xbe\x00\x00t\x89\x0d\xd3\
\x034\x00\x00\xb0h\x0d\xd5\xf0#\x00\x00[\xbb\x0d\xd8\
\xc9)\x00\x00\xaa\xdc\x0d\xdfb-\x00\x00\x1f\x86\x0d\xfc\
\x13'\x00\x00@\x89\x0e\x0dDn\x00\x00(T\x0e\x11\
\x9a\xe6\x00\x00\xac\xe0\x0e\x12\x05s\x00\x00\xb8[\x0e\x17\
\x01\x1d\x00\x00 H\x0e!}d\x00\x00\x98\xdb\x0e/\
\xa2t\x00\x00\x16<\x0e1\xac*\x00\x00\xa70\x0e;\
\xcd\x81\x00\x00\xb5\x89\x0eD\xcd+\x00\x00_\x1d\x0eF\
\xc4\xc3\x00\x009\xab\x0eb\xa1\xae\x00\x00\xb1C\x0ee\
@\x89\x00\x00\xa2\xc1\x0eg\x84\xbb\x00\x00@\xca\x0er\
\xa2\x0e\x00\x00,\xc3\x0e\xafo\xc3\x00\x00\x97\xd7\x0e\xb1\
7\x93\x00\x00i\xdd\x0e\xbf\xdf:\x00\x00\x09\x13\x0e\xcb\
%\xa2\x00\x00S.\x0e\xd3\x02\xed\x00\x00\x80\xc6\x0e\xe1\
~\xa3\x00\x00\x0f\xde\x0e\xe1~\xa3\x00\x00`\x22\x0e\xe5\
x\x19\x00\x00\x18#\x0e\xe8\x9b\xb2\x00\x00\xb8&\x0e\xf3\
\x11C\x00\x00\xab|\x0f\x03\xb7\xa1\x00\x00\xa5g\x0f\x07\
gi\x00\x00jP\x0f\x0e\x89.\x00\x00Z\x1c\x0f\x19\
\x22<\x00\x00\x0dB\x0f\x19\x22<\x00\x00]\x95\x0f \
s\xf1\x00\x00\x04W\x0f!o\xdd\x00\x00\x02\xcd\x0f'\
\xf1\xfb\x00\x00\x04%\x0f'\xf1\xfb\x00\x00W\x93\x0f3\
\x9a\x85\x00\x00\x9c\xa4\x0f9@\xe8\x00\x00\x04\x96\x0fL\
\xa1\xb3\x00\x00)\x96\x0fW\xb8i\x00\x00k\x87\x0fX\
\x1aC\x00\x00\xba\x08\x0fn1U\x00\x00qN\x0f\x85\
\xef\xbe\x00\x000\x8e\x0f\x8a3\xb5\x00\x00v\xff\x0f\x93\
gi\x00\x00j\xa3\x0f\x96\xf2!\x00\x00TM\x0f\x98\
N\xf4\x00\x00\x9a\x8d\x0f\x99+e\x00\x00\xad\x5c\x0f\x9e\
H$\x00\x00\xaa\x85\x0f\xa13H\x00\x007G\x0f\xad\
N]\x00\x00\xab\xfd\x0f\xc0w!\x00\x00\x05\x10\x0f\xc9\
X\x97\x00\x00R$\x0f\xc9X\x97\x00\x00\x944\x0f\xcc\
\xa8\xc4\x00\x00$[\x0f\xd2\xbb\xbd\x00\x00\x1a\xe3\x0f\xd2\
\xbb\xbd\x00\x00\x92\xb9\x0f\xd4\x9eI\x00\x00\x9d8\x0f\xd5\
U\xb3\x00\x00~\xfc\x0f\xef/\xd4\x00\x00k?\x0f\xf4\
\xee^\x00\x005\xcc\x0f\xf5]#\x00\x00\xb0\x1ai\x00\
\x00\xc0\xf4\x03\x00\x00\x00\x160\xd00\xfc0\xb80\xe7\
0\xf30\xa20\xc30\xd70\xc70\xfc0\xc8\x08\x00\
\x00\x00\x00\x06\x00\x00\x00\x0eVersion \
Update\x07\x00\x00\x00\x08@defa\
ult\x01\x03\x00\x00\x00<\x00{\x00k\x00e\x00\
y\x00}\x00 0oq!R\xb90g0Y0\
\x020\xdb0\xc30\xc80\xad0\xfc0n\x8a-[\
\x9a0\x92x\xba\x8a\x8d0W0f0O0`0\
U0D\xff\x01\x08\x00\x00\x00\x00\x06\x00\x00\x001{\
key} is invalid,\
 please check th\
e hotkey config!\
\x07\x00\x00\x00\x08@default\x01\x03\x00\
\x00\x00\x080\xd90\xfc0\xbfrH\x08\x00\x00\x00\x00\
\x06\x00\x00\x00\x0cBeta Versio\
n\x07\x00\x00\x00\x08AboutTab\x01\x03\
\x00\x00\x00P0\xc00\xa60\xf30\xb00\xec0\xfc\
0\xc9b\x10R\x9f\x00 \x00{\x00f\x00r\x00o\
\x00m\x00_\x00v\x00e\x00r\x00s\x00i\x00o\
\x00n\x00}\x00 \x00-\x00>\x00 \x00{\x00t\
\x00o\x00_\x00v\x00e\x00r\x00s\x00i\x00o\
\x00n\x00}\x08\x00\x00\x00\x00\x06\x00\x00\x000Do\
wngrade success \
{from_version} -\
> {to_version}\x07\x00\
\x00\x00\x08AboutTab\x01\x03\x00\x00\x00\
\x180\xc70\xd00\xc30\xb0rH0\x920\xc00\
\xa60\xf30\xed0\xfc0\xc9\x08\x00\x00\x00\x00\x06\x00\
\x00\x00\x0eDownload Debu\
g\x07\x00\x00\x00\x08AboutTab\x01\x03\
\x00\x00\x00\x140\xc00\xa60\xf30\xed0\xfc0\xc9\
0\xa80\xe90\xfc\x00:\x08\x00\x00\x00\x00\x06\x00\x00\
\x00\x0fDownload Error\
:\x07\x00\x00\x00\x08AboutTab\x01\x03\
\x00\x00\x00\x180\xea0\xea0\xfc0\xb9rH0\x92\
0\xc00\xa60\xf30\xed0\xfc0\xc9\x08\x00\x00\x00\
\x00\x06\x00\x00\x00\x10Download R\
elease\x07\x00\x00\x00\x08About\
Tab\x01\x03\x00\x00\x00\x10\x95\xa2\x90#0\xd70\
\xed0\xb80\xa70\xaf0\xc8\x08\x00\x00\x00\x00\x06\x00\
\x00\x00\x0eOther Project\
s\x07\x00\x00\x00\x08AboutTab\x01\x03\
\x00\x00\x00\x06[\x89[\x9arH\x08\x00\x00\x00\x00\x06\
\x00\x00\x00\x0eStable Versi\
on\x07\x00\x00\x00\x08AboutTab\x01\
\x03\x00\x00\x00N0\xa20\xc30\xd70\xc70\xfc0\
\xc8b\x10R\x9f\x00 \x00{\x00f\x00r\x00o\x00\
m\x00_\x00v\x00e\x00r\x00s\x00i\x00o\x00\
n\x00}\x00 \x00-\x00>\x00 \x00{\x00t\x00\
o\x00_\x00v\x00e\x00r\x00s\x00i\x00o\x00\
n\x00}\x08\x00\x00\x00\x00\x06\x00\x00\x00-Upd\
ate success {fro\
m_version} -> {t\
o_version}\x07\x00\x00\x00\x08A\
boutTab\x01\x03\x00\x00\x00V0\xb20\
\xfc0\xe0\x00I\x00D\xff\x08O\x8b\xff\x1a\x001\x00\
0\x002\x006\x003\x000\x006\x001\x002\x00\
3\x004\x005\xff\x090o0S0n0\xa20\
\xab0\xa60\xf30\xc80k}\x10N\xd80Q0\
\x890\x8c0\x01Y\x09f\xf40g0M0~0\
[0\x93\x08\x00\x00\x00\x00\x06\x00\x00\x00L\xe4\xbd\xa0\
\xe7\x9a\x84\xe6\xb8\xb8\xe6\x88\x8f\xe7\xbc\x96\xe5\x8f\xb7,\
 \xe5\xa6\x82102630612345\
, \xe5\xb0\x86\xe4\xbc\x9a\xe7\xbb\x91\xe5\xae\x9a\xe6\xad\
\xa4\xe8\xb4\xa6\xe5\x8f\xb7\xe4\xbd\xbf\xe7\x94\xa8\xe6\x97\xa0\
\xe6\xb3\x95\xe6\x9b\xb4\xe6\x94\xb9\x07\x00\x00\x00\x09Ac\
tWindow\x01\x03\x00\x00\x00\x0e0\xa20\
\xaf0\xc60\xa30\xd90\xfc0\xc8\x08\x00\x00\x00\x00\
\x06\x00\x00\x00\x06\xe6\xbf\x80\xe6\xb4\xbb\x07\x00\x00\x00\x09\
ActWindow\x01\x03\x00\x00\x00\x180\
\xa20\xaf0\xc60\xa30\xd90\xfc0\xb70\xe70\
\xf30\xb30\xfc0\xc9\x08\x00\x00\x00\x00\x06\x00\x00\x00\
\x09\xe6\xbf\x80\xe6\xb4\xbb\xe7\xa0\x81\x07\x00\x00\x00\x09A\
ctWindow\x01\x03\x00\x00\x00\x04\x8af\
u(\x08\x00\x00\x00\x00\x06\x00\x00\x00\x06\xe8\xaf\x95\xe7\
\x94\xa8\x07\x00\x00\x00\x09ActWindow\
\x01\x03\x00\x00\x00\x1e0\xb20\xfc0\xe0\x00I\x00D\
0\x92QeR\x9b0W0f0O0`0U\
0D\xff\x01\x08\x00\x00\x00\x00\x06\x00\x00\x00\x16\xe8\xaf\
\xb7\xe8\xbe\x93\xe5\x85\xa5\xe6\xb8\xb8\xe6\x88\x8f\xe7\xbc\x96\
\xe5\x8f\xb7!\x07\x00\x00\x00\x09ActWind\
ow\x01\x03\x00\x00\x00,0\xa20\xaf0\xc60\xa3\
0\xd90\xfc0\xb70\xe70\xf30\xb30\xfc0\xc9\
0\x92QeR\x9b0W0f0O0`0U\
0D\xff\x01\x08\x00\x00\x00\x00\x06\x00\x00\x00\x13\xe8\xaf\
\xb7\xe8\xbe\x93\xe5\x85\xa5\xe6\xbf\x80\xe6\xb4\xbb\xe7\xa0\x81\
!\x07\x00\x00\x00\x09ActWindow\x01\
\x03\x00\x00\x00\x1e0\xbd0\xd50\xc80\xa60\xa70\
\xa20\xa20\xaf0\xc60\xa30\xd90\xfc0\xb70\
\xe70\xf3\x08\x00\x00\x00\x00\x06\x00\x00\x00\x0c\xe8\xbd\xaf\
\xe4\xbb\xb6\xe6\xbf\x80\xe6\xb4\xbb\x07\x00\x00\x00\x09Ac\
tWindow\x01\x03\x00\x00\x00\x0a\x8a\x8d\x8a\
<Y1eW\xff\x01\x08\x00\x00\x00\x00\x06\x00\x00\x00\
\x0d\xe9\xaa\x8c\xe8\xaf\x81\xe5\xa4\xb1\xe8\xb4\xa5!\x07\x00\
\x00\x00\x09ActWindow\x01\x03\x00\x00\
\x00\x0a\x8a\x8d\x8a<b\x10R\x9f\xff\x01\x08\x00\x00\x00\
\x00\x06\x00\x00\x00\x0d\xe9\xaa\x8c\xe8\xaf\x81\xe6\x88\x90\xe5\
\x8a\x9f!\x07\x00\x00\x00\x09ActWindo\
w\x01\x03\x00\x00\x00\x04\x8f\xfdR\xa0\x08\x00\x00\x00\x00\
\x06\x00\x00\x00\x03Add\x07\x00\x00\x00\x11Add\
TextMessageBox\x01\x03\
\x00\x00\x00\x0a0\xad0\xe30\xf30\xbb0\xeb\x08\x00\
\x00\x00\x00\x06\x00\x00\x00\x06Cancel\x07\x00\
\x00\x00\x11AddTextMessag\
eBox\x01\x03\x00\x00\x00\x04x\xba\x8a\x8d\x08\x00\
\x00\x00\x00\x06\x00\x00\x00\x07Confirm\x07\
\x00\x00\x00\x11AddTextMessa\
geBox\x01\x03\x00\x00\x00&\x00'\x00{\x00\
}\x00'\x00 0\x92RJ\x96d0W0f0\
\x820\x880\x8d0W0D0g0Y0K\xff\
\x1f\x08\x00\x00\x00\x00\x06\x00\x00\x00%Are y\
ou sure you want\
 to delete '{}'?\
\x07\x00\x00\x00\x10AnnotationC\
anvas\x01\x03\x00\x00\x00\x0aRJ\x96d0\
nx\xba\x8a\x8d\x08\x00\x00\x00\x00\x06\x00\x00\x00\x0eC\
onfirm Delete\x07\x00\x00\
\x00\x10AnnotationCanv\
as\x01\x03\x00\x00\x00\x060\xc00\xfc0\xaf\x08\x00\
\x00\x00\x00\x06\x00\x00\x00\x04Dark\x07\x00\x00\x00\
\x0fAppConfigWidget\
\x01\x03\x00\x00\x00\x060\xe90\xa40\xc8\x08\x00\x00\x00\
\x00\x06\x00\x00\x00\x05Light\x07\x00\x00\x00\x0f\
AppConfigWidget\x01\
\x03\x00\x00\x00\x060\xc60\xfc0\xde\x08\x00\x00\x00\x00\
\x06\x00\x00\x00\x05Theme\x07\x00\x00\x00\x0fA\
ppConfigWidget\x01\x03\
\x00\x00\x00\x1a\x00'\x00{\x00}\x00'\x00 0k\
e\xe20k[XW(0W0~0Y\x08\x00\
\x00\x00\x00\x06\x00\x00\x00\x16Already \
exists in '{}'\x07\x00\
\x00\x00\x0aBBoxDialog\x01\x03\x00\
\x00\x00\x160\xd00\xa60\xf30\xc70\xa30\xf30\
\xb00\xdc0\xc30\xaf0\xb9\x08\x00\x00\x00\x00\x06\x00\
\x00\x00\x0cBounding Box\x07\
\x00\x00\x00\x0aBBoxDialog\x01\x03\
\x00\x00\x00\x0a0\xad0\xe30\xf30\xbb0\xeb\x08\x00\
\x00\x00\x00\x06\x00\x00\x00\x06Cancel\x07\x00\
\x00\x00\x0aBBoxDialog\x01\x03\x00\
\x00\x00\x0a0\xab0\xc60\xb40\xeaT\x0d\x08\x00\x00\
\x00\x00\x06\x00\x00\x00\x0dCategory \
name\x07\x00\x00\x00\x0aBBoxDia\
log\x01\x03\x00\x00\x00\x0a0\xab0\xc60\xb40\
\xea\x00:\x08\x00\x00\x00\x00\x06\x00\x00\x00\x09Cat\
egory:\x07\x00\x00\x00\x0aBBoxD\
ialog\x01\x03\x00\x00\x00\x06\x9a\xd80U\x00\
:\x08\x00\x00\x00\x00\x06\x00\x00\x00\x07Heigh\
t:\x07\x00\x00\x00\x0aBBoxDialo\
g\x01\x03\x00\x00\x00\x0eT\x0dRM0o_\xc5\x98\
\x080g0Y\x08\x00\x00\x00\x00\x06\x00\x00\x00\x0dN\
ame required\x07\x00\x00\x00\
\x0aBBoxDialog\x01\x03\x00\x00\x00\
\x04\x00O\x00K\x08\x00\x00\x00\x00\x06\x00\x00\x00\x02O\
K\x07\x00\x00\x00\x0aBBoxDialog\
\x01\x03\x00\x00\x00\x04^E\x00:\x08\x00\x00\x00\x00\x06\
\x00\x00\x00\x06Width:\x07\x00\x00\x00\x0aB\
BoxDialog\x01\x03\x00\x00\x00&0\
\xb90\xbf0\xfc0\xc80\xe10\xcb0\xe50\xfc0\
k0\xb70\xe70\xfc0\xc80\xab0\xc30\xc80\
\x92\x8f\xfdR\xa0\x08\x00\x00\x00\x00\x06\x00\x00\x00\x17A\
dd Start Menu Sh\
ortcut\x07\x00\x00\x00\x0aConfi\
gCard\x01\x03\x00\x00\x00\x0e\x8a-[\x9a0\
\x920\xea0\xbb0\xc30\xc8\x08\x00\x00\x00\x00\x06\x00\
\x00\x00\x0cReset Config\x07\
\x00\x00\x00\x0aConfigCard\x01\x03\
\x00\x00\x00\x0a0\xad0\xe30\xf30\xbb0\xeb\x08\x00\
\x00\x00\x00\x06\x00\x00\x00\x06Cancel\x07\x00\
\x00\x00\x0eCopyTaskDialo\
g\x01\x03\x00\x00\x00\x04x\xba\x8a\x8d\x08\x00\x00\x00\x00\
\x06\x00\x00\x00\x07Confirm\x07\x00\x00\x00\
\x0eCopyTaskDialog\x01\
\x03\x00\x00\x00\x0e0\xbf0\xb90\xaf0\x920\xb30\
\xd40\xfc\x08\x00\x00\x00\x00\x06\x00\x00\x00\x09Cop\
y Task\x07\x00\x00\x00\x0eCopyT\
askDialog\x01\x03\x00\x00\x00\x1c0\
\xb30\xd40\xfc0Y0\x8b0\xbf0\xb90\xaf0\
\x92\x90xb\x9e\x00.\x00.\x00.\x08\x00\x00\x00\x00\
\x06\x00\x00\x00\x16Select task\
 to copy...\x07\x00\x00\x00\x0e\
CopyTaskDialog\x01\x03\
\x00\x00\x00\x10\x00(\x000\x00 \x00=\x00 q!\
R\xb9\x00)\x08\x00\x00\x00\x00\x06\x00\x00\x00\x0e(0\
 = disabled)\x07\x00\x00\x00\
\x18CreateScheduleT\
askDialog\x01\x03\x00\x00\x00\x08\x00\
2\x004fB\x95\x93\x08\x00\x00\x00\x00\x06\x00\x00\x00\
\x0324h\x07\x00\x00\x00\x18CreateS\
cheduleTaskDialo\
g\x01\x03\x00\x00\x00 0\xbf0\xb90\xaf[\x8cN\
\x86_\x8c0k\x81\xeaR\xd5}BN\x86\x00 \x00\
(\x00-\x00e\x00)\x08\x00\x00\x00\x00\x06\x00\x00\x00\
\x1eAuto exit after\
 task done (-e)\x07\
\x00\x00\x00\x18CreateSchedu\
leTaskDialog\x01\x03\x00\x00\
\x00\x0a0\xad0\xe30\xf30\xbb0\xeb\x08\x00\x00\x00\
\x00\x06\x00\x00\x00\x06Cancel\x07\x00\x00\x00\
\x18CreateScheduleT\
askDialog\x01\x03\x00\x00\x00\x04O\
\x5cb\x10\x08\x00\x00\x00\x00\x06\x00\x00\x00\x06Cre\
ate\x07\x00\x00\x00\x18CreateSc\
heduleTaskDialog\
\x01\x03\x00\x00\x00\x180\xb90\xb10\xb80\xe50\xfc\
0\xeb0\xbf0\xb90\xaf0\x92O\x5cb\x10\x08\x00\
\x00\x00\x00\x06\x00\x00\x00\x14Create S\
chedule Task\x07\x00\x00\x00\
\x18CreateScheduleT\
askDialog\x01\x03\x00\x00\x00\x080\
\xab0\xb90\xbf0\xe0\x08\x00\x00\x00\x00\x06\x00\x00\x00\
\x06Custom\x07\x00\x00\x00\x18Crea\
teScheduleTaskDi\
alog\x01\x03\x00\x00\x00\x0c0\xab0\xb90\xbf\
0\xe0\x95\x93\x96\x94\x08\x00\x00\x00\x00\x06\x00\x00\x00\x0f\
Custom Interval\x07\
\x00\x00\x00\x18CreateSchedu\
leTaskDialog\x01\x03\x00\x00\
\x00\x04k\xcee\xe5\x08\x00\x00\x00\x00\x06\x00\x00\x00\x05\
Daily\x07\x00\x00\x00\x18Create\
ScheduleTaskDial\
og\x01\x03\x00\x00\x00\x02e\xe5\x08\x00\x00\x00\x00\x06\
\x00\x00\x00\x04Days\x07\x00\x00\x00\x18Cre\
ateScheduleTaskD\
ialog\x01\x03\x00\x00\x00\x04fB\x95\x93\x08\
\x00\x00\x00\x00\x06\x00\x00\x00\x04Hour\x07\x00\x00\
\x00\x18CreateSchedule\
TaskDialog\x01\x03\x00\x00\x00\x04\
fB\x95\x93\x08\x00\x00\x00\x00\x06\x00\x00\x00\x05Ho\
urs\x07\x00\x00\x00\x18CreateSc\
heduleTaskDialog\
\x01\x03\x00\x00\x00\x02R\x06\x08\x00\x00\x00\x00\x06\x00\x00\
\x00\x06Minute\x07\x00\x00\x00\x18Cre\
ateScheduleTaskD\
ialog\x01\x03\x00\x00\x00\x04k\xceg\x08\x08\
\x00\x00\x00\x00\x06\x00\x00\x00\x07Monthly\
\x07\x00\x00\x00\x18CreateSched\
uleTaskDialog\x01\x03\x00\
\x00\x00\x1cR)u(S\xef\x80\xfd0j0\xbf0\
\xb90\xaf0L0B0\x8a0~0[0\x93\x08\
\x00\x00\x00\x00\x06\x00\x00\x00\x12No task\
s available\x07\x00\x00\x00\x18\
CreateScheduleTa\
skDialog\x01\x03\x00\x00\x00\x04N\x00\
V\xde\x08\x00\x00\x00\x00\x06\x00\x00\x00\x04Once\
\x07\x00\x00\x00\x18CreateSched\
uleTaskDialog\x01\x03\x00\
\x00\x00\x0c0\xbf0\xb90\xaf0\x92\x90xb\x9e\x08\
\x00\x00\x00\x00\x06\x00\x00\x00\x0bSelect \
Task\x07\x00\x00\x00\x18CreateS\
cheduleTaskDialo\
g\x01\x03\x00\x00\x00\x08\x95\x8bY\xcbfB\x95\x93\x08\
\x00\x00\x00\x00\x06\x00\x00\x00\x0aStart T\
ime\x07\x00\x00\x00\x18CreateSc\
heduleTaskDialog\
\x01\x03\x00\x00\x00\x0e\x8dwR\xd50\xaa0\xd70\xb7\
0\xe70\xf3\x08\x00\x00\x00\x00\x06\x00\x00\x00\x0fSt\
artup Options\x07\x00\x00\
\x00\x18CreateSchedule\
TaskDialog\x01\x03\x00\x00\x00\x0c\
0\xbf0\xa40\xe00\xa20\xa60\xc8\x08\x00\x00\x00\
\x00\x06\x00\x00\x00\x07Timeout\x07\x00\x00\
\x00\x18CreateSchedule\
TaskDialog\x01\x03\x00\x00\x00\x0e\
0\xc80\xea0\xac0\xfc0\xbf0\xa40\xd7\x08\x00\
\x00\x00\x00\x06\x00\x00\x00\x0cTrigger \
Type\x07\x00\x00\x00\x18CreateS\
cheduleTaskDialo\
g\x01\x03\x00\x00\x00\x04k\xce\x901\x08\x00\x00\x00\x00\
\x06\x00\x00\x00\x06Weekly\x07\x00\x00\x00\x18\
CreateScheduleTa\
skDialog\x01\x03\x00\x00\x00\x18fB\
\x95\x93\x00 \x00(\x000\x00 \x00=\x00 q!\
R6\x96P\x00)\x08\x00\x00\x00\x00\x06\x00\x00\x00\x15\
hours (0 = unlim\
ited)\x07\x00\x00\x00\x18Create\
ScheduleTaskDial\
og\x01\x03\x00\x00\x00\x0a0\xad0\xe30\xf30\xbb\
0\xeb\x08\x00\x00\x00\x00\x06\x00\x00\x00\x06Canc\
el\x07\x00\x00\x00\x10CreateTas\
kDialog\x01\x03\x00\x00\x00\x160\xaf0\
\xe90\xb9T\x0d\x00 \x00(\x82\xf1\x8a\x9e0n0\
\x7f\x00)\x08\x00\x00\x00\x00\x06\x00\x00\x00\x19Cla\
ss Name (English\
 only)\x07\x00\x00\x00\x10Creat\
eTaskDialog\x01\x03\x00\x00\x00\
\x04x\xba\x8a\x8d\x08\x00\x00\x00\x00\x06\x00\x00\x00\x07C\
onfirm\x07\x00\x00\x00\x10Creat\
eTaskDialog\x01\x03\x00\x00\x00\
\x0c0\xbf0\xb90\xaf0\x92O\x5cb\x10\x08\x00\x00\
\x00\x00\x06\x00\x00\x00\x0bCreate Ta\
sk\x07\x00\x00\x00\x10CreateTas\
kDialog\x01\x03\x00\x00\x00\x0e\x8a\xacf\
\x0e\x00 \x00(N\xfba\x0f\x00)\x08\x00\x00\x00\x00\
\x06\x00\x00\x00\x16Description\
 (Optional)\x07\x00\x00\x00\x10\
CreateTaskDialog\
\x01\x03\x00\x00\x00\x080\xbf0\xb90\xafT\x0d\x08\x00\
\x00\x00\x00\x06\x00\x00\x00\x09Task Nam\
e\x07\x00\x00\x00\x10CreateTask\
Dialog\x01\x03\x00\x00\x00\x1e\x00-\x00-\
\x00-\x00 \x00{\x00t\x00i\x00t\x00l\x00e\
\x00}\x00 \x00-\x00-\x00-\x08\x00\x00\x00\x00\x06\
\x00\x00\x00\x0f--- {title} \
---\x07\x00\x00\x00\x08DebugTab\
\x01\x03\x00\x00\x00\x08T|0sQ\xfa0Y\x08\x00\
\x00\x00\x00\x06\x00\x00\x00\x04Call\x07\x00\x00\x00\
\x08DebugTab\x01\x03\x00\x00\x00\x1c\x00\
C\x00a\x00p\x00t\x00u\x00r\x00e\x00 \x00\
&\x00 \x00L\x00o\x00a\x00d\x08\x00\x00\x00\x00\
\x06\x00\x00\x00\x0eCapture & L\
oad\x07\x00\x00\x00\x08DebugTab\
\x01\x03\x00\x00\x00\x180\xb90\xaf0\xea0\xfc0\xf3\
0\xb70\xe70\xc30\xc80\x92d\xae0\x8b\x08\x00\
\x00\x00\x00\x06\x00\x00\x00\x12Capture \
Screenshot\x07\x00\x00\x00\x08D\
ebugTab\x01\x03\x00\x00\x00\x0e0\xad0\
\xe30\xd70\xc10\xe3b\x10R\x9f\x08\x00\x00\x00\x00\
\x06\x00\x00\x00\x0fCapture Suc\
cess\x07\x00\x00\x00\x08DebugTa\
b\x01\x03\x00\x00\x006\x00C\x00a\x00p\x00t\x00\
u\x00r\x00e\x00 \x00l\x00o\x00a\x00d\x00\
e\x00d\x00 \x00s\x00u\x00c\x00c\x00e\x00\
s\x00s\x00f\x00u\x00l\x00l\x00y\x08\x00\x00\
\x00\x00\x06\x00\x00\x00\x1bCapture l\
oaded successful\
ly\x07\x00\x00\x00\x08DebugTab\x01\
\x03\x00\x00\x00 0\xad0\xe30\xd70\xc10\xe30\
L\x00N\x00o\x00n\x00e0\x92\x8f\xd40W0\
~0W0_\x08\x00\x00\x00\x00\x06\x00\x00\x00\x15C\
apture returned \
None\x07\x00\x00\x00\x08DebugTa\
b\x01\x03\x00\x00\x00\x1e\x00C\x00l\x00e\x00a\x00\
r\x00 \x00S\x00e\x00l\x00e\x00c\x00t\x00\
i\x00o\x00n\x08\x00\x00\x00\x00\x06\x00\x00\x00\x0fC\
lear Selection\x07\x00\
\x00\x00\x08DebugTab\x01\x03\x00\x00\x00\
\x1c\x00i\x001\x008\x00n0\xd50\xa10\xa40\
\xeb0\x920\xb30\xf30\xd10\xa40\xeb\x08\x00\x00\
\x00\x00\x06\x00\x00\x00\x12Convert i\
18n files\x07\x00\x00\x00\x08De\
bugTab\x01\x03\x00\x00\x00&\x00C\x00o\
\x00p\x00i\x00e\x00d\x00 \x00t\x00o\x00 \
\x00c\x00l\x00i\x00p\x00b\x00o\x00a\x00r\
\x00d\x08\x00\x00\x00\x00\x06\x00\x00\x00\x13Copi\
ed to clipboard\x07\
\x00\x00\x00\x08DebugTab\x01\x03\x00\x00\
\x00\x08\x00C\x00o\x00p\x00y\x08\x00\x00\x00\x00\x06\
\x00\x00\x00\x04Copy\x07\x00\x00\x00\x08Deb\
ugTab\x01\x03\x00\x00\x00\x140\xbf0\xb90\
\xaf\x95\xa2ep0\x920\xc70\xd00\xc30\xb0\x08\
\x00\x00\x00\x00\x06\x00\x00\x00\x13Debug T\
ask Function\x07\x00\x00\x00\
\x08DebugTab\x01\x03\x00\x00\x00\x0e0\
\xc70\xd00\xc30\xb00\xc40\xfc0\xeb\x08\x00\x00\
\x00\x00\x06\x00\x00\x00\x0aDebug Too\
l\x07\x00\x00\x00\x08DebugTab\x01\x03\
\x00\x00\x00&0\xb90\xaf0\xea0\xfc0\xf30\xb7\
0\xe70\xc30\xc80\x920\xc90\xed0\xc30\xd7\
0~0_0o\x90xb\x9e\x08\x00\x00\x00\x00\x06\
\x00\x00\x00\x19Drop or Sele\
ct Screenshot\x07\x00\x00\
\x00\x08DebugTab\x01\x03\x00\x00\x004\
0\xb90\xec0\xc30\xc90\x920\xc00\xf30\xd7\
\x00(0\xdb0\xc30\xc80\xad0\xfc\x00:\x00C\
\x00t\x00r\x00l\x00+\x00A\x00l\x00t\x00+\
\x00D\x00)\x08\x00\x00\x00\x00\x06\x00\x00\x00\x1fDu\
mp Threads(HotKe\
y:Ctrl+Alt+D)\x07\x00\x00\
\x00\x08DebugTab\x01\x03\x00\x00\x00(\
\x00F\x00a\x00i\x00l\x00e\x00d\x00 \x00t\
\x00o\x00 \x00l\x00o\x00a\x00d\x00 \x00i\
\x00m\x00a\x00g\x00e\x08\x00\x00\x00\x00\x06\x00\x00\
\x00\x14Failed to load\
 image\x07\x00\x00\x00\x08Debug\
Tab\x01\x03\x00\x00\x00\x16\x00i\x001\x008\x00\
n0\xd50\xa10\xa40\xeb0\x92u\x1fb\x10\x08\
\x00\x00\x00\x00\x06\x00\x00\x00\x13Generat\
e i18n files\x07\x00\x00\x00\
\x08DebugTab\x01\x03\x00\x00\x00\x18\x00\
I\x00m\x00a\x00g\x00e\x00 \x00l\x00o\x00\
a\x00d\x00e\x00d\x08\x00\x00\x00\x00\x06\x00\x00\x00\
\x0cImage loaded\x07\x00\x00\
\x00\x08DebugTab\x01\x03\x00\x00\x00\x14\
\x00L\x00o\x00a\x00d\x00 \x00I\x00m\x00a\
\x00g\x00e\x08\x00\x00\x00\x00\x06\x00\x00\x00\x0aLo\
ad Image\x07\x00\x00\x00\x08Deb\
ugTab\x01\x03\x00\x00\x00T0\xde0\xa60\
\xb9\x00:\x00 \x00(\x00{\x00p\x00x\x00}\x00\
,\x00 \x00{\x00p\x00y\x00}\x00)\x00 k\
\xd4s\x87\x00:\x00 \x00(\x00{\x00r\x00x\x00\
:\x00.\x003\x00f\x00}\x00,\x00 \x00{\x00\
r\x00y\x00:\x00.\x003\x00f\x00}\x00)\x08\
\x00\x00\x00\x00\x06\x00\x00\x00/Mouse: \
({px}, {py}) rat\
io: ({rx:.3f}, {\
ry:.3f})\x07\x00\x00\x00\x08Deb\
ugTab\x01\x03\x00\x00\x00\x12\x00M\x00o\x00\
u\x00s\x00e\x00:\x00 \x00-\x00-\x08\x00\x00\
\x00\x00\x06\x00\x00\x00\x09Mouse: --\
\x07\x00\x00\x00\x08DebugTab\x01\x03\x00\
\x00\x00(0\xad0\xe30\xd70\xc10\xe3e\xb9l\
\xd50LR)u(N\x0dS\xef0~0_0\
og*\x90xb\x9e0g0Y\x08\x00\x00\x00\x00\
\x06\x00\x00\x00 No Capture \
Available or Sel\
ected\x07\x00\x00\x00\x08DebugT\
ab\x01\x03\x00\x00\x00\x1a\x00O\x00C\x00R0L\
\x8a-[\x9a0U0\x8c0f0D0~0[\
0\x93\x08\x00\x00\x00\x00\x06\x00\x00\x00\x11No O\
CR configured\x07\x00\x00\
\x00\x08DebugTab\x01\x03\x00\x00\x00\x1e\
\x00N\x00o\x00 \x00i\x00m\x00a\x00g\x00e\
\x00 \x00l\x00o\x00a\x00d\x00e\x00d\x08\x00\
\x00\x00\x00\x06\x00\x00\x00\x0fNo image\
 loaded\x07\x00\x00\x00\x08Debu\
gTab\x01\x03\x00\x00\x00(\x00N\x00o\x00 \
\x00s\x00e\x00l\x00e\x00c\x00t\x00i\x00o\
\x00n\x00 \x00t\x00o\x00 \x00c\x00o\x00p\
\x00y\x08\x00\x00\x00\x00\x06\x00\x00\x00\x14No s\
election to copy\
\x07\x00\x00\x00\x08DebugTab\x01\x03\x00\
\x00\x008\x5c^`'0~0_0o0\xe10\
\xbd0\xc30\xc90L0B0\x8a0~0[0\
\x93\x00:\x00 \x00{\x00f\x00u\x00n\x00c\x00\
_\x00n\x00a\x00m\x00e\x00}\x08\x00\x00\x00\x00\
\x06\x00\x00\x00\x19No such att\
r: {func_name}\x07\x00\
\x00\x00\x08DebugTab\x01\x03\x00\x00\x00\
\x0a\x00O\x00C\x00R\x8a\x8d\x8bX\x08\x00\x00\x00\x00\
\x06\x00\x00\x00\x03OCR\x07\x00\x00\x00\x08Deb\
ugTab\x01\x03\x00\x00\x00.\x00O\x00C\x00\
R\x8a\x8d\x8bX}Pg\x9c\x00(0\xed0\xb0\x8a\
\x18\x932\x00)\x00:\x00 \x00{\x00r\x00e\x00\
s\x00u\x00l\x00t\x00}\x08\x00\x00\x00\x00\x06\x00\
\x00\x00\x1eOCR success (\
Logged): {result\
}\x07\x00\x00\x00\x08DebugTab\x01\x03\
\x00\x00\x00\x1e\x00O\x00C\x00Rb\x10R\x9f\x00:\
\x00 \x00{\x00r\x00e\x00s\x00u\x00l\x00t\
\x00}\x08\x00\x00\x00\x00\x06\x00\x00\x00\x15OCR \
success: {result\
}\x07\x00\x00\x00\x08DebugTab\x01\x03\
\x00\x00\x00\x14\x00O\x00p\x00e\x00n\x00 \x00I\
\x00m\x00a\x00g\x00e\x08\x00\x00\x00\x00\x06\x00\x00\
\x00\x0aOpen Image\x07\x00\x00\x00\
\x08DebugTab\x01\x03\x00\x00\x00\x120\
\xed0\xb00\xd50\xa90\xeb0\xc00\x92\x95\x8b0\
O\x08\x00\x00\x00\x00\x06\x00\x00\x00\x09Open \
Logs\x07\x00\x00\x00\x08DebugTa\
b\x01\x03\x00\x00\x00,\x00S\x00c\x00r\x00e\x00\
e\x00n\x00s\x00h\x00o\x00t\x00 \x00R\x00\
e\x00g\x00i\x00o\x00n\x00 \x00T\x00e\x00\
s\x00t\x08\x00\x00\x00\x00\x06\x00\x00\x00\x16Scr\
eenshot Region T\
est\x07\x00\x00\x00\x08DebugTab\
\x01\x03\x00\x00\x00\x180\xb90\xaf0\xea0\xfc0\xf3\
0\xb70\xe70\xc30\xc80\x92\x90xb\x9e\x08\x00\
\x00\x00\x00\x06\x00\x00\x00\x12Select S\
creenshots\x07\x00\x00\x00\x08D\
ebugTab\x01\x03\x00\x00\x00d\x00S\x00\
e\x00l\x00e\x00c\x00t\x00 \x00a\x00 \x00\
r\x00e\x00g\x00i\x00o\x00n\x00 \x00o\x00\
n\x00 \x00t\x00h\x00e\x00 \x00i\x00m\x00\
a\x00g\x00e\x00 \x00t\x00o\x00 \x00s\x00\
e\x00e\x00 \x00c\x00o\x00o\x00r\x00d\x00\
i\x00n\x00a\x00t\x00e\x00s\x00.\x00.\x00\
.\x08\x00\x00\x00\x00\x06\x00\x00\x002Selec\
t a region on th\
e image to see c\
oordinates...\x07\x00\x00\
\x00\x08DebugTab\x01\x03\x00\x00\x00\x1c\
\x00S\x00e\x00l\x00e\x00c\x00t\x00i\x00o\
\x00n\x00 \x00I\x00n\x00f\x00o\x08\x00\x00\x00\
\x00\x06\x00\x00\x00\x0eSelection \
Info\x07\x00\x00\x00\x08DebugTa\
b\x01\x03\x00\x00\x00\x1e\x00S\x00e\x00l\x00e\x00\
c\x00t\x00i\x00o\x00n\x00 \x00I\x00n\x00\
f\x00o\x00:\x08\x00\x00\x00\x00\x06\x00\x00\x00\x0fS\
election Info:\x07\x00\
\x00\x00\x08DebugTab\x01\x03\x00\x00\x00\
\x1a\x95\xa2ep0~0_0o0\xd70\xed0\
\xd10\xc60\xa30\x92QeR\x9b\x08\x00\x00\x00\x00\
\x06\x00\x00\x00\x1bType a func\
tion or property\
\x07\x00\x00\x00\x08DebugTab\x01\x03\x00\
\x00\x00 T|0sQ\xfa0Wb\x10R\x9f\x00\
:\x00 \x00{\x00r\x00e\x00s\x00u\x00l\x00\
t\x00}\x08\x00\x00\x00\x00\x06\x00\x00\x00\x16cal\
l success: {resu\
lt}\x07\x00\x00\x00\x08DebugTab\
\x01\x03\x00\x00\x00RN-_\xc3\x00:\x00 \x00(\
\x00{\x00c\x00x\x00}\x00,\x00 \x00{\x00c\
\x00y\x00}\x00)\x00 \x00=\x00 \x00(\x00{\
\x00c\x00r\x00x\x00:\x00.\x004\x00f\x00}\
\x00,\x00 \x00{\x00c\x00r\x00y\x00:\x00.\
\x004\x00f\x00}\x00)\x08\x00\x00\x00\x00\x06\x00\x00\
\x00-center: ({cx},\
 {cy}) = ({crx:.\
4f}, {cry:.4f})\x07\
\x00\x00\x00\x08DebugTab\x01\x03\x00\x00\
\x00\x1cu;P\xcf0\xb50\xa40\xba\x00:\x00 \
\x00{\x00w\x00}\x00x\x00{\x00h\x00}\x08\x00\
\x00\x00\x00\x06\x00\x00\x00\x13image si\
ze: {w}x{h}\x07\x00\x00\x00\x08\
DebugTab\x01\x03\x00\x00\x00lk\xd4\
s\x87\x00:\x00 \x00r\x00x\x00=\x00{\x00r\
\x00x\x00:\x00.\x004\x00f\x00}\x00,\x00 \
\x00r\x00y\x00=\x00{\x00r\x00y\x00:\x00.\
\x004\x00f\x00}\x00,\x00 \x00r\x00w\x00=\
\x00{\x00r\x00w\x00:\x00.\x004\x00f\x00}\
\x00,\x00 \x00r\x00h\x00=\x00{\x00r\x00h\
\x00:\x00.\x004\x00f\x00}\x08\x00\x00\x00\x00\x06\
\x00\x00\x009ratio: rx={r\
x:.4f}, ry={ry:.\
4f}, rw={rw:.4f}\
, rh={rh:.4f}\x07\x00\x00\
\x00\x08DebugTab\x01\x03\x00\x00\x00D\
\x00x\x001\x00=\x00{\x00x\x001\x00}\x00,\
\x00 \x00y\x001\x00=\x00{\x00y\x001\x00}\
\x00,\x00 \x00x\x002\x00=\x00{\x00x\x002\
\x00}\x00,\x00 \x00y\x002\x00=\x00{\x00y\
\x002\x00}\x08\x00\x00\x00\x00\x06\x00\x00\x00\x22x1\
={x1}, y1={y1}, \
x2={x2}, y2={y2}\
\x07\x00\x00\x00\x08DebugTab\x01\x03\x00\
\x00\x004\x00x\x00=\x00{\x00x\x00}\x00,\x00\
 \x00y\x00=\x00{\x00y\x00}\x00,\x00 \x00\
w\x00=\x00{\x00w\x00}\x00,\x00 \x00h\x00\
=\x00{\x00h\x00}\x08\x00\x00\x00\x00\x06\x00\x00\x00\
\x1ax={x}, y={y}, w\
={w}, h={h}\x07\x00\x00\x00\x08\
DebugTab\x01\x03\x00\x00\x00\x22\x00{\
\x00n\x00u\x00m\x00}g\x9a0nu;P\xcf\
0L\x90xb\x9e0U0\x8c0~0W0_\
\x08\x00\x00\x00\x00\x06\x00\x00\x00\x15{num} \
images selected\x07\
\x00\x00\x00\x08DebugTab\x01\x03\x00\x00\
\x00\x06\x00A\x00D\x00B\x08\x00\x00\x00\x00\x06\x00\x00\
\x00\x03ADB\x07\x00\x00\x00\x0bEditTa\
skTab\x01\x03\x00\x00\x00\x22\x00{\x00}\x00\
 0\x92RJ\x96d0W0f0\x820\x880\
\x8d0W0D0g0Y0K\xff\x1f\x08\x00\x00\
\x00\x00\x06\x00\x00\x00#Are you s\
ure you want to \
delete {}?\x07\x00\x00\x00\x0bE\
ditTaskTab\x01\x03\x00\x00\x00\x08\
0\xdc0\xc30\xaf0\xb9\x08\x00\x00\x00\x00\x06\x00\x00\
\x00\x03Box\x07\x00\x00\x00\x0bEditTa\
skTab\x01\x03\x00\x00\x00\x0a0\xad0\xe30\
\xf30\xbb0\xeb\x08\x00\x00\x00\x00\x06\x00\x00\x00\x06C\
ancel\x07\x00\x00\x00\x0bEditTa\
skTab\x01\x03\x00\x00\x00\x0e0\xbf0\xb90\
\xaf0\x92\x90xb\x9e\x00:\x08\x00\x00\x00\x00\x06\x00\
\x00\x00\x0cChoose Task:\x07\
\x00\x00\x00\x0bEditTaskTab\x01\
\x03\x00\x00\x00\x0aRJ\x96d0nx\xba\x8a\x8d\x08\
\x00\x00\x00\x00\x06\x00\x00\x00\x0eConfirm\
 Delete\x07\x00\x00\x00\x0bEdit\
TaskTab\x01\x03\x00\x00\x00\x04R6_\
\xa1\x08\x00\x00\x00\x00\x06\x00\x00\x00\x07Contr\
ol\x07\x00\x00\x00\x0bEditTaskT\
ab\x01\x03\x00\x00\x00\x0e0\xbf0\xb90\xaf0\x92\
0\xb30\xd40\xfc\x08\x00\x00\x00\x00\x06\x00\x00\x00\x09\
Copy Task\x07\x00\x00\x00\x0bEd\
itTaskTab\x01\x03\x00\x00\x00&\x00\
{\x00}\x00 0n0\xbd0\xfc0\xb90\xd50\
\xa10\xa40\xeb0L\x89\x8b0d0K0\x8a0\
~0[0\x93\x08\x00\x00\x00\x00\x06\x00\x00\x00!C\
ould not find so\
urce file for {}\
\x07\x00\x00\x00\x0bEditTaskTab\
\x01\x03\x00\x00\x00\x10e\xb0\x89\x8f0\xbf0\xb90\xaf\
0\x92O\x5cb\x10\x08\x00\x00\x00\x00\x06\x00\x00\x00\x0f\
Create New Task\x07\
\x00\x00\x00\x0bEditTaskTab\x01\
\x03\x00\x00\x00\x0c0\xbf0\xb90\xaf0\x92O\x5cb\
\x10\x08\x00\x00\x00\x00\x06\x00\x00\x00\x0bCreat\
e Task\x07\x00\x00\x00\x0bEditT\
askTab\x01\x03\x00\x00\x00\x0c0\xbf0\xb9\
0\xaf0\x92RJ\x96d\x08\x00\x00\x00\x00\x06\x00\x00\
\x00\x0bDelete Task\x07\x00\x00\
\x00\x0bEditTaskTab\x01\x03\x00\
\x00\x00\x120\xb90\xaf0\xea0\xd70\xc80n\x88\
hy:T\x0d\x08\x00\x00\x00\x00\x06\x00\x00\x00\x1bD\
isplay name for \
the script\x07\x00\x00\x00\x0bE\
ditTaskTab\x01\x03\x00\x00\x00$\
\x82\xf1\x8a\x9e0\x01ep[W0\x01g\x09R\xb9\
0j0\xd50\xa10\xa40\xebT\x0de\x87[W\
0n0\x7f\x08\x00\x00\x00\x00\x06\x00\x00\x00.En\
glish, numbers a\
nd valid filenam\
e chars only\x07\x00\x00\x00\
\x0bEditTaskTab\x01\x03\x00\x00\
\x00\x0c0\xa80\xaf0\xb90\xdd0\xfc0\xc8\x08\x00\
\x00\x00\x00\x06\x00\x00\x00\x06Export\x07\x00\
\x00\x00\x0bEditTaskTab\x01\x03\
\x00\x00\x00\x180\xb90\xaf0\xea0\xd70\xc80\x92\
0\xa80\xaf0\xb90\xdd0\xfc0\xc8\x08\x00\x00\x00\
\x00\x06\x00\x00\x00\x0dExport Scr\
ipt\x07\x00\x00\x00\x0bEditTask\
Tab\x01\x03\x00\x00\x00\x100\xa80\xaf0\xb90\
\xdd0\xfc0\xc8Y1eW\x08\x00\x00\x00\x00\x06\x00\
\x00\x00\x0dExport failed\
\x07\x00\x00\x00\x0bEditTaskTab\
\x01\x03\x00\x00\x00&0\xbd0\xfc0\xb90\xd50\xa1\
0\xa40\xeb0n\x8a\xad0\x7fS\xd60\x8a0k\
Y1eW\x00:\x00 \x00{\x00}\x08\x00\x00\x00\
\x00\x06\x00\x00\x00\x1eFailed to \
read source file\
: {}\x07\x00\x00\x00\x0bEditTas\
kTab\x01\x03\x00\x00\x00\x12O\xdd[X0k\
Y1eW0W0~0W0_\x08\x00\x00\x00\
\x00\x06\x00\x00\x00\x0eFailed to \
save\x07\x00\x00\x00\x0bEditTas\
kTab\x01\x03\x00\x00\x00\x080\xd50\xa10\xa4\
0\xeb\x08\x00\x00\x00\x00\x06\x00\x00\x00\x04File\
\x07\x00\x00\x00\x0bEditTaskTab\
\x01\x03\x00\x00\x00\x1e0\xd50\xa10\xa40\xeb0L\
Y\x16\x90\xe80gY\x09f\xf40U0\x8c0~\
0W0_\x08\x00\x00\x00\x00\x06\x00\x00\x00\x17Fi\
le Changed Exter\
nally\x07\x00\x00\x00\x0bEditTa\
skTab\x01\x03\x00\x00\x00\x0c0\xd50\xa10\
\xa40\xebT\x0d\xff\x1a\x08\x00\x00\x00\x00\x06\x00\x00\x00\
\x0aFile Name:\x07\x00\x00\x00\x0b\
EditTaskTab\x01\x03\x00\x00\x00\
\x060\xac0\xa40\xc9\x08\x00\x00\x00\x00\x06\x00\x00\x00\
\x05Guide\x07\x00\x00\x00\x0bEditT\
askTab\x01\x03\x00\x00\x00\x160\xb90\xaf\
0\xea0\xd70\xc80\x920\xa40\xf30\xdd0\xfc\
0\xc8\x08\x00\x00\x00\x00\x06\x00\x00\x00\x0dImpo\
rt Script\x07\x00\x00\x00\x0bEd\
itTaskTab\x01\x03\x00\x00\x00\x0e0\
\xa40\xf30\xdd0\xfc0\xc8Y1eW\x08\x00\x00\
\x00\x00\x06\x00\x00\x00\x0dImport fa\
iled\x07\x00\x00\x00\x0bEditTas\
kTab\x01\x03\x00\x00\x00.0\xaf0\xe90\xb9\
T\x0d0Lq!R\xb90g0Y0\x02\x82\xf1\
[W0n0\x7fO\x7fu(0W0f0O\
0`0U0D0\x02\x08\x00\x00\x00\x00\x06\x00\x00\
\x004Invalid Class \
Name. Must be En\
glish characters\
 only.\x07\x00\x00\x00\x0bEditT\
askTab\x01\x03\x00\x00\x00Lq!R\xb9\
0j0\xd50\xa10\xa40\xebT\x0d0g0Y\
0\x02\x82\xf1[W0\x01ep[W0\x010\xa2\
0\xf30\xc00\xfc0\xb90\xb30\xa20\x010\xcf\
0\xa40\xd50\xf30n0\x7fO\x7fu(0g\
0M0~0Y0\x02\x08\x00\x00\x00\x00\x06\x00\x00\
\x00KInvalid file n\
ame. Use English\
 letters, number\
s, underscores, \
hyphens only.\x07\x00\x00\
\x00\x0bEditTaskTab\x01\x03\x00\
\x00\x00\x040\xad0\xfc\x08\x00\x00\x00\x00\x06\x00\x00\x00\
\x03Key\x07\x00\x00\x00\x0bEditTas\
kTab\x01\x03\x00\x00\x00\x040\xed0\xb0\x08\x00\
\x00\x00\x00\x06\x00\x00\x00\x07Logging\x07\
\x00\x00\x00\x0bEditTaskTab\x01\
\x03\x00\x00\x00\x0aq!\x96P0\xeb0\xfc0\xd7\x08\
\x00\x00\x00\x00\x06\x00\x00\x00\x0fLoop in\
finitely\x07\x00\x00\x00\x0bEdi\
tTaskTab\x01\x03\x00\x00\x00\x0a\x00x\
V\xde0\xeb0\xfc0\xd7\x08\x00\x00\x00\x00\x06\x00\x00\
\x00\x0cLoop x times\x07\x00\
\x00\x00\x0bEditTaskTab\x01\x03\
\x00\x00\x00\x060\xde0\xa60\xb9\x08\x00\x00\x00\x00\x06\
\x00\x00\x00\x05Mouse\x07\x00\x00\x00\x0bEd\
itTaskTab\x01\x03\x00\x00\x00\x0a0\
\xeb0\xfc0\xd70j0W\x08\x00\x00\x00\x00\x06\x00\
\x00\x00\x07No loop\x07\x00\x00\x00\x0bE\
ditTaskTab\x01\x03\x00\x00\x00$\
0\xa80\xaf0\xb90\xdd0\xfc0\xc80Y0\x8b\
0\xbf0\xb90\xaf0L0B0\x8a0~0[\
0\x930\x02\x08\x00\x00\x00\x00\x06\x00\x00\x00\x13No\
 tasks to export\
.\x07\x00\x00\x00\x0bEditTaskTa\
b\x01\x03\x00\x00\x00\x06\x00O\x00C\x00R\x08\x00\x00\
\x00\x00\x06\x00\x00\x00\x03OCR\x07\x00\x00\x00\x0bE\
ditTaskTab\x01\x03\x00\x00\x00\x04\
\x00O\x00K\x08\x00\x00\x00\x00\x06\x00\x00\x00\x02OK\
\x07\x00\x00\x00\x0bEditTaskTab\
\x01\x03\x00\x00\x00N\x00O\x00K\x00S\x00c\x00r\
\x00i\x00p\x00t0\xd50\xa10\xa40\xeb\x00 \
\x00(\x00*\x00.\x00o\x00k\x00s\x00c\x00r\
\x00i\x00p\x00t\x00)\x00;\x00;0Y0y\
0f0n0\xd50\xa10\xa40\xeb\x00 \x00(\
\x00*\x00)\x08\x00\x00\x00\x00\x06\x00\x00\x00*OK\
Script Files (*.\
okscript);;All F\
iles (*)\x07\x00\x00\x00\x0bEdi\
tTaskTab\x01\x03\x00\x00\x00\x060]\
0nN\xd6\x08\x00\x00\x00\x00\x06\x00\x00\x00\x05Ot\
her\x07\x00\x00\x00\x0bEditTask\
Tab\x01\x03\x00\x00\x00*\x5c\x110j0O0\
h0\x82\x0010d0n0\xbf0\xb90\xaf0\
\x92\x90xb\x9e0W0f0O0`0U0\
D0\x02\x08\x00\x00\x00\x00\x06\x00\x00\x00*Ple\
ase select at le\
ast one task to \
export.\x07\x00\x00\x00\x0bEdit\
TaskTab\x01\x03\x00\x00\x00\x04\x932u\
;\x08\x00\x00\x00\x00\x06\x00\x00\x00\x06Recor\
d\x07\x00\x00\x00\x0bEditTaskTa\
b\x01\x03\x00\x00\x00<\x932u;0os\xfeW\
(0n0\xb90\xaf0\xea0\xd70\xc80\xed0\
\xb80\xc30\xaf0\x92N\x0af\xf80M0W0\
~0Y0\x02}\x9a\x88L0W0~0Y0\
K\xff\x1f\x08\x00\x00\x00\x00\x06\x00\x00\x008Rec\
ord will overrid\
e the current sc\
ript logic. Cont\
inue?\x07\x00\x00\x00\x0bEditTa\
skTab\x01\x03\x00\x00\x00N0\xa60\xa30\
\xf30\xc90\xa6\x00 \x00'\x00{\x00h\x00w\x00\
n\x00d\x00_\x00n\x00a\x00m\x00e\x00}\x00\
'\x00 0L0\xa20\xaf0\xc60\xa30\xd60\
k0j0\x8b0h\x932u;0\x92\x95\x8bY\
\xcb0W0~0Y0\x02\x08\x00\x00\x00\x00\x06\x00\
\x00\x00>Recording wil\
l start when win\
dow '{hwnd_name}\
' becomes active\
.\x07\x00\x00\x00\x0bEditTaskTa\
b\x01\x03\x00\x00\x00\x04[\x9f\x88L\x08\x00\x00\x00\x00\
\x06\x00\x00\x00\x03Run\x07\x00\x00\x00\x0bEdi\
tTaskTab\x01\x03\x00\x00\x00\x04O\xdd\
[X\x08\x00\x00\x00\x00\x06\x00\x00\x00\x04Save\
\x07\x00\x00\x00\x0bEditTaskTab\
\x01\x03\x00\x00\x00\x0aY\x09f\xf40\x92O\xdd[X\
\x08\x00\x00\x00\x00\x06\x00\x00\x00\x0cSave C\
hanges\x07\x00\x00\x00\x0bEditT\
askTab\x01\x03\x00\x00\x00\x0e0\xb90\xaf\
0\xea0\xd70\xc8T\x0d\xff\x1a\x08\x00\x00\x00\x00\x06\
\x00\x00\x00\x0cScript Name:\
\x07\x00\x00\x00\x0bEditTaskTab\
\x01\x03\x00\x00\x0080\xb90\xaf0\xea0\xd70\xc8\
0\x920\xc00\xa60\xf30\xed0\xfc0\xc90\xd5\
0\xa90\xeb0\xc00k0\xa80\xaf0\xb90\xdd\
0\xfc0\xc80W0~0W0_0\x02\x08\x00\
\x00\x00\x00\x06\x00\x00\x001Script e\
xported successf\
ully to Download\
s folder.\x07\x00\x00\x00\x0bEd\
itTaskTab\x01\x03\x00\x00\x00\x180\
\xb90\xaf0\xea0\xd70\xc8T\x0d0o_\xc5\x98\
\x080g0Y0\x02\x08\x00\x00\x00\x00\x06\x00\x00\x00\
\x18Script name is \
required.\x07\x00\x00\x00\x0bEd\
itTaskTab\x01\x03\x00\x00\x00\x180\
\xc60\xf30\xd70\xec0\xfc0\xc80\x92i\x1c}\
\x22\x00.\x00.\x00.\x08\x00\x00\x00\x00\x06\x00\x00\x00\
\x13Search template\
s...\x07\x00\x00\x00\x0bEditTas\
kTab\x01\x03\x00\x00\x00\x180\xb90\xaf0\xea\
0\xd70\xc80\xd50\xa10\xa40\xeb0\x92\x90x\
b\x9e\x08\x00\x00\x00\x00\x06\x00\x00\x00\x12Sele\
ct Script File\x07\x00\
\x00\x00\x0bEditTaskTab\x01\x03\
\x00\x00\x00\x1e0\xa80\xaf0\xb90\xdd0\xfc0\xc8\
0Y0\x8b0\xbf0\xb90\xaf0\x92\x90xb\x9e\
\xff\x1a\x08\x00\x00\x00\x00\x06\x00\x00\x00\x17Sele\
ct tasks to expo\
rt:\x07\x00\x00\x00\x0bEditTask\
Tab\x01\x03\x00\x00\x00\x04P\x5ckb\x08\x00\x00\
\x00\x00\x06\x00\x00\x00\x04Stop\x07\x00\x00\x00\x0b\
EditTaskTab\x01\x03\x00\x00\x00\
\x04b\x10R\x9f\x08\x00\x00\x00\x00\x06\x00\x00\x00\x07S\
uccess\x07\x00\x00\x00\x0bEditT\
askTab\x01\x03\x00\x00\x00\x140\xbf0\xb9\
0\xafT\x0d0o_\xc5\x98\x080g0Y0\x02\
\x08\x00\x00\x00\x00\x06\x00\x00\x00\x16Task N\
ame is required.\
\x07\x00\x00\x00\x0bEditTaskTab\
\x01\x03\x00\x00\x00\x1a0\xbf0\xb90\xaf0L0\xb3\
0\xd40\xfc0U0\x8c0~0W0_0\x02\
\x08\x00\x00\x00\x00\x06\x00\x00\x00\x19Task c\
opied successful\
ly.\x07\x00\x00\x00\x0bEditTask\
Tab\x01\x03\x00\x00\x00\x180\xbf0\xb90\xaf0\
LO\x5cb\x100U0\x8c0~0W0_0\
\x02\x08\x00\x00\x00\x00\x06\x00\x00\x00\x1aTask \
created successf\
ully.\x07\x00\x00\x00\x0bEditTa\
skTab\x01\x03\x00\x00\x00\x180\xbf0\xb90\
\xaf0LRJ\x96d0U0\x8c0~0W0\
_0\x02\x08\x00\x00\x00\x00\x06\x00\x00\x00\x1aTas\
k deleted succes\
sfully.\x07\x00\x00\x00\x0bEdit\
TaskTab\x01\x03\x00\x00\x00 0\xbf0\
\xb90\xaf0\xd50\xa10\xa40\xeb0oe\xe20\
k[XW(0W0~0Y0\x02\x08\x00\x00\
\x00\x00\x06\x00\x00\x00\x19Task file\
 already exists.\
\x07\x00\x00\x00\x0bEditTaskTab\
\x01\x03\x00\x00\x00\x1e0\xbf0\xb90\xaf0nQ\x8d\
i\xcb{\xc90kb\x10R\x9f0W0~0W\
0_0\x02\x08\x00\x00\x00\x00\x06\x00\x00\x00\x1aTa\
sk rebuilt succe\
ssfully.\x07\x00\x00\x00\x0bEdi\
tTaskTab\x01\x03\x00\x00\x00\x160\xc6\
0\xf30\xd70\xec0\xfc0\xc80\xde0\xc30\xc1\
0\xf30\xb0\x08\x00\x00\x00\x00\x06\x00\x00\x00\x11Te\
mplate Matching\x07\
\x00\x00\x00\x0bEditTaskTab\x01\
\x03\x00\x00\x004s\xfeW(0n0\xbf0\xb90\
\xaf0kg*O\xdd[X0nY\x09f\xf40\
L0B0\x8a0~0Y0\x02O\xdd[X0\
W0~0Y0K\xff\x1f\x08\x00\x00\x00\x00\x06\x00\
\x00\x00?The current t\
ask has unsaved \
changes. Do you \
want to save the\
m?\x07\x00\x00\x00\x0bEditTaskT\
ab\x01\x03\x00\x00\x00>0\xd50\xa10\xa40\xeb\
0LY\x16\x90\xe80gY\x09f\xf40U0\x8c\
0~0W0_0\x02g*O\xdd[X0n\
Y\x09f\xf40\x92N\x0af\xf80M0W0~\
0Y0K\xff\x1f\x08\x00\x00\x00\x00\x06\x00\x00\x00P\
The file was mod\
ified externally\
. Do you want to\
 overwrite your \
unsaved changes?\
\x07\x00\x00\x00\x0bEditTaskTab\
\x01\x03\x00\x00\x00\x0c0\xd00\xfc0\xb80\xe70\xf3\
\xff\x1a\x08\x00\x00\x00\x00\x06\x00\x00\x00\x08Vers\
ion:\x07\x00\x00\x00\x0bEditTas\
kTab\x01\x03\x00\x00\x00\x04\x8bfTJ\x08\x00\
\x00\x00\x00\x06\x00\x00\x00\x07Warning\x07\
\x00\x00\x00\x0bEditTaskTab\x01\
\x03\x00\x00\x00\x0a0\xa60\xa30\xf30\xc90\xa6\x08\
\x00\x00\x00\x00\x06\x00\x00\x00\x06Window\x07\
\x00\x00\x00\x0bEditTaskTab\x01\
\x03\x00\x00\x00\x12\x00a\x00d\x00b\x00_\x00s\x00\
h\x00e\x00l\x00l\x08\x00\x00\x00\x00\x06\x00\x00\x00\
\x09adb_shell\x07\x00\x00\x00\x0bE\
ditTaskTab\x01\x03\x00\x00\x00\x16\
\x00a\x00d\x00b\x00_\x00u\x00i\x00_\x00d\
\x00u\x00m\x00p\x08\x00\x00\x00\x00\x06\x00\x00\x00\x0b\
adb_ui_dump\x07\x00\x00\x00\x0b\
EditTaskTab\x01\x03\x00\x00\x00\
\x18\x00a\x00d\x00d\x00_\x00t\x00e\x00x\x00\
t\x00_\x00f\x00i\x00x\x08\x00\x00\x00\x00\x06\x00\
\x00\x00\x0cadd_text_fix\x07\
\x00\x00\x00\x0bEditTaskTab\x01\
\x03\x00\x00\x00\x08\x00b\x00a\x00c\x00k\x08\x00\x00\
\x00\x00\x06\x00\x00\x00\x04back\x07\x00\x00\x00\x0b\
EditTaskTab\x01\x03\x00\x00\x00\
\x080\xdc0\xc30\xaf0\xb9\x08\x00\x00\x00\x00\x06\x00\
\x00\x00\x03box\x07\x00\x00\x00\x0bEditT\
askTab\x01\x03\x00\x00\x000\x00b\x00o\
\x00x\x00_\x00i\x00n\x00_\x00h\x00o\x00r\
\x00i\x00z\x00o\x00n\x00t\x00a\x00l\x00_\
\x00c\x00e\x00n\x00t\x00e\x00r\x08\x00\x00\x00\
\x00\x06\x00\x00\x00\x18box_in_hor\
izontal_center\x07\x00\
\x00\x00\x0bEditTaskTab\x01\x03\
\x00\x00\x00\x1a\x00b\x00o\x00x\x00_\x00o\x00f\
\x00_\x00s\x00c\x00r\x00e\x00e\x00n\x08\x00\
\x00\x00\x00\x06\x00\x00\x00\x0dbox_of_s\
creen\x07\x00\x00\x00\x0bEditTa\
skTab\x01\x03\x00\x00\x00(\x00b\x00o\x00\
x\x00_\x00o\x00f\x00_\x00s\x00c\x00r\x00\
e\x00e\x00n\x00_\x00s\x00c\x00a\x00l\x00\
e\x00d\x08\x00\x00\x00\x00\x06\x00\x00\x00\x14box\
_of_screen_scale\
d\x07\x00\x00\x00\x0bEditTaskTa\
b\x01\x03\x00\x00\x004\x00c\x00a\x00l\x00c\x00\
u\x00l\x00a\x00t\x00e\x00_\x00c\x00o\x00\
l\x00o\x00r\x00_\x00p\x00e\x00r\x00c\x00\
e\x00n\x00t\x00a\x00g\x00e\x08\x00\x00\x00\x00\
\x06\x00\x00\x00\x1acalculate_c\
olor_percentage\x07\
\x00\x00\x00\x0bEditTaskTab\x01\
\x03\x00\x00\x00\x12\x00c\x00l\x00e\x00a\x00r\x00\
_\x00b\x00o\x00x\x08\x00\x00\x00\x00\x06\x00\x00\x00\
\x09clear_box\x07\x00\x00\x00\x0bE\
ditTaskTab\x01\x03\x00\x00\x00\x0a\
\x00c\x00l\x00i\x00c\x00k\x08\x00\x00\x00\x00\x06\
\x00\x00\x00\x05click\x07\x00\x00\x00\x0bEd\
itTaskTab\x01\x03\x00\x00\x00\x12\x00\
c\x00l\x00i\x00c\x00k\x00_\x00b\x00o\x00\
x\x08\x00\x00\x00\x00\x06\x00\x00\x00\x09click\
_box\x07\x00\x00\x00\x0bEditTas\
kTab\x01\x03\x00\x00\x00.\x00c\x00l\x00i\
\x00c\x00k\x00_\x00b\x00o\x00x\x00_\x00i\
\x00f\x00_\x00n\x00a\x00m\x00e\x00_\x00m\
\x00a\x00t\x00c\x00h\x08\x00\x00\x00\x00\x06\x00\x00\
\x00\x17click_box_if_n\
ame_match\x07\x00\x00\x00\x0bEd\
itTaskTab\x01\x03\x00\x00\x00\x1c\x00\
c\x00l\x00i\x00c\x00k\x00_\x00r\x00e\x00\
l\x00a\x00t\x00i\x00v\x00e\x08\x00\x00\x00\x00\
\x06\x00\x00\x00\x0eclick_relat\
ive\x07\x00\x00\x00\x0bEditTask\
Tab\x01\x03\x00\x00\x00\x12\x00c\x00l\x00i\x00\
p\x00b\x00o\x00a\x00r\x00d\x08\x00\x00\x00\x00\
\x06\x00\x00\x00\x09clipboard\x07\x00\
\x00\x00\x0bEditTaskTab\x01\x03\
\x00\x00\x00\x1e\x00c\x00r\x00e\x00a\x00t\x00e\
\x00_\x00s\x00h\x00o\x00r\x00t\x00c\x00u\
\x00t\x08\x00\x00\x00\x00\x06\x00\x00\x00\x0fcrea\
te_shortcut\x07\x00\x00\x00\x0b\
EditTaskTab\x01\x03\x00\x00\x00\
\x0e\x00d\x00i\x00s\x00a\x00b\x00l\x00e\x08\
\x00\x00\x00\x00\x06\x00\x00\x00\x07disable\
\x07\x00\x00\x00\x0bEditTaskTab\
\x01\x03\x00\x00\x00\x14\x00d\x00r\x00a\x00w\x00_\
\x00b\x00o\x00x\x00e\x00s\x08\x00\x00\x00\x00\x06\
\x00\x00\x00\x0adraw_boxes\x07\x00\
\x00\x00\x0bEditTaskTab\x01\x03\
\x00\x00\x00\x0c\x00e\x00n\x00a\x00b\x00l\x00e\
\x08\x00\x00\x00\x00\x06\x00\x00\x00\x06enable\
\x07\x00\x00\x00\x0bEditTaskTab\
\x01\x03\x00\x00\x00\x1e\x00e\x00n\x00s\x00u\x00r\
\x00e\x00_\x00i\x00n\x00_\x00f\x00r\x00o\
\x00n\x00t\x08\x00\x00\x00\x00\x06\x00\x00\x00\x0fen\
sure_in_front\x07\x00\x00\
\x00\x0bEditTaskTab\x01\x03\x00\
\x00\x00\x1c\x00f\x00e\x00a\x00t\x00u\x00r\x00\
e\x00_\x00e\x00x\x00i\x00s\x00t\x00s\x08\
\x00\x00\x00\x00\x06\x00\x00\x00\x0efeature\
_exists\x07\x00\x00\x00\x0bEdit\
TaskTab\x01\x03\x00\x00\x00\x04i\x1c}\
\x22\x08\x00\x00\x00\x00\x06\x00\x00\x00\x04find\x07\
\x00\x00\x00\x0bEditTaskTab\x01\
\x03\x00\x00\x00,\x00f\x00i\x00n\x00d\x00_\x00\
b\x00e\x00s\x00t\x00_\x00m\x00a\x00t\x00\
c\x00h\x00_\x00i\x00n\x00_\x00b\x00o\x00\
x\x08\x00\x00\x00\x00\x06\x00\x00\x00\x16find_\
best_match_in_bo\
x\x07\x00\x00\x00\x0bEditTaskTa\
b\x01\x03\x00\x00\x00\x14\x00f\x00i\x00n\x00d\x00\
_\x00b\x00o\x00x\x00e\x00s\x08\x00\x00\x00\x00\
\x06\x00\x00\x00\x0afind_boxes\x07\
\x00\x00\x00\x0bEditTaskTab\x01\
\x03\x00\x00\x00\x18\x00f\x00i\x00n\x00d\x00_\x00\
f\x00e\x00a\x00t\x00u\x00r\x00e\x08\x00\x00\
\x00\x00\x06\x00\x00\x00\x0cfind_feat\
ure\x07\x00\x00\x00\x0bEditTask\
Tab\x01\x03\x00\x00\x00(\x00f\x00i\x00n\x00\
d\x00_\x00f\x00e\x00a\x00t\x00u\x00r\x00\
e\x00_\x00a\x00n\x00d\x00_\x00s\x00e\x00\
t\x08\x00\x00\x00\x00\x06\x00\x00\x00\x14find_\
feature_and_set\x07\
\x00\x00\x00\x0bEditTaskTab\x01\
\x03\x00\x00\x00.\x00f\x00i\x00n\x00d\x00_\x00\
f\x00i\x00r\x00s\x00t\x00_\x00m\x00a\x00\
t\x00c\x00h\x00_\x00i\x00n\x00_\x00b\x00\
o\x00x\x08\x00\x00\x00\x00\x06\x00\x00\x00\x17fin\
d_first_match_in\
_box\x07\x00\x00\x00\x0bEditTas\
kTab\x01\x03\x00\x00\x00\x10\x00f\x00i\x00n\
\x00d\x00_\x00o\x00n\x00e\x08\x00\x00\x00\x00\x06\
\x00\x00\x00\x08find_one\x07\x00\x00\x00\
\x0bEditTaskTab\x01\x03\x00\x00\
\x00\x1e\x00g\x00e\x00t\x00_\x00b\x00o\x00x\
\x00_\x00b\x00y\x00_\x00n\x00a\x00m\x00e\
\x08\x00\x00\x00\x00\x06\x00\x00\x00\x0fget_bo\
x_by_name\x07\x00\x00\x00\x0bEd\
itTaskTab\x01\x03\x00\x00\x00&\x00\
g\x00e\x00t\x00_\x00f\x00e\x00a\x00t\x00\
u\x00r\x00e\x00_\x00b\x00y\x00_\x00n\x00\
a\x00m\x00e\x08\x00\x00\x00\x00\x06\x00\x00\x00\x13g\
et_feature_by_na\
me\x07\x00\x00\x00\x0bEditTaskT\
ab\x01\x03\x00\x00\x00\x14\x00g\x00e\x00t\x00_\
\x00s\x00t\x00a\x00t\x00u\x00s\x08\x00\x00\x00\
\x00\x06\x00\x00\x00\x0aget_status\
\x07\x00\x00\x00\x0bEditTaskTab\
\x01\x03\x00\x00\x00\x22\x00g\x00e\x00t\x00_\x00t\
\x00a\x00s\x00k\x00_\x00b\x00y\x00_\x00c\
\x00l\x00a\x00s\x00s\x08\x00\x00\x00\x00\x06\x00\x00\
\x00\x11get_task_by_cl\
ass\x07\x00\x00\x00\x0bEditTask\
Tab\x01\x03\x00\x00\x00\x12\x00g\x00o\x00_\x00\
t\x00o\x00_\x00t\x00a\x00b\x08\x00\x00\x00\x00\
\x06\x00\x00\x00\x09go_to_tab\x07\x00\
\x00\x00\x0bEditTaskTab\x01\x03\
\x00\x00\x00 \x00h\x00e\x00i\x00g\x00h\x00t\
\x00_\x00o\x00f\x00_\x00s\x00c\x00r\x00e\
\x00e\x00n\x08\x00\x00\x00\x00\x06\x00\x00\x00\x10he\
ight_of_screen\x07\x00\
\x00\x00\x0bEditTaskTab\x01\x03\
\x00\x00\x00\x10\x00i\x00n\x00f\x00o\x00_\x00a\
\x00d\x00d\x08\x00\x00\x00\x00\x06\x00\x00\x00\x08in\
fo_add\x07\x00\x00\x00\x0bEditT\
askTab\x01\x03\x00\x00\x00 \x00i\x00n\
\x00f\x00o\x00_\x00a\x00d\x00d\x00_\x00t\
\x00o\x00_\x00l\x00i\x00s\x00t\x08\x00\x00\x00\
\x00\x06\x00\x00\x00\x10info_add_t\
o_list\x07\x00\x00\x00\x0bEditT\
askTab\x01\x03\x00\x00\x00\x14\x00i\x00n\
\x00f\x00o\x00_\x00c\x00l\x00e\x00a\x00r\
\x08\x00\x00\x00\x00\x06\x00\x00\x00\x0ainfo_c\
lear\x07\x00\x00\x00\x0bEditTas\
kTab\x01\x03\x00\x00\x00\x10\x00i\x00n\x00f\
\x00o\x00_\x00g\x00e\x00t\x08\x00\x00\x00\x00\x06\
\x00\x00\x00\x08info_get\x07\x00\x00\x00\
\x0bEditTaskTab\x01\x03\x00\x00\
\x00\x12\x00i\x00n\x00f\x00o\x00_\x00i\x00n\
\x00c\x00r\x08\x00\x00\x00\x00\x06\x00\x00\x00\x09in\
fo_incr\x07\x00\x00\x00\x0bEdit\
TaskTab\x01\x03\x00\x00\x00\x10\x00i\x00\
n\x00f\x00o\x00_\x00s\x00e\x00t\x08\x00\x00\
\x00\x00\x06\x00\x00\x00\x08info_set\x07\
\x00\x00\x00\x0bEditTaskTab\x01\
\x03\x00\x00\x00\x14\x00i\x00n\x00p\x00u\x00t\x00\
_\x00t\x00e\x00x\x00t\x08\x00\x00\x00\x00\x06\x00\
\x00\x00\x0ainput_text\x07\x00\x00\
\x00\x0bEditTaskTab\x01\x03\x00\
\x00\x00\x0c\x00i\x00s\x00_\x00a\x00d\x00b\x08\
\x00\x00\x00\x00\x06\x00\x00\x00\x06is_adb\x07\
\x00\x00\x00\x0bEditTaskTab\x01\
\x03\x00\x00\x00\x14\x00i\x00s\x00_\x00b\x00r\x00\
o\x00w\x00s\x00e\x00r\x08\x00\x00\x00\x00\x06\x00\
\x00\x00\x0ais_browser\x07\x00\x00\
\x00\x0bEditTaskTab\x01\x03\x00\
\x00\x00\x12\x00l\x00o\x00g\x00_\x00d\x00e\x00\
b\x00u\x00g\x08\x00\x00\x00\x00\x06\x00\x00\x00\x09l\
og_debug\x07\x00\x00\x00\x0bEdi\
tTaskTab\x01\x03\x00\x00\x00\x12\x00l\
\x00o\x00g\x00_\x00e\x00r\x00r\x00o\x00r\
\x08\x00\x00\x00\x00\x06\x00\x00\x00\x09log_er\
ror\x07\x00\x00\x00\x0bEditTask\
Tab\x01\x03\x00\x00\x00\x10\x00l\x00o\x00g\x00\
_\x00i\x00n\x00f\x00o\x08\x00\x00\x00\x00\x06\x00\
\x00\x00\x08log_info\x07\x00\x00\x00\x0b\
EditTaskTab\x01\x03\x00\x00\x00\
\x16\x00l\x00o\x00g\x00_\x00w\x00a\x00r\x00\
n\x00i\x00n\x00g\x08\x00\x00\x00\x00\x06\x00\x00\x00\
\x0blog_warning\x07\x00\x00\x00\
\x0bEditTaskTab\x01\x03\x00\x00\
\x00\x18\x00m\x00i\x00d\x00d\x00l\x00e\x00_\
\x00c\x00l\x00i\x00c\x00k\x08\x00\x00\x00\x00\x06\
\x00\x00\x00\x0cmiddle_click\
\x07\x00\x00\x00\x0bEditTaskTab\
\x01\x03\x00\x00\x00*\x00m\x00i\x00d\x00d\x00l\
\x00e\x00_\x00c\x00l\x00i\x00c\x00k\x00_\
\x00r\x00e\x00l\x00a\x00t\x00i\x00v\x00e\
\x08\x00\x00\x00\x00\x06\x00\x00\x00\x15middle\
_click_relative\x07\
\x00\x00\x00\x0bEditTaskTab\x01\
\x03\x00\x00\x00\x14\x00m\x00o\x00u\x00s\x00e\x00\
_\x00d\x00o\x00w\x00n\x08\x00\x00\x00\x00\x06\x00\
\x00\x00\x0amouse_down\x07\x00\x00\
\x00\x0bEditTaskTab\x01\x03\x00\
\x00\x00\x10\x00m\x00o\x00u\x00s\x00e\x00_\x00\
u\x00p\x08\x00\x00\x00\x00\x06\x00\x00\x00\x08mou\
se_up\x07\x00\x00\x00\x0bEditTa\
skTab\x01\x03\x00\x00\x00\x08\x00m\x00o\x00\
v\x00e\x08\x00\x00\x00\x00\x06\x00\x00\x00\x04mov\
e\x07\x00\x00\x00\x0bEditTaskTa\
b\x01\x03\x00\x00\x00\x1a\x00m\x00o\x00v\x00e\x00\
_\x00r\x00e\x00l\x00a\x00t\x00i\x00v\x00\
e\x08\x00\x00\x00\x00\x06\x00\x00\x00\x0dmove_\
relative\x07\x00\x00\x00\x0bEdi\
tTaskTab\x01\x03\x00\x00\x00\x14\x00n\
\x00e\x00x\x00t\x00_\x00f\x00r\x00a\x00m\
\x00e\x08\x00\x00\x00\x00\x06\x00\x00\x00\x0anext\
_frame\x07\x00\x00\x00\x0bEditT\
askTab\x01\x03\x00\x00\x00\x18\x00n\x00o\
\x00t\x00i\x00f\x00i\x00c\x00a\x00t\x00i\
\x00o\x00n\x08\x00\x00\x00\x00\x06\x00\x00\x00\x0cno\
tification\x07\x00\x00\x00\x0bE\
ditTaskTab\x01\x03\x00\x00\x00\x06\
\x00o\x00c\x00r\x08\x00\x00\x00\x00\x06\x00\x00\x00\x03\
ocr\x07\x00\x00\x00\x0bEditTask\
Tab\x01\x03\x00\x00\x00\x18\x00o\x00u\x00t\x00\
_\x00o\x00f\x00_\x00r\x00a\x00t\x00i\x00\
o\x08\x00\x00\x00\x00\x06\x00\x00\x00\x0cout_o\
f_ratio\x07\x00\x00\x00\x0bEdit\
TaskTab\x01\x03\x00\x00\x00\x0a\x00p\x00\
a\x00u\x00s\x00e\x08\x00\x00\x00\x00\x06\x00\x00\x00\
\x05pause\x07\x00\x00\x00\x0bEditT\
askTab\x01\x03\x00\x00\x00\x16\x00r\x00i\
\x00g\x00h\x00t\x00_\x00c\x00l\x00i\x00c\
\x00k\x08\x00\x00\x00\x00\x06\x00\x00\x00\x0brigh\
t_click\x07\x00\x00\x00\x0bEdit\
TaskTab\x01\x03\x00\x00\x00\x14\x00s\x00\
c\x00r\x00e\x00e\x00n\x00s\x00h\x00o\x00\
t\x08\x00\x00\x00\x00\x06\x00\x00\x00\x0ascree\
nshot\x07\x00\x00\x00\x0bEditTa\
skTab\x01\x03\x00\x00\x00\x0c\x00s\x00c\x00\
r\x00o\x00l\x00l\x08\x00\x00\x00\x00\x06\x00\x00\x00\
\x06scroll\x07\x00\x00\x00\x0bEdit\
TaskTab\x01\x03\x00\x00\x00\x1e\x00s\x00\
c\x00r\x00o\x00l\x00l\x00_\x00r\x00e\x00\
l\x00a\x00t\x00i\x00v\x00e\x08\x00\x00\x00\x00\
\x06\x00\x00\x00\x0fscroll_rela\
tive\x07\x00\x00\x00\x0bEditTas\
kTab\x01\x03\x00\x00\x00\x10\x00s\x00e\x00n\
\x00d\x00_\x00k\x00e\x00y\x08\x00\x00\x00\x00\x06\
\x00\x00\x00\x08send_key\x07\x00\x00\x00\
\x0bEditTaskTab\x01\x03\x00\x00\
\x00\x1a\x00s\x00e\x00n\x00d\x00_\x00k\x00e\
\x00y\x00_\x00d\x00o\x00w\x00n\x08\x00\x00\x00\
\x00\x06\x00\x00\x00\x0dsend_key_d\
own\x07\x00\x00\x00\x0bEditTask\
Tab\x01\x03\x00\x00\x00\x16\x00s\x00e\x00n\x00\
d\x00_\x00k\x00e\x00y\x00_\x00u\x00p\x08\
\x00\x00\x00\x00\x06\x00\x00\x00\x0bsend_ke\
y_up\x07\x00\x00\x00\x0bEditTas\
kTab\x01\x03\x00\x00\x00\x0a\x00s\x00l\x00e\
\x00e\x00p\x08\x00\x00\x00\x00\x06\x00\x00\x00\x05sl\
eep\x07\x00\x00\x00\x0bEditTask\
Tab\x01\x03\x00\x00\x00\x16\x00s\x00l\x00e\x00\
e\x00p\x00_\x00c\x00h\x00e\x00c\x00k\x08\
\x00\x00\x00\x00\x06\x00\x00\x00\x0bsleep_c\
heck\x07\x00\x00\x00\x0bEditTas\
kTab\x01\x03\x00\x00\x00\x18\x00s\x00t\x00a\
\x00r\x00t\x00_\x00d\x00e\x00v\x00i\x00c\
\x00e\x08\x00\x00\x00\x00\x06\x00\x00\x00\x0cstar\
t_device\x07\x00\x00\x00\x0bEdi\
tTaskTab\x01\x03\x00\x00\x00\x0a\x00s\
\x00w\x00i\x00p\x00e\x08\x00\x00\x00\x00\x06\x00\x00\
\x00\x05swipe\x07\x00\x00\x00\x0bEdit\
TaskTab\x01\x03\x00\x00\x00\x1c\x00s\x00\
w\x00i\x00p\x00e\x00_\x00r\x00e\x00l\x00\
a\x00t\x00i\x00v\x00e\x08\x00\x00\x00\x00\x06\x00\
\x00\x00\x0eswipe_relativ\
e\x07\x00\x00\x00\x0bEditTaskTa\
b\x01\x03\x00\x00\x00\x04\x00t\x00r\x08\x00\x00\x00\x00\
\x06\x00\x00\x00\x02tr\x07\x00\x00\x00\x0bEdit\
TaskTab\x01\x03\x00\x00\x00\x0e\x00t\x00\
r\x00i\x00g\x00g\x00e\x00r\x08\x00\x00\x00\x00\
\x06\x00\x00\x00\x07trigger\x07\x00\x00\x00\
\x0bEditTaskTab\x01\x03\x00\x00\
\x00\x0e\x00u\x00n\x00p\x00a\x00u\x00s\x00e\
\x08\x00\x00\x00\x00\x06\x00\x00\x00\x07unpaus\
e\x07\x00\x00\x00\x0bEditTaskTa\
b\x01\x03\x00\x00\x00\x1c\x00w\x00a\x00i\x00t\x00\
_\x00c\x00l\x00i\x00c\x00k\x00_\x00b\x00\
o\x00x\x08\x00\x00\x00\x00\x06\x00\x00\x00\x0ewai\
t_click_box\x07\x00\x00\x00\x0b\
EditTaskTab\x01\x03\x00\x00\x00\
$\x00w\x00a\x00i\x00t\x00_\x00c\x00l\x00\
i\x00c\x00k\x00_\x00f\x00e\x00a\x00t\x00\
u\x00r\x00e\x08\x00\x00\x00\x00\x06\x00\x00\x00\x12w\
ait_click_featur\
e\x07\x00\x00\x00\x0bEditTaskTa\
b\x01\x03\x00\x00\x00\x1c\x00w\x00a\x00i\x00t\x00\
_\x00c\x00l\x00i\x00c\x00k\x00_\x00o\x00\
c\x00r\x08\x00\x00\x00\x00\x06\x00\x00\x00\x0ewai\
t_click_ocr\x07\x00\x00\x00\x0b\
EditTaskTab\x01\x03\x00\x00\x00\
\x18\x00w\x00a\x00i\x00t\x00_\x00f\x00e\x00\
a\x00t\x00u\x00r\x00e\x08\x00\x00\x00\x00\x06\x00\
\x00\x00\x0cwait_feature\x07\
\x00\x00\x00\x0bEditTaskTab\x01\
\x03\x00\x00\x00\x10\x00w\x00a\x00i\x00t\x00_\x00\
o\x00c\x00r\x08\x00\x00\x00\x00\x06\x00\x00\x00\x08w\
ait_ocr\x07\x00\x00\x00\x0bEdit\
TaskTab\x01\x03\x00\x00\x00\x14\x00w\x00\
a\x00i\x00t\x00_\x00u\x00n\x00t\x00i\x00\
l\x08\x00\x00\x00\x00\x06\x00\x00\x00\x0await_\
until\x07\x00\x00\x00\x0bEditTa\
skTab\x01\x03\x00\x00\x00\x1e\x00w\x00i\x00\
d\x00t\x00h\x00_\x00o\x00f\x00_\x00s\x00\
c\x00r\x00e\x00e\x00n\x08\x00\x00\x00\x00\x06\x00\
\x00\x00\x0fwidth_of_scre\
en\x07\x00\x00\x00\x0bEditTaskT\
ab\x01\x03\x00\x00\x00\x0e\x8a-[\x9a0\x920\xea\
0\xbb0\xc30\xc8\x08\x00\x00\x00\x00\x06\x00\x00\x00\x0c\
Reset Config\x07\x00\x00\x00\
\x10GlobalConfigCar\
d\x01\x03\x00\x00\x00\x0e\x8a-[\x9a0\x920\xea0\
\xbb0\xc30\xc8\x08\x00\x00\x00\x00\x06\x00\x00\x00\x0cR\
eset Config\x07\x00\x00\x00\x0f\
GlobalConfigTab\x01\
\x03\x00\x00\x00\x0a0\xad0\xe30\xf30\xbb0\xeb\x08\
\x00\x00\x00\x00\x06\x00\x00\x00\x06Cancel\x07\
\x00\x00\x00\x0bHwndChooser\x01\
\x03\x00\x00\x00\x100\xa60\xa30\xf30\xc90\xa60\
\x92\x90xb\x9e\x08\x00\x00\x00\x00\x06\x00\x00\x00\x0dC\
hoose Window\x07\x00\x00\x00\
\x0bHwndChooser\x01\x03\x00\x00\
\x00\x04x\xba\x8a\x8d\x08\x00\x00\x00\x00\x06\x00\x00\x00\x07\
Confirm\x07\x00\x00\x00\x0bHwnd\
Chooser\x01\x03\x00\x00\x00\x14\x00{\x00\
}\x00 0\x92\x90xb\x9e0W0~0W0\
_\x08\x00\x00\x00\x00\x06\x00\x00\x00\x0b{} Se\
lected\x07\x00\x00\x00\x0bHwndC\
hooser\x01\x03\x00\x00\x00\x0a0\xad0\xe3\
0\xf30\xbb0\xeb\x08\x00\x00\x00\x00\x06\x00\x00\x00\x06\
Cancel\x07\x00\x00\x00\x13Impor\
tWarningDialog\x01\x03\
\x00\x00\x00\x04x\xba\x8a\x8d\x08\x00\x00\x00\x00\x06\x00\x00\
\x00\x07Confirm\x07\x00\x00\x00\x13Im\
portWarningDialo\
g\x01\x03\x00\x00\x0080\xea0\xb90\xaf0\x92t\
\x06\x89\xe30W0_N\x0a0g0\x010S0\
n0\xb90\xaf0\xea0\xd70\xc80\x920\xa40\
\xf30\xdd0\xfc0\xc80W0~0Y0\x02\x08\
\x00\x00\x00\x00\x06\x00\x00\x006I under\
stand the risks \
and want to impo\
rt this script.\x07\
\x00\x00\x00\x13ImportWarnin\
gDialog\x01\x03\x00\x00\x00\xce0\xb90\
\xaf0\xea0\xd70\xc80nQl\x95\x8b\x80\x050\
\x92O\xe1\x98<0W0f0D0\x8b0S0\
h0\x92x\xba\x8a\x8d0W0f0O0`0\
U0D0\x02g*i\x1c\x8a<0n0\xb90\
\xaf0\xea0\xd70\xc80o0\x010\xa20\xab0\
\xa60\xf30\xc8\x00/0\xc70\xfc0\xbf\x00/0\
J\x91\xd10nv\xd7\x96\xe30\x010\xc70\xfc0\
\xbf0nx4X\xca0\x010\xb30\xf30\xd40\
\xe50\xfc0\xbf0\xfc0nd\x0dP\xb7\x00/R\
6_\xa10j0i\xff\x080_0`0W0\
S0\x8c0\x890k\x96P[\x9a0U0\x8c0\
~0[0\x93\xff\x090nSq\x96z`'0\
L0B0\x8a0~0Y0\x02\x08\x00\x00\x00\x00\
\x06\x00\x00\x00\xabMake sure t\
hat you trust th\
e script publish\
er, unverified s\
cript can and no\
t limited to ste\
al your account/\
 data money, des\
troy your data, \
harm/ controllin\
g your computer.\
\x07\x00\x00\x00\x13ImportWarni\
ngDialog\x01\x03\x00\x00\x00\x04\x8bf\
TJ\x08\x00\x00\x00\x00\x06\x00\x00\x00\x07Warn\
ing\x07\x00\x00\x00\x13ImportWa\
rningDialog\x01\x03\x00\x00\x00\
\x180Y0y0f0n0\xd50\xa10\xa40\
\xeb\x00 \x00(\x00*\x00)\x08\x00\x00\x00\x00\x06\x00\
\x00\x00\x0dAll Files (*)\
\x07\x00\x00\x00\x14LabelAndFil\
eSelector\x01\x03\x00\x00\x00\x04S\
\xc2qg\x08\x00\x00\x00\x00\x06\x00\x00\x00\x06Bro\
wse\x07\x00\x00\x00\x14LabelAnd\
FileSelector\x01\x03\x00\x00\
\x00\x0e0\xd50\xa10\xa40\xeb0\x92\x90xb\x9e\
\x08\x00\x00\x00\x00\x06\x00\x00\x00\x0bSelect\
 File\x07\x00\x00\x00\x14LabelA\
ndFileSelector\x01\x03\
\x00\x00\x00\x1e0\xd50\xa10\xa40\xeb0~0_\
0o0\xd50\xa90\xeb0\xc00\xfc0\x92\x90x\
b\x9e\x08\x00\x00\x00\x00\x06\x00\x00\x00\x15Sele\
ct File or Folde\
r\x07\x00\x00\x00\x14LabelAndFi\
leSelector\x01\x03\x00\x00\x00\x10\
0\xd50\xa90\xeb0\xc00\xfc0\x92\x90xb\x9e\
\x08\x00\x00\x00\x00\x06\x00\x00\x00\x0dSelect\
 Folder\x07\x00\x00\x00\x14Labe\
lAndFileSelector\
\x01\x03\x00\x00\x00\x0a\x8a-[\x9a0xy\xfbR\xd5\
\x08\x00\x00\x00\x00\x06\x00\x00\x00\x0cGo to \
Config\x07\x00\x00\x00\x0eLabel\
AndGlobal\x01\x03\x00\x00\x00\x060\
D0D0H\x08\x00\x00\x00\x00\x06\x00\x00\x00\x02N\
o\x07\x00\x00\x00\x14LabelAndSw\
itchButton\x01\x03\x00\x00\x00\x04\
0o0D\x08\x00\x00\x00\x00\x06\x00\x00\x00\x03Ye\
s\x07\x00\x00\x00\x14LabelAndSw\
itchButton\x01\x03\x00\x00\x00\x0e\
\x00D\x00i\x00s\x00c\x00o\x00r\x00d\x08\x00\
\x00\x00\x00\x06\x00\x00\x00\x07Discord\x07\
\x00\x00\x00\x08LinksBar\x01\x03\x00\x00\
\x00\x0c0\x880O0B0\x8b\x8c\xeaUO\x08\x00\
\x00\x00\x00\x06\x00\x00\x00\x03FAQ\x07\x00\x00\x00\x08\
LinksBar\x01\x03\x00\x00\x00\x0c\x00G\
\x00i\x00t\x00H\x00u\x00b\x08\x00\x00\x00\x00\x06\
\x00\x00\x00\x06GitHub\x07\x00\x00\x00\x08L\
inksBar\x01\x03\x00\x00\x00\x180\xc00\
\xa60\xf30\xed0\xfc0\xc90\xea0\xf30\xaf0\
\x92Qqg\x09\x08\x00\x00\x00\x00\x06\x00\x00\x00\x05S\
hare\x07\x00\x00\x00\x08LinksBa\
r\x01\x03\x00\x00\x00*Qqg\x090\xea0\xf30\
\xaf0\x920\xaf0\xea0\xc30\xd70\xdc0\xfc0\
\xc90k0\xb30\xd40\xfc0W0~0W0\
_\x08\x00\x00\x00\x00\x06\x00\x00\x00\x1eShare\
 Link copied to \
clipboard\x07\x00\x00\x00\x08Li\
nksBar\x01\x03\x00\x00\x00\x0a0\xb90\xdd\
0\xf30\xb50\xfc\x08\x00\x00\x00\x00\x06\x00\x00\x00\x07\
Sponsor\x07\x00\x00\x00\x08Link\
sBar\x01\x03\x00\x00\x00\x08Qh0\xec0\xd9\
0\xeb\x08\x00\x00\x00\x00\x06\x00\x00\x00\x0aAll \
Levels\x07\x00\x00\x00\x09LogWi\
ndow\x01\x03\x00\x00\x00\x060\xaf0\xea0\xa2\
\x08\x00\x00\x00\x00\x06\x00\x00\x00\x05Clear\x07\
\x00\x00\x00\x09LogWindow\x01\x03\x00\
\x00\x00\x06\x95\x890X0\x8b\x08\x00\x00\x00\x00\x06\x00\
\x00\x00\x05Close\x07\x00\x00\x00\x09Log\
Window\x01\x03\x00\x00\x00\x080\xc90\xe9\
0\xc30\xb0\x08\x00\x00\x00\x00\x06\x00\x00\x00\x04Dr\
ag\x07\x00\x00\x00\x09LogWindow\
\x01\x03\x00\x00\x00\x160\xed0\xb00\x920\xd50\xa3\
0\xeb0\xbf0\xfc\x00.\x00.\x00.\x08\x00\x00\x00\
\x00\x06\x00\x00\x00\x0eFilter log\
s...\x07\x00\x00\x00\x09LogWind\
ow\x01\x03\x00\x00\x00\x0a0\xed0\xb00\x92\x95\x8b\
0O\x08\x00\x00\x00\x00\x06\x00\x00\x00\x09Open\
 Logs\x07\x00\x00\x00\x09LogWin\
dow\x01\x03\x00\x00\x00\x08N\x00fBP\x5ck\
b\x08\x00\x00\x00\x00\x06\x00\x00\x00\x05Pause\
\x07\x00\x00\x00\x09LogWindow\x01\x03\
\x00\x00\x00\x04V\xfa[\x9a\x08\x00\x00\x00\x00\x06\x00\x00\
\x00\x03Pin\x07\x00\x00\x00\x09LogWin\
dow\x01\x03\x00\x00\x00\x04Q\x8d\x95\x8b\x08\x00\x00\
\x00\x00\x06\x00\x00\x00\x06Resume\x07\x00\x00\
\x00\x09LogWindow\x01\x03\x00\x00\x00\
\x08V\xfa[\x9a\x89\xe3\x96d\x08\x00\x00\x00\x00\x06\x00\
\x00\x00\x05Unpin\x07\x00\x00\x00\x09Log\
Window\x01\x03\x00\x00\x00\x0a0\xed0\xb0\
0\x92\x88hy:\x08\x00\x00\x00\x00\x06\x00\x00\x00\x08\
View Log\x07\x00\x00\x00\x09Log\
Window\x01\x03\x00\x00\x00$\x00o\x00k\
\x00-\x00s\x00c\x00r\x00i\x00p\x00t\x00.\
\x00l\x00o\x00g\x00 0\x92_\x85j_N-\
\x08\x00\x00\x00\x00\x06\x00\x00\x00\x19Waitin\
g for ok-script.\
log\x07\x00\x00\x00\x09LogWindo\
w\x01\x03\x00\x00\x00\x02N\xf6\x08\x00\x00\x00\x00\x06\x00\
\x00\x00\x07records\x07\x00\x00\x00\x09L\
ogWindow\x01\x03\x00\x00\x00\x04i\x82\
\x89\x81\x08\x00\x00\x00\x00\x06\x00\x00\x00\x05Abou\
t\x07\x00\x00\x00\x0aMainWindow\
\x01\x03\x00\x00\x00\x0a0\xad0\xe30\xd70\xc10\xe3\
\x08\x00\x00\x00\x00\x06\x00\x00\x00\x07Captur\
e\x07\x00\x00\x00\x0aMainWindow\
\x01\x03\x00\x00\x00\x100\xad0\xe30\xd70\xc10\xe3\
0\xa80\xe90\xfc\x08\x00\x00\x00\x00\x06\x00\x00\x00\x0d\
Capture Error\x07\x00\x00\
\x00\x0aMainWindow\x01\x03\x00\x00\
\x00\x080\xc70\xd00\xc30\xb0\x08\x00\x00\x00\x00\x06\
\x00\x00\x00\x05Debug\x07\x00\x00\x00\x0aMa\
inWindow\x01\x03\x00\x00\x00\x060\xa8\
0\xe90\xfc\x08\x00\x00\x00\x00\x06\x00\x00\x00\x05Er\
ror\x07\x00\x00\x00\x0aMainWind\
ow\x01\x03\x00\x00\x00\x04}BN\x86\x08\x00\x00\x00\
\x00\x06\x00\x00\x00\x04Exit\x07\x00\x00\x00\x0aM\
ainWindow\x01\x03\x00\x00\x00\x04`\
\xc5X1\x08\x00\x00\x00\x00\x06\x00\x00\x00\x04Inf\
o\x07\x00\x00\x00\x0aMainWindow\
\x01\x03\x00\x00\x00\x12N\x00fBP\x5ckb0W\
0~0W0_0\x02\x08\x00\x00\x00\x00\x06\x00\x00\
\x00\x0ePause Success.\
\x07\x00\x00\x00\x0aMainWindow\x01\
\x03\x00\x00\x00:0\xb20\xfc0\xe00\xa60\xa30\
\xf30\xc90\xa60Lkc0W0O\x90xb\
\x9e0U0\x8c0f0D0\x8b0Kx\xba\x8a\
\x8d0W0f0O0`0U0D\xff\x01\x08\
\x00\x00\x00\x00\x06\x00\x00\x00;Please \
check whether th\
e game window is\
 selected correc\
tly!\x07\x00\x00\x00\x0aMainWin\
dow\x01\x03\x00\x00\x00\x080\xea0\xea0\xfc0\
\xb9\x08\x00\x00\x00\x00\x06\x00\x00\x00\x07Relea\
se\x07\x00\x00\x00\x0aMainWindo\
w\x01\x03\x00\x00\x00\x0a0\xb30\xfc0\xc9[\x9f\x88\
L\x08\x00\x00\x00\x00\x06\x00\x00\x00\x08Run C\
ode\x07\x00\x00\x00\x0aMainWind\
ow\x01\x03\x00\x00\x00\x0c0\xb90\xb10\xb80\xe5\
0\xfc0\xeb\x08\x00\x00\x00\x00\x06\x00\x00\x00\x08Sc\
hedule\x07\x00\x00\x00\x0aMainW\
indow\x01\x03\x00\x00\x00\x0a0\xb90\xaf0\
\xea0\xd70\xc8\x08\x00\x00\x00\x00\x06\x00\x00\x00\x06S\
cript\x07\x00\x00\x00\x0aMainWi\
ndow\x01\x03\x00\x00\x00\x04\x8a-[\x9a\x08\x00\
\x00\x00\x00\x06\x00\x00\x00\x08Settings\
\x07\x00\x00\x00\x0aMainWindow\x01\
\x03\x00\x00\x00\x0a\x8dwR\xd5b\x10R\x9f0\x02\x08\
\x00\x00\x00\x00\x06\x00\x00\x00\x0eStart S\
uccess.\x07\x00\x00\x00\x0aMain\
Window\x01\x03\x00\x00\x00\x060\xbf0\xb9\
0\xaf\x08\x00\x00\x00\x00\x06\x00\x00\x00\x05Task\
s\x07\x00\x00\x00\x0aMainWindow\
\x01\x03\x00\x00\x00\x0c0\xc60\xf30\xd70\xec0\xfc\
0\xc8\x08\x00\x00\x00\x00\x06\x00\x00\x00\x09Temp\
lates\x07\x00\x00\x00\x0aMainWi\
ndow\x01\x03\x00\x00\x00X0S0\x8c0o\
0\xd50\xea0\xfc0\xbd0\xd50\xc80\xa60\xa7\
0\xa20g0Y0\x020\x820W0i0S\
0K0g\x8c\xfcQe0W0_X4T\x08\
0\x01\x8c\xa9X\xf2\x80\x050k\x8f\xd4\x91\xd10\x92\
\x89\x81lB0W0f0O0`0U0D\
0\x02\x08\x00\x00\x00\x00\x06\x00\x00\x00ZThis\
 is a free softw\
are. If you purc\
hased this anywh\
ere, request a r\
efund from the s\
eller.\x07\x00\x00\x00\x0aMainW\
indow\x01\x03\x00\x00\x00\x080\xc80\xea0\
\xac0\xfc\x08\x00\x00\x00\x00\x06\x00\x00\x00\x08Tri\
ggers\x07\x00\x00\x00\x0aMainWi\
ndow\x01\x03\x00\x00\x00\x0c0\xa20\xc30\xd7\
0\xc70\xfc0\xc8\x08\x00\x00\x00\x00\x06\x00\x00\x00\x06\
Update\x07\x00\x00\x00\x0aMainW\
indow\x01\x03\x00\x00\x00\x0e0\xa20\xaf0\
\xc60\xa30\xd90\xfc0\xc8\x08\x00\x00\x00\x00\x06\x00\
\x00\x00\x06\xe6\xbf\x80\xe6\xb4\xbb\x07\x00\x00\x00\x0aMa\
inWindow\x01\x03\x00\x00\x00\x0c0\xc8\
0\xea0\xac0\xfcr\xb6aK\x08\x00\x00\x00\x00\x06\
\x00\x00\x00\x0f\xe8\xa7\xa6\xe5\x8f\x91\xe5\x99\xa8\xe7\x8a\xb6\
\xe6\x80\x81\x07\x00\x00\x00\x0aMainWind\
ow\x01\x03\x00\x00\x00\x0cRJ\x96d\x00 \x00(\
\x00D\x00)\x08\x00\x00\x00\x00\x06\x00\x00\x00\x0aDe\
lete (D)\x07\x00\x00\x00\x0cMar\
kUpWindow\x01\x03\x00\x00\x00\x0cc\
\xcfu;\x00 \x00(\x00R\x00)\x08\x00\x00\x00\x00\
\x06\x00\x00\x00\x08Draw (R)\x07\x00\x00\
\x00\x0cMarkUpWindow\x01\x03\
\x00\x00\x00\x0cj\x19l\xe80\xa80\xc70\xa30\xbf\
\x08\x00\x00\x00\x00\x06\x00\x00\x00\x0dMarkup\
 Editor\x07\x00\x00\x00\x0cMark\
UpWindow\x01\x03\x00\x00\x00\x18Y\x09\
f\xf4\x00 \x00(0\xc00\xd60\xeb0\xaf0\xea\
0\xc30\xaf\x00)\x08\x00\x00\x00\x00\x06\x00\x00\x00\x15\
Modify (Double C\
lick)\x07\x00\x00\x00\x0cMarkUp\
Window\x01\x03\x00\x00\x00\x16S\xf30\xaf\
0\xea0\xc30\xaf0g\x82r0\x920\xb30\xd4\
0\xfc\x08\x00\x00\x00\x00\x06\x00\x00\x00\x19Righ\
t click to copy \
color\x07\x00\x00\x00\x0cMarkUp\
Window\x01\x03\x00\x00\x00\x04x\xba\x8a\x8d\
\x08\x00\x00\x00\x00\x06\x00\x00\x00\x07Confir\
m\x07\x00\x00\x00\x0dMessageWin\
dow\x01\x03\x00\x00\x00\x04\x8f\xfdR\xa0\x08\x00\x00\
\x00\x00\x06\x00\x00\x00\x03Add\x07\x00\x00\x00\x10M\
odifyListDialog\x01\
\x03\x00\x00\x00\x14R)u(S\xef\x80\xfd0j0\
\xaa0\xd70\xb70\xe70\xf3\x08\x00\x00\x00\x00\x06\x00\
\x00\x00\x11Available Opt\
ions\x07\x00\x00\x00\x10ModifyL\
istDialog\x01\x03\x00\x00\x00\x0a0\
\xad0\xe30\xf30\xbb0\xeb\x08\x00\x00\x00\x00\x06\x00\
\x00\x00\x06Cancel\x07\x00\x00\x00\x10Mo\
difyListDialog\x01\x03\
\x00\x00\x00$0\xaa0\xd70\xb70\xe70\xf30\x92\
0\xaf0\xea0\xc30\xaf0W0f\x8f\xfdR\xa0\
0W0~0Y0\x02\x08\x00\x00\x00\x00\x06\x00\x00\
\x00\x1aClick an optio\
n to add it.\x07\x00\x00\x00\
\x10ModifyListDialo\
g\x01\x03\x00\x00\x00\x04x\xba\x8a\x8d\x08\x00\x00\x00\x00\
\x06\x00\x00\x00\x07Confirm\x07\x00\x00\x00\
\x10ModifyListDialo\
g\x01\x03\x00\x00\x00\x04O\xeekc\x08\x00\x00\x00\x00\
\x06\x00\x00\x00\x06Modify\x07\x00\x00\x00\x10\
ModifyListDialog\
\x01\x03\x00\x00\x00\x04N\x0b0x\x08\x00\x00\x00\x00\x06\
\x00\x00\x00\x09Move Down\x07\x00\x00\
\x00\x10ModifyListDial\
og\x01\x03\x00\x00\x00\x04N\x0a0x\x08\x00\x00\x00\
\x00\x06\x00\x00\x00\x07Move Up\x07\x00\x00\
\x00\x10ModifyListDial\
og\x01\x03\x00\x00\x00\x04RJ\x96d\x08\x00\x00\x00\
\x00\x06\x00\x00\x00\x06Remove\x07\x00\x00\x00\
\x10ModifyListDialo\
g\x01\x03\x00\x00\x00\x160\xaa0\xd70\xb70\xe70\
\xf30\x92i\x1c}\x22\x00.\x00.\x00.\x08\x00\x00\
\x00\x00\x06\x00\x00\x00\x11Search op\
tions...\x07\x00\x00\x00\x10Mod\
ifyListDialog\x01\x03\x00\
\x00\x00\x12\x90xb\x9e0W0_0\xaa0\xd70\
\xb70\xe70\xf3\x08\x00\x00\x00\x00\x06\x00\x00\x00\x10S\
elected Options\x07\
\x00\x00\x00\x10ModifyListDi\
alog\x01\x03\x00\x00\x00\x04O\xeekc\x08\x00\
\x00\x00\x00\x06\x00\x00\x00\x06Modify\x07\x00\
\x00\x00\x0eModifyListIte\
m\x01\x03\x00\x00\x00\x10\x00(\x000\x00 \x00=\x00\
 q!R\xb9\x00)\x08\x00\x00\x00\x00\x06\x00\x00\x00\
\x0e(0 = disabled)\x07\
\x00\x00\x00\x18ModifySchedu\
leTaskDialog\x01\x03\x00\x00\
\x00\x08\x002\x004fB\x95\x93\x08\x00\x00\x00\x00\x06\
\x00\x00\x00\x0324h\x07\x00\x00\x00\x18Modi\
fyScheduleTaskDi\
alog\x01\x03\x00\x00\x00 0\xbf0\xb90\xaf\
[\x8cN\x86_\x8c0k\x81\xeaR\xd5}BN\x86\
\x00 \x00(\x00-\x00e\x00)\x08\x00\x00\x00\x00\x06\
\x00\x00\x00\x1eAuto exit af\
ter task done (-\
e)\x07\x00\x00\x00\x18ModifySch\
eduleTaskDialog\x01\
\x03\x00\x00\x00\x0a0\xad0\xe30\xf30\xbb0\xeb\x08\
\x00\x00\x00\x00\x06\x00\x00\x00\x06Cancel\x07\
\x00\x00\x00\x18ModifySchedu\
leTaskDialog\x01\x03\x00\x00\
\x00\x080\xab0\xb90\xbf0\xe0\x08\x00\x00\x00\x00\x06\
\x00\x00\x00\x06Custom\x07\x00\x00\x00\x18M\
odifyScheduleTas\
kDialog\x01\x03\x00\x00\x00\x0c0\xab0\
\xb90\xbf0\xe0\x95\x93\x96\x94\x08\x00\x00\x00\x00\x06\x00\
\x00\x00\x0fCustom Interv\
al\x07\x00\x00\x00\x18ModifySch\
eduleTaskDialog\x01\
\x03\x00\x00\x00\x04k\xcee\xe5\x08\x00\x00\x00\x00\x06\x00\
\x00\x00\x05Daily\x07\x00\x00\x00\x18Mod\
ifyScheduleTaskD\
ialog\x01\x03\x00\x00\x00\x02e\xe5\x08\x00\x00\
\x00\x00\x06\x00\x00\x00\x04Days\x07\x00\x00\x00\x18\
ModifyScheduleTa\
skDialog\x01\x03\x00\x00\x00\x04fB\
\x95\x93\x08\x00\x00\x00\x00\x06\x00\x00\x00\x04Hour\
\x07\x00\x00\x00\x18ModifySched\
uleTaskDialog\x01\x03\x00\
\x00\x00\x04fB\x95\x93\x08\x00\x00\x00\x00\x06\x00\x00\x00\
\x05Hours\x07\x00\x00\x00\x18Modif\
yScheduleTaskDia\
log\x01\x03\x00\x00\x00\x02R\x06\x08\x00\x00\x00\x00\
\x06\x00\x00\x00\x06Minute\x07\x00\x00\x00\x18\
ModifyScheduleTa\
skDialog\x01\x03\x00\x00\x00\x04O\xee\
kc\x08\x00\x00\x00\x00\x06\x00\x00\x00\x06Modi\
fy\x07\x00\x00\x00\x18ModifySch\
eduleTaskDialog\x01\
\x03\x00\x00\x00\x180\xb90\xb10\xb80\xe50\xfc0\
\xeb0\xbf0\xb90\xaf0\x92O\xeekc\x08\x00\x00\
\x00\x00\x06\x00\x00\x00\x14Modify Sc\
hedule Task\x07\x00\x00\x00\x18\
ModifyScheduleTa\
skDialog\x01\x03\x00\x00\x00\x04k\xce\
g\x08\x08\x00\x00\x00\x00\x06\x00\x00\x00\x07Mont\
hly\x07\x00\x00\x00\x18ModifySc\
heduleTaskDialog\
\x01\x03\x00\x00\x00\x04N\x00V\xde\x08\x00\x00\x00\x00\x06\
\x00\x00\x00\x04Once\x07\x00\x00\x00\x18Mod\
ifyScheduleTaskD\
ialog\x01\x03\x00\x00\x00\x08\x95\x8bY\xcbf\
B\x95\x93\x08\x00\x00\x00\x00\x06\x00\x00\x00\x0aSta\
rt Time\x07\x00\x00\x00\x18Modi\
fyScheduleTaskDi\
alog\x01\x03\x00\x00\x00\x0e\x8dwR\xd50\xaa\
0\xd70\xb70\xe70\xf3\x08\x00\x00\x00\x00\x06\x00\x00\
\x00\x0fStartup Option\
s\x07\x00\x00\x00\x18ModifySche\
duleTaskDialog\x01\x03\
\x00\x00\x00\x1c0\xbf0\xb90\xaf0\xa40\xf30\xc7\
0\xc30\xaf0\xb9\x00 \x00(\x00-\x00t\x00)\
\x08\x00\x00\x00\x00\x06\x00\x00\x00\x0fTask I\
ndex (-t)\x07\x00\x00\x00\x18Mo\
difyScheduleTask\
Dialog\x01\x03\x00\x00\x00\x080\xbf0\xb9\
0\xafT\x0d\x08\x00\x00\x00\x00\x06\x00\x00\x00\x09Ta\
sk Name\x07\x00\x00\x00\x18Modi\
fyScheduleTaskDi\
alog\x01\x03\x00\x00\x00\x0c0\xbf0\xa40\xe0\
0\xa20\xa60\xc8\x08\x00\x00\x00\x00\x06\x00\x00\x00\x07\
Timeout\x07\x00\x00\x00\x18Modi\
fyScheduleTaskDi\
alog\x01\x03\x00\x00\x00\x0e0\xc80\xea0\xac\
0\xfc0\xbf0\xa40\xd7\x08\x00\x00\x00\x00\x06\x00\x00\
\x00\x0cTrigger Type\x07\x00\
\x00\x00\x18ModifySchedul\
eTaskDialog\x01\x03\x00\x00\x00\
\x04k\xce\x901\x08\x00\x00\x00\x00\x06\x00\x00\x00\x06W\
eekly\x07\x00\x00\x00\x18Modify\
ScheduleTaskDial\
og\x01\x03\x00\x00\x00\x18fB\x95\x93\x00 \x00(\
\x000\x00 \x00=\x00 q!R6\x96P\x00)\
\x08\x00\x00\x00\x00\x06\x00\x00\x00\x15hours \
(0 = unlimited)\x07\
\x00\x00\x00\x18ModifySchedu\
leTaskDialog\x01\x03\x00\x00\
\x00\x100\xa60\xa30\xf30\xc90\xa60\x92\x90x\
b\x9e\x08\x00\x00\x00\x00\x06\x00\x00\x00\x0dChoo\
se Window\x07\x00\x00\x00\x0eOn\
eTimeTaskTab\x01\x03\x00\x00\
\x00\x04[\x8cN\x86\x08\x00\x00\x00\x00\x06\x00\x00\x00\x09\
Completed\x07\x00\x00\x00\x0eOn\
eTimeTaskTab\x01\x03\x00\x00\
\x00\x04`\xc5X1\x08\x00\x00\x00\x00\x06\x00\x00\x00\x04\
Info\x07\x00\x00\x00\x0eOneTime\
TaskTab\x01\x03\x00\x00\x00\x06[\x9f\x88\
LN-\x08\x00\x00\x00\x00\x06\x00\x00\x00\x07Run\
ning\x07\x00\x00\x00\x0eOneTime\
TaskTab\x01\x03\x00\x00\x00\x02P$\x08\
\x00\x00\x00\x00\x06\x00\x00\x00\x05Value\x07\x00\
\x00\x00\x0eOneTimeTaskTa\
b\x01\x03\x00\x00\x00X\x00{\x00x\x00}\x00,\x00\
 \x00{\x00y\x00}\x00,\x00 \x00{\x00x\x00\
r\x00:\x00.\x003\x00f\x00}\x00,\x00 \x00\
{\x00y\x00r\x00:\x00.\x003\x00f\x00}\x00\
 \x00(\x00A\x00l\x00t\x00+S\xf30\xaf0\
\xea0\xc30\xaf0g0\xb30\xd40\xfc\x00)\x08\
\x00\x00\x00\x00\x06\x00\x00\x000{x}, {y\
}, {xr:.3f}, {yr\
:.3f} (alt+right\
 to copy)\x07\x00\x00\x00\x0dOv\
erlayWidget\x01\x03\x00\x00\x00\
\x060\xa80\xe90\xfc\x08\x00\x00\x00\x00\x06\x00\x00\x00\
\x03app\x07\x00\x00\x00\x10QCoreAp\
plication\x01\x03\x00\x00\x00\x1e\x00\
N\x00o\x00 \x00i\x00m\x00a\x00g\x00e\x00\
 \x00l\x00o\x00a\x00d\x00e\x00d\x08\x00\x00\
\x00\x00\x06\x00\x00\x00\x0fNo image \
loaded\x07\x00\x00\x00\x17Regio\
nSelectImageWidg\
et\x01\x03\x00\x00\x00$0S0S0k\x00P\
\x00y\x00t\x00h\x00o\x00n0\xb30\xfc0\xc9\
0\x92QeR\x9b\x00.\x00.\x00.\x08\x00\x00\x00\
\x00\x06\x00\x00\x00\x19Enter Pyth\
on code here...\x07\
\x00\x00\x00\x0aRunCodeTab\x01\x03\
\x00\x00\x00\x22Q\xfaR\x9b}Pg\x9c0L0S\
0S0k\x88hy:0U0\x8c0~0Y\
\x00.\x00.\x00.\x08\x00\x00\x00\x00\x06\x00\x00\x00\x1c\
Output will be s\
hown here...\x07\x00\x00\x00\
\x0aRunCodeTab\x01\x03\x00\x00\x00\
\x0a0\xb30\xfc0\xc9[\x9f\x88L\x08\x00\x00\x00\x00\
\x06\x00\x00\x00\x08Run Code\x07\x00\x00\
\x00\x0aRunCodeTab\x01\x03\x00\x00\
\x00\x16\x00P\x00y\x00t\x00h\x00o\x00n0\xb3\
0\xfc0\xc9[\x9f\x88L\x08\x00\x00\x00\x00\x06\x00\x00\
\x00\x0fRun Python Cod\
e\x07\x00\x00\x00\x0aRunCodeTab\
\x01\x03\x00\x00\x00\x220\xbf0\xb90\xaf0\x92RJ\
\x96d0W0f0\x820\x880\x8d0W0D\
0g0Y0K\xff\x1f\x08\x00\x00\x00\x00\x06\x00\x00\
\x00$Are you sure y\
ou want to delet\
e task\x07\x00\x00\x00\x0fSched\
uleTaskTab\x01\x03\x00\x00\x00\x0a\
0\xad0\xe30\xf30\xbb0\xeb\x08\x00\x00\x00\x00\x06\
\x00\x00\x00\x06Cancel\x07\x00\x00\x00\x0fS\
cheduleTaskTab\x01\x03\
\x00\x00\x00\x0c0\xbf0\xb90\xaf0\x92O\x5cb\x10\
\x08\x00\x00\x00\x00\x06\x00\x00\x00\x0bCreate\
 Task\x07\x00\x00\x00\x0fSchedu\
leTaskTab\x01\x03\x00\x00\x00\x04R\
J\x96d\x08\x00\x00\x00\x00\x06\x00\x00\x00\x06Del\
ete\x07\x00\x00\x00\x0fSchedule\
TaskTab\x01\x03\x00\x00\x00\x0c0\xbf0\
\xb90\xaf0\x92RJ\x96d\x08\x00\x00\x00\x00\x06\x00\
\x00\x00\x0bDelete Task\x07\x00\
\x00\x00\x0fScheduleTaskT\
ab\x01\x03\x00\x00\x00\x060\xa80\xe90\xfc\x08\x00\
\x00\x00\x00\x06\x00\x00\x00\x05Error\x07\x00\x00\
\x00\x0fScheduleTaskTa\
b\x01\x03\x00\x00\x00\x1a0\xbf0\xb90\xaf0nO\
\x5cb\x100kY1eW0W0~0W0\
_\x08\x00\x00\x00\x00\x06\x00\x00\x00\x15Faile\
d to create task\
\x07\x00\x00\x00\x0fScheduleTas\
kTab\x01\x03\x00\x00\x00\x1a0\xbf0\xb90\xaf\
0nRJ\x96d0kY1eW0W0~\
0W0_\x08\x00\x00\x00\x00\x06\x00\x00\x00\x15Fa\
iled to delete t\
ask\x07\x00\x00\x00\x0fSchedule\
TaskTab\x01\x03\x00\x00\x00\x1e0\xbf0\
\xb90\xaf0n\x8a\xad0\x7f\x8f\xbc0\x7f0kY\
1eW0W0~0W0_\x08\x00\x00\x00\x00\
\x06\x00\x00\x00\x14Failed to l\
oad tasks\x07\x00\x00\x00\x0fSc\
heduleTaskTab\x01\x03\x00\
\x00\x00\x1a0\xbf0\xb90\xaf0nO\xeekc0\
kY1eW0W0~0W0_\x08\x00\x00\
\x00\x00\x06\x00\x00\x00\x15Failed to\
 modify task\x07\x00\x00\x00\
\x0fScheduleTaskTab\
\x01\x03\x00\x00\x0040\xbf0\xb90\xaf0nO\xee\
kc0kY1eW0W0~0W0_\
\xff\x1ae\xe70\xbf0\xb90\xaf0\x92RJ\x96d\
0g0M0~0[0\x93\x08\x00\x00\x00\x00\x06\
\x00\x00\x00-Failed to mo\
dify task: canno\
t delete old tas\
k\x07\x00\x00\x00\x0fScheduleTa\
skTab\x01\x03\x00\x00\x00 O\xeekc0\
\xc00\xa40\xa20\xed0\xb00\x92\x95\x8b0Q0\
~0[0\x930g0W0_\x08\x00\x00\x00\x00\
\x06\x00\x00\x00\x1cFailed to o\
pen modify dialo\
g\x07\x00\x00\x00\x0fScheduleTa\
skTab\x01\x03\x00\x00\x00\x1e0\xbf0\xb90\
\xaf0nR\x070\x8af\xff0H0kY1e\
W0W0~0W0_\x08\x00\x00\x00\x00\x06\x00\
\x00\x00\x15Failed to tog\
gle task\x07\x00\x00\x00\x0fSch\
eduleTaskTab\x01\x03\x00\x00\
\x00\x04f\xf4e\xb0\x08\x00\x00\x00\x00\x06\x00\x00\x00\x07\
Refresh\x07\x00\x00\x00\x0fSche\
duleTaskTab\x01\x03\x00\x00\x00\
\x12f\xf4e\xb00kY1eW0W0~0\
W0_\x08\x00\x00\x00\x00\x06\x00\x00\x00\x0eRef\
resh failed\x07\x00\x00\x00\x0f\
ScheduleTaskTab\x01\
\x03\x00\x00\x00\x120\xb90\xb10\xb80\xe50\xfc0\
\xeb0\xbf0\xb90\xaf\x08\x00\x00\x00\x00\x06\x00\x00\x00\
\x0eSchedule Tasks\x07\
\x00\x00\x00\x0fScheduleTask\
Tab\x01\x03\x00\x00\x00\x04b\x10R\x9f\x08\x00\x00\
\x00\x00\x06\x00\x00\x00\x07Success\x07\x00\
\x00\x00\x0fScheduleTaskT\
ab\x01\x03\x00\x00\x00\x160\xbf0\xb90\xaf0L\
O\x5cb\x100U0\x8c0~0W0_\x08\x00\
\x00\x00\x00\x06\x00\x00\x00\x19Task cre\
ated successfull\
y\x07\x00\x00\x00\x0fScheduleTa\
skTab\x01\x03\x00\x00\x00\x160\xbf0\xb90\
\xaf0LRJ\x96d0U0\x8c0~0W0\
_\x08\x00\x00\x00\x00\x06\x00\x00\x00\x19Task \
deleted successf\
ully\x07\x00\x00\x00\x0fSchedul\
eTaskTab\x01\x03\x00\x00\x00\x180\xbf\
0\xb90\xaf0Lq!R\xb90k0j0\x8a\
0~0W0_\x08\x00\x00\x00\x00\x06\x00\x00\x00\x0d\
Task disabled\x07\x00\x00\
\x00\x0fScheduleTaskTa\
b\x01\x03\x00\x00\x00\x180\xbf0\xb90\xaf0Lg\
\x09R\xb90k0j0\x8a0~0W0_\x08\
\x00\x00\x00\x00\x06\x00\x00\x00\x0cTask en\
abled\x07\x00\x00\x00\x0fSchedu\
leTaskTab\x01\x03\x00\x00\x00\x160\
\xbf0\xb90\xaf0LO\xeekc0U0\x8c0\
~0W0_\x08\x00\x00\x00\x00\x06\x00\x00\x00\x1aT\
ask modified suc\
cessfully\x07\x00\x00\x00\x0fSc\
heduleTaskTab\x01\x03\x00\
\x00\x00\x220\xad0\xe30\xc30\xb70\xe50k0\
\xbf0\xb90\xaf0L\x89\x8b0d0K0\x8a0\
~0[0\x93\x08\x00\x00\x00\x00\x06\x00\x00\x00\x17T\
ask not found in\
 cache\x07\x00\x00\x00\x0fSched\
uleTaskTab\x01\x03\x00\x00\x00\x16\
0\xbf0\xb90\xaf0Lf\xf4e\xb00U0\x8c\
0~0W0_\x08\x00\x00\x00\x00\x06\x00\x00\x00\x0f\
Tasks refreshed\x07\
\x00\x00\x00\x0fScheduleTask\
Tab\x01\x03\x00\x00\x00\x04d\xcdO\x5c\x08\x00\x00\
\x00\x00\x06\x00\x00\x00\x07Actions\x07\x00\
\x00\x00\x11ScheduleTaskT\
able\x01\x03\x00\x00\x00\x080\xab0\xb90\xbf\
0\xe0\x08\x00\x00\x00\x00\x06\x00\x00\x00\x06Cust\
om\x07\x00\x00\x00\x11ScheduleT\
askTable\x01\x03\x00\x00\x00\x04k\xce\
e\xe5\x08\x00\x00\x00\x00\x06\x00\x00\x00\x05Dail\
y\x07\x00\x00\x00\x11ScheduleTa\
skTable\x01\x03\x00\x00\x00\x04RJ\x96\
d\x08\x00\x00\x00\x00\x06\x00\x00\x00\x06Delet\
e\x07\x00\x00\x00\x11ScheduleTa\
skTable\x01\x03\x00\x00\x00\x04q!R\
\xb9\x08\x00\x00\x00\x00\x06\x00\x00\x00\x08Disab\
led\x07\x00\x00\x00\x11Schedule\
TaskTable\x01\x03\x00\x00\x00\x04g\
\x09R\xb9\x08\x00\x00\x00\x00\x06\x00\x00\x00\x07Ena\
bled\x07\x00\x00\x00\x11Schedul\
eTaskTable\x01\x03\x00\x00\x00\x04\
O\xeekc\x08\x00\x00\x00\x00\x06\x00\x00\x00\x06Mo\
dify\x07\x00\x00\x00\x11Schedul\
eTaskTable\x01\x03\x00\x00\x00\x04\
k\xceg\x08\x08\x00\x00\x00\x00\x06\x00\x00\x00\x07Mo\
nthly\x07\x00\x00\x00\x11Schedu\
leTaskTable\x01\x03\x00\x00\x00\
\x08k!V\xde[\x9f\x88L\x08\x00\x00\x00\x00\x06\x00\
\x00\x00\x08Next Run\x07\x00\x00\x00\x11\
ScheduleTaskTabl\
e\x01\x03\x00\x00\x00\x04N\x00V\xde\x08\x00\x00\x00\x00\
\x06\x00\x00\x00\x04Once\x07\x00\x00\x00\x11Sc\
heduleTaskTable\x01\
\x03\x00\x00\x00\x08n\x96P\x99[\x8cN\x86\x08\x00\x00\
\x00\x00\x06\x00\x00\x00\x05Ready\x07\x00\x00\x00\
\x11ScheduleTaskTab\
le\x01\x03\x00\x00\x00\x06[\x9f\x88LN-\x08\x00\
\x00\x00\x00\x06\x00\x00\x00\x07Running\x07\
\x00\x00\x00\x11ScheduleTask\
Table\x01\x03\x00\x00\x00\x04r\xb6aK\x08\
\x00\x00\x00\x00\x06\x00\x00\x00\x06Status\x07\
\x00\x00\x00\x11ScheduleTask\
Table\x01\x03\x00\x00\x00\x080\xbf0\xb90\
\xafT\x0d\x08\x00\x00\x00\x00\x06\x00\x00\x00\x09Tas\
k Name\x07\x00\x00\x00\x11Sched\
uleTaskTable\x01\x03\x00\x00\
\x00\x0e0\xc80\xea0\xac0\xfc0\xbf0\xa40\xd7\
\x08\x00\x00\x00\x00\x06\x00\x00\x00\x0cTrigge\
r Type\x07\x00\x00\x00\x11Sched\
uleTaskTable\x01\x03\x00\x00\
\x00\x04N\x0df\x0e\x08\x00\x00\x00\x00\x06\x00\x00\x00\x07\
Unknown\x07\x00\x00\x00\x11Sche\
duleTaskTable\x01\x03\x00\
\x00\x00\x04k\xce\x901\x08\x00\x00\x00\x00\x06\x00\x00\x00\
\x06Weekly\x07\x00\x00\x00\x11Sche\
duleTaskTable\x01\x03\x00\
\x00\x008\x00A\x00D\x00B\x00 \x00(0\xd00\
\xc30\xaf0\xb00\xe90\xa60\xf30\xc9[\xfe_\
\xdc0\x01ON\x90\x1f0\x01\x9a\xd8N\x92c\xdb`\
'0\x01\x9a\xd8\x90E^\xf6\x00)\x08\x00\x00\x00\x00\
\x06\x00\x00\x00@ADB(Support\
s Background, Sl\
ow, High Compati\
bility, High Lat\
ency)\x07\x00\x00\x00\x15Select\
CaptureListView\x01\
\x03\x00\x00\x00(\x00B\x00i\x00t\x00B\x00l\x00\
t\x00 \x00-\x00 g\x00\x90\x1f0\x01g\x000\
\x82N\x92c\xdb`'0LON0D\x08\x00\x00\
\x00\x00\x06\x00\x00\x00\x06BitBlt\x07\x00\x00\
\x00\x15SelectCaptureL\
istView\x01\x03\x00\x00\x00>\x00B\x00\
i\x00t\x00B\x00l\x00t\x00_\x00R\x00e\x00\
n\x00d\x00e\x00r\x00F\x00u\x00l\x00l\x00\
 \x00-\x00 \x90E0D0\x01g\x000\x82N\
\x92c\xdb`'0L\x9a\xd80D\x08\x00\x00\x00\x00\
\x06\x00\x00\x00\x11BitBlt_Rend\
erFull\x07\x00\x00\x00\x15Selec\
tCaptureListView\
\x01\x03\x00\x00\x00\x120\xd60\xe90\xa60\xb60\xad\
0\xe30\xd70\xc10\xe3\x08\x00\x00\x00\x00\x06\x00\x00\
\x00\x0fBrowser Captur\
e\x07\x00\x00\x00\x15SelectCapt\
ureListView\x01\x03\x00\x00\x00\
.\x00D\x00X\x00G\x00I\x00 \x00-\x00 g\
\x000\x82\x90E0D0\x010\xd00\xc30\xaf0\
\xa20\xc30\xd70h0W0fO\x7fu(\x08\
\x00\x00\x00\x00\x06\x00\x00\x00\x04DXGI\x07\x00\x00\
\x00\x15SelectCaptureL\
istView\x01\x03\x00\x00\x00<0\xa80\
\xdf0\xe50\xec0\xfc0\xbf0\xa60\xa30\xf30\
\xc90\xa6\x00(0\xd00\xc30\xaf0\xb00\xe90\
\xa60\xf30\xc9[\xfe_\xdc0\x01\x9a\xd8\x90\x1f0\
\x01ON\x90E^\xf6\x00)\x08\x00\x00\x00\x00\x06\x00\
\x00\x007Emulator Wind\
ow(Supports Back\
ground, Fast, Lo\
w Latency)\x07\x00\x00\x00\x15S\
electCaptureList\
View\x01\x03\x00\x00\x00\x100\xb20\xfc0\xe0\
0\xa60\xa30\xf30\xc90\xa6\x08\x00\x00\x00\x00\x06\
\x00\x00\x00\x0bGame Window\x07\
\x00\x00\x00\x15SelectCaptur\
eListView\x01\x03\x00\x00\x002\x00\
I\x00P\x00C\x00 \x00(\x00M\x00u\x00M\x00\
u\x00P\x00l\x00a\x00y\x00e\x00r\x001\x00\
2\x00 \x00v\x004\x00.\x000N\xe5N\x0a\x00\
)\x08\x00\x00\x00\x00\x06\x00\x00\x00!Ipc (\
MuMuPlayer12 ver\
sion >= 4.0)\x07\x00\x00\x00\
\x15SelectCaptureLi\
stView\x01\x03\x00\x00\x00 \x00W\x00G\
\x00C\x00 \x00-\x00 \x00>\x00=\x00W\x00i\
\x00n\x001\x0000\x01\x9a\xd8\x90\x1f\x08\x00\x00\x00\
\x00\x06\x00\x00\x00\x03WGC\x07\x00\x00\x00\x15Se\
lectCaptureListV\
iew\x01\x03\x00\x00\x002\x00A\x00D\x00B\x00\
I\x00n\x00t\x00e\x00r\x00a\x00c\x00t\x00\
i\x00o\x00n\x00 \x00-\x00 0\xd00\xc30\
\xaf0\xb00\xe90\xa60\xf30\xc9\x08\x00\x00\x00\x00\
\x06\x00\x00\x00\x0eADBInteract\
ion\x07\x00\x00\x00\x19SelectIn\
teractionListVie\
w\x01\x03\x00\x00\x00:\x00B\x00r\x00o\x00w\x00\
s\x00e\x00r\x00I\x00n\x00t\x00e\x00r\x00\
a\x00c\x00t\x00i\x00o\x00n\x00 \x00-\x00\
 0\xd00\xc30\xaf0\xb00\xe90\xa60\xf30\
\xc9\x08\x00\x00\x00\x00\x06\x00\x00\x00\x12Brows\
erInteraction\x07\x00\x00\
\x00\x19SelectInteract\
ionListView\x01\x03\x00\x00\x00\
J\x00G\x00e\x00n\x00s\x00h\x00i\x00n\x00\
 \x00-\x00 0\xd00\xc30\xaf0\xb00\xe90\
\xa60\xf30\xc90\x01N\x00\x90\xe80n\x00 \x00\
U\x00n\x00i\x00t\x00y\x00 0\xb20\xfc0\
\xe00\x920\xb50\xdd0\xfc0\xc8\x08\x00\x00\x00\x00\
\x06\x00\x00\x00\x07Genshin\x07\x00\x00\x00\
\x19SelectInteracti\
onListView\x01\x03\x00\x00\x00L\
\x00P\x00o\x00s\x00t\x00M\x00e\x00s\x00s\
\x00a\x00g\x00e\x00 \x00-\x00 0\xd00\xc3\
0\xaf0\xb00\xe90\xa60\xf30\xc90\x010{\
0h0\x930i0n0\xa20\xd70\xea0h\
N\x00\x90\xe80n0\xb20\xfc0\xe0\x08\x00\x00\x00\
\x00\x06\x00\x00\x00\x0bPostMessag\
e\x07\x00\x00\x00\x19SelectInte\
ractionListView\x01\
\x03\x00\x00\x00D\x00P\x00y\x00D\x00i\x00r\x00\
e\x00c\x00t\x00 \x00-\x00 0\xd50\xa90\
\xa20\xb00\xe90\xa60\xf30\xc90\x01\x00P\x00\
y\x00n\x00p\x00u\x00t\x00 0n0\xd00\
\xc30\xaf0\xa20\xc30\xd7\x08\x00\x00\x00\x00\x06\x00\
\x00\x00\x08PyDirect\x07\x00\x00\x00\x19\
SelectInteractio\
nListView\x01\x03\x00\x00\x004\x00\
P\x00y\x00n\x00p\x00u\x00t\x00 \x00-\x00\
 0\xd50\xa90\xa20\xb00\xe90\xa60\xf30\
\xc90\x01g\x000\x82N\x92c\xdb`'0L\x9a\
\xd80D\x08\x00\x00\x00\x00\x06\x00\x00\x00\x06Pyn\
put\x07\x00\x00\x00\x19SelectIn\
teractionListVie\
w\x01\x03\x00\x00\x00\x04i\x82\x89\x81\x08\x00\x00\x00\x00\
\x06\x00\x00\x00\x05About\x07\x00\x00\x00\x0aS\
ettingTab\x01\x03\x00\x00\x00\x0a0\
\xa20\xd70\xea\x8a-[\x9a\x08\x00\x00\x00\x00\x06\x00\
\x00\x00\x0aApp Config\x07\x00\x00\
\x00\x0aSettingTab\x01\x03\x00\x00\
\x00\x0a0\xa20\xd70\xea\x8a-[\x9a\x08\x00\x00\x00\
\x00\x06\x00\x00\x00\x0cApp Settin\
gs\x07\x00\x00\x00\x0aSettingTa\
b\x01\x03\x00\x00\x00\x0e0\xa20\xd70\xea0n0\
\xc60\xfc0\xde\x08\x00\x00\x00\x00\x06\x00\x00\x00\x11A\
pplication Theme\
\x07\x00\x00\x00\x0aSettingTab\x01\
\x03\x00\x00\x00\x1c0\xa20\xd70\xea0\xb10\xfc0\
\xb70\xe70\xf30nY\x16\x89\xb30\x92Y\x09f\
\xf4\x08\x00\x00\x00\x00\x06\x00\x00\x00(Chang\
e the appearance\
 of the applicat\
ion\x07\x00\x00\x00\x0aSettingT\
ab\x01\x03\x00\x00\x00\x120\xa20\xc30\xd70\xc7\
0\xfc0\xc80\x92x\xba\x8a\x8d\x08\x00\x00\x00\x00\x06\
\x00\x00\x00\x0cCheck update\
\x07\x00\x00\x00\x0aSettingTab\x01\
\x03\x00\x00\x00\x1e\x8a-[\x9a0oQ\x8d\x8dwR\
\xd5_\x8c0kg\x09R\xb90k0j0\x8a0\
~0Y\x08\x00\x00\x00\x00\x06\x00\x00\x00(Con\
figuration takes\
 effect after re\
start\x07\x00\x00\x00\x0aSettin\
gTab\x01\x03\x00\x00\x00\x060\xc00\xfc0\xaf\
\x08\x00\x00\x00\x00\x06\x00\x00\x00\x04Dark\x07\x00\
\x00\x00\x0aSettingTab\x01\x03\x00\
\x00\x00J\x00P\x00y\x00Q\x00t\x00-\x00F\x00\
l\x00u\x00e\x00n\x00t\x00-\x00W\x00i\x00\
d\x00g\x00e\x00t\x00s0ne\xb0j_\x80\
\xfd0\x92vz\x89\x8b0W0\x01_yz\xcb0\
d0\xd20\xf30\xc80\x92[f0v\x08\x00\x00\
\x00\x00\x06\x00\x00\x00EDiscover \
new features and\
 learn useful ti\
ps about PyQt-Fl\
uent-Widgets\x07\x00\x00\x00\
\x0aSettingTab\x01\x03\x00\x00\x00\
\x060\xd80\xeb0\xd7\x08\x00\x00\x00\x00\x06\x00\x00\x00\
\x04Help\x07\x00\x00\x00\x0aSettin\
gTab\x01\x03\x00\x00\x00\x04\x8a\x00\x8a\x9e\x08\x00\
\x00\x00\x00\x06\x00\x00\x00\x08Language\
\x07\x00\x00\x00\x0aSettingTab\x01\
\x03\x00\x00\x00\x060\xe90\xa40\xc8\x08\x00\x00\x00\x00\
\x06\x00\x00\x00\x05Light\x07\x00\x00\x00\x0aS\
ettingTab\x01\x03\x00\x00\x00\x120\
\xd80\xeb0\xd70\xda0\xfc0\xb80\x92\x95\x8b0\
O\x08\x00\x00\x00\x00\x06\x00\x00\x00\x0eOpen \
help page\x07\x00\x00\x00\x0aSe\
ttingTab\x01\x03\x00\x00\x00\x0eQ*\
QH\x8a\x00\x8a\x9e0\x92\x8a-[\x9a\x08\x00\x00\x00\
\x00\x06\x00\x00\x00\x1bSet your p\
referred languag\
e\x07\x00\x00\x00\x0aSettingTab\
\x01\x03\x00\x00\x00\x14\x00U\x00I0nQ*QH\
\x8a\x00\x8a\x9e0\x92\x8a-[\x9a\x08\x00\x00\x00\x00\x06\
\x00\x00\x00\x22Set your pre\
ferred language \
for UI\x07\x00\x00\x00\x0aSetti\
ngTab\x01\x03\x00\x00\x00\x04\x8a-[\x9a\x08\
\x00\x00\x00\x00\x06\x00\x00\x00\x08Setting\
s\x07\x00\x00\x00\x0aSettingTab\
\x01\x03\x00\x00\x00\x14kc^80kf\xf4e\xb0\
0U0\x8c0~0W0_\x08\x00\x00\x00\x00\x06\
\x00\x00\x00\x14Updated succ\
essfully\x07\x00\x00\x00\x0aSet\
tingTab\x01\x03\x00\x00\x00\x120\xb70\
\xb90\xc60\xe0\x8a-[\x9a0\x92O\x7fu(\x08\
\x00\x00\x00\x00\x06\x00\x00\x00\x12Use sys\
tem setting\x07\x00\x00\x00\x0a\
SettingTab\x01\x03\x00\x00\x00\x0a\
0\xd00\xfc0\xb80\xe70\xf3\x08\x00\x00\x00\x00\x06\
\x00\x00\x00\x07Version\x07\x00\x00\x00\x0a\
SettingTab\x01\x03\x00\x00\x00\x0e\
0Y0y0fN\x00fBP\x5ckb\x08\x00\
\x00\x00\x00\x06\x00\x00\x00\x09Pause Al\
l\x07\x00\x00\x00\x0bStartButto\
n\x01\x03\x00\x00\x00\x0a0Y0y0f\x95\x8bY\
\xcb\x08\x00\x00\x00\x00\x06\x00\x00\x00\x09Start\
 All\x07\x00\x00\x00\x0bStartBu\
tton\x01\x03\x00\x00\x00\x0a0\xad0\xe30\xd7\
0\xc10\xe3\x08\x00\x00\x00\x00\x06\x00\x00\x00\x07Ca\
pture\x07\x00\x00\x00\x09StartC\
ard\x01\x03\x00\x00\x00\x14\x00E\x00x\x00p\x00\
e\x00d\x00i\x00t\x00i\x00o\x00n\x08\x00\x00\
\x00\x00\x06\x00\x00\x00\x0aExpeditio\
n\x07\x00\x00\x00\x09StartCard\x01\
\x03\x00\x00\x00\x120\xed0\xb00\x920\xa80\xaf0\
\xb90\xdd0\xfc0\xc8\x08\x00\x00\x00\x00\x06\x00\x00\x00\
\x0bExport Logs\x07\x00\x00\x00\
\x09StartCard\x01\x03\x00\x00\x00 \
0\xb20\xfc0\xe00\xa60\xa30\xf30\xc90\xa6\
0LR\x07e\xad0U0\x8c0~0W0_\
\x08\x00\x00\x00\x00\x06\x00\x00\x00\x18Game W\
indow Disconnect\
ed\x07\x00\x00\x00\x09StartCard\
\x01\x03\x00\x00\x00\x140\xa40\xf30\xb90\xc80\xfc\
0\xeb0\xd50\xa90\xeb0\xc0\x08\x00\x00\x00\x00\x06\
\x00\x00\x00\x0eInstall Fold\
er\x07\x00\x00\x00\x09StartCard\
\x01\x03\x00\x00\x00\x08N\x00fBP\x5ckb\x08\x00\
\x00\x00\x00\x06\x00\x00\x00\x05Pause\x07\x00\x00\
\x00\x09StartCard\x01\x03\x00\x00\x00\
@N\x00fBP\x5ckb\x00:\x00 \x00P\x00\
CrH0\xb20\xfc0\xe00\xa60\xa30\xf30\
\xc90\xa60og\x00RM\x97b0k0B0\
\x8b_\xc5\x89\x810L0B0\x8a0~0Y\xff\
\x01\x08\x00\x00\x00\x00\x06\x00\x00\x00(Pause\
d: PC Game Windo\
w Must Be in Fro\
nt!\x07\x00\x00\x00\x09StartCar\
d\x01\x03\x00\x00\x00\x04f\xf4e\xb0\x08\x00\x00\x00\x00\
\x06\x00\x00\x00\x07Refresh\x07\x00\x00\x00\
\x09StartCard\x01\x03\x00\x00\x00\x06\
[\x9f\x88LN-\x08\x00\x00\x00\x00\x06\x00\x00\x00\x07\
Running\x07\x00\x00\x00\x09Star\
tCard\x01\x03\x00\x00\x00\x0e\x00S\x00t\x00\
a\x00m\x00i\x00n\x00a\x08\x00\x00\x00\x00\x06\x00\
\x00\x00\x07Stamina\x07\x00\x00\x00\x09S\
tartCard\x01\x03\x00\x00\x00\x04\x95\x8b\
Y\xcb\x08\x00\x00\x00\x00\x06\x00\x00\x00\x05Star\
t\x07\x00\x00\x00\x09StartCard\x01\
\x03\x00\x00\x00\x0c0\xb20\xfc0\xe00\x92\x95\x8bY\
\xcb\x08\x00\x00\x00\x00\x06\x00\x00\x00\x0aStart\
 Game\x07\x00\x00\x00\x09StartC\
ard\x01\x03\x00\x00\x00\x0c\x8dwR\xd5N-\x00\
.\x00.\x00.\x08\x00\x00\x00\x00\x06\x00\x00\x00\x0bS\
tarting...\x07\x00\x00\x00\x09S\
tartCard\x01\x03\x00\x00\x00\x10\x00T\
\x00r\x00a\x00i\x00n\x00i\x00n\x00g\x08\x00\
\x00\x00\x00\x06\x00\x00\x00\x08Training\
\x07\x00\x00\x00\x09StartCard\x01\x03\
\x00\x00\x00\x100\xbf0\xb90\xaf0\x920\xc80\xea\
0\xac0\xfc\x08\x00\x00\x00\x00\x06\x00\x00\x00\x0dTr\
igger Tasks\x07\x00\x00\x00\x09\
StartCard\x01\x03\x00\x00\x00\x1c0\
\xbf0\xb90\xaf0\x92\x90xb\x9e0W0f\x95\
\x8bY\xcb0\x92_\x85j_N-\x08\x00\x00\x00\x00\
\x06\x00\x00\x00\x1eWaiting for\
 task to be enab\
led\x07\x00\x00\x00\x09StartCar\
d\x01\x03\x00\x00\x00L0\x010\xb20\xfc0\xe00\
\xa60\xa30\xf30\xc90\xa60Lg\x00\x5c\x0fS\
\x160\x010\xea0\xb50\xa40\xba0\x010~0\
_0ou;\x97bY\x160k0j0D0\
Kx\xba\x8a\x8d0W0f0O0`0U0\
D0\x02\x08\x00\x00\x00\x00\x06\x00\x00\x00?, c\
heck if game win\
dows is minimize\
d, resized or ou\
t of screen.\x07\x00\x00\x00\
\x0fStartController\
\x01\x03\x00\x00\x0080\x010\xb50\xdd0\xfc0\xc8\
0U0\x8c0f0D0\x8bg\x00\x5c\x0f\x89\xe3\
P\xcf^\xa60o\x00{\x00m\x00i\x00n\x00_\
\x00s\x00i\x00z\x00e\x00}0g0Y\x08\x00\
\x00\x00\x00\x06\x00\x00\x00,, the su\
pported min reso\
lution is {min_s\
ize}\x07\x00\x00\x00\x0fStartCo\
ntroller\x01\x03\x00\x00\x00@0\x01\
0\xb50\xdd0\xfc0\xc80U0\x8c0f0D\
0\x8bk\xd4s\x870o\x00{\x00s\x00u\x00p\
\x00p\x00o\x00r\x00t\x00e\x00d\x00_\x00r\
\x00a\x00t\x00i\x00o\x00}0g0Y\x08\x00\
\x00\x00\x00\x06\x00\x00\x00*, the su\
pported ratio is\
 {supported_rati\
o}\x07\x00\x00\x00\x0fStartCont\
roller\x01\x03\x00\x00\x00.\x81\xeaR\xd5\
\x00H\x00D\x00R0Lg\x09R\xb90g0Y\
0\x020~0Zq!R\xb90k0W0f\
0O0`0U0D0\x02\x08\x00\x00\x00\x00\x06\
\x00\x00\x00.Auto HDR is \
enabled, please \
turn it off firs\
t.\x07\x00\x00\x00\x0fStartCont\
roller\x01\x03\x00\x00\x00@\x81\xeaR\xd5\
\x00H\x00D\x00R0Lg\x09R\xb90g0Y\
0\x020\xbf0\xb90\xaf0Lkc^80k\
R\xd5O\x5c0W0j0DS\xef\x80\xfd`'\
0L0B0\x8a0~0Y\xff\x01\x08\x00\x00\x00\
\x00\x06\x00\x00\x004Auto HDR i\
s enabled, tasks\
 might not work \
correctly!\x07\x00\x00\x00\x0fS\
tartController\x01\x03\
\x00\x00\x00N0\xb20\xfc0\xe00\x92\x95\x8bY\xcb\
0g0M0~0[0\x930\x020\xb20\xfc\
0\xe00L0\xa40\xf30\xb90\xc80\xfc0\xeb\
0U0\x8c0f0D0\x8b0S0h0\x92\
x\xba\x8a\x8d0W0f0O0`0U0D\
0\x02\x08\x00\x00\x00\x00\x06\x00\x00\x001Can'\
t start game, ma\
ke sure the game\
 is installed\x07\x00\x00\
\x00\x0fStartControlle\
r\x01\x03\x00\x00\x00>0\xad0\xe30\xd70\xc10\
\xe30kY1eW0W0~0W0_0\
\x020\xb20\xfc0\xe00\xa60\xa30\xf30\xc90\
\xa60\x92x\xba\x8a\x8d0W0f0O0`0\
U0D0\x02\x08\x00\x00\x00\x00\x06\x00\x00\x00(C\
apture failed, p\
lease check game\
 window\x07\x00\x00\x00\x0fStar\
tController\x01\x03\x00\x00\x00\
F0\xa80\xdf0\xe50\xec0\xfc0\xbf0Lc\
\xa5}\x9a0U0\x8c0f0D0~0[0\
\x930\x020~0Z0\xa80\xdf0\xe50\xec0\
\xfc0\xbf0\x92\x8dwR\xd50W0f0O0\
`0U0D\xff\x01\x08\x00\x00\x00\x00\x06\x00\x00\x00\
4Emulator is not\
 connected, star\
t the emulator f\
irst!\x07\x00\x00\x00\x0fStartC\
ontroller\x01\x03\x00\x00\x00\x16\x00\
G\x00P\x00U\x00 0\xc90\xe90\xa40\xd00\
\xfc\x8bfTJ\x08\x00\x00\x00\x00\x06\x00\x00\x00\x12G\
PU Driver Warnin\
g\x07\x00\x00\x00\x0fStartContr\
oller\x01\x03\x00\x00\x0080\xb20\xfc0\
\xe00\xd10\xb90L[XW(0W0~0\
[0\x930\x02bKR\xd50g0\xb20\xfc0\
\xe00\x92\x95\x8b0D0f0O0`0U0\
D\xff\x01\x08\x00\x00\x00\x00\x06\x00\x00\x004Gam\
e path does not \
exist, Please op\
en game manually\
!\x07\x00\x00\x00\x0fStartContr\
oller\x01\x03\x00\x00\x00<0\xb20\xfc0\
\xe0\x89\xe3P\xcf^\xa6\x00{\x00r\x00e\x00s\x00\
o\x00l\x00u\x00t\x00i\x00o\x00n\x00}0\
o0\xb50\xdd0\xfc0\xc80U0\x8c0f0\
D0~0[0\x93\x08\x00\x00\x00\x00\x06\x00\x00\x00\
-Game resolution\
 {resolution} is\
 not supported\x07\x00\
\x00\x00\x0fStartControll\
er\x01\x03\x00\x00\x00zu;P\xcf0\xea0\xbd\
0\xfc0\xb90n\x8a\xad0\x7f\x8f\xbc0\x7f0k\
Y1eW0W0~0W0_0\x02Q\x8d\
0\xa40\xf30\xb90\xc80\xfc0\xeb0W0f\
0\x7f0f0O0`0U0D0\x02\xff\x08\
0\xa20\xd70\xea0\x920\xc00\xa60\xf30\xed\
0\xfc0\xc90\xd50\xa90\xeb0\xc00kQe\
0\x8c0j0D0g0O0`0U0D\
\xff\x09\x08\x00\x00\x00\x00\x06\x00\x00\x00\x5cImag\
e resource load \
failed, please t\
ry install again\
.(Don't put the \
app in Downloads\
 folder)\x07\x00\x00\x00\x0fSta\
rtController\x01\x03\x00\x00\
\x00\x1c0\xb20\xfc0\xe00L\x90xb\x9e0U\
0\x8c0f0D0~0[0\x93\xff\x01\x08\x00\
\x00\x00\x00\x06\x00\x00\x00\x11No game \
selected!\x07\x00\x00\x00\x0fSt\
artController\x01\x03\x00\
\x00\x00L\x00P\x00CrH0k0o{\xa1t\
\x06\x80\x05j)\x96P0L_\xc5\x89\x810g0\
Y0\x020S0n0\xa20\xd70\xea0\x92{\
\xa1t\x06\x80\x05j)\x96P0gQ\x8d\x8dwR\
\xd50W0f0O0`0U0D\xff\x01\x08\
\x00\x00\x00\x00\x06\x00\x00\x00TPC vers\
ion requires adm\
in privileges, P\
lease restart th\
is app with admi\
n privileges!\x07\x00\x00\
\x00\x0fStartControlle\
r\x01\x03\x00\x00\x00h\x89\xe3P\xcf^\xa6\x00{\x00\
r\x00e\x00s\x00o\x00l\x00u\x00t\x00i\x00\
o\x00n\x00}0n0\xc10\xa70\xc30\xaf0\
kY1eW0W0~0W0_0\x02N\
\x00\x90\xe80n0\xbf0\xb90\xaf0Lkc^\
80kR\xd5O\x5c0W0j0DS\xef\x80\
\xfd`'0L0B0\x8a0~0Y\xff\x01\x08\
\x00\x00\x00\x00\x06\x00\x00\x00JResolut\
ion {resolution}\
 check failed, s\
ome tasks might \
not work correct\
ly!\x07\x00\x00\x00\x0fStartCon\
troller\x01\x03\x00\x00\x00J\x90xb\
\x9e0U0\x8c0_0\xad0\xe30\xd70\xc10\
\xe3e\xb9l\xd50o0\x010\xb20\xfc0\xe00\
~0_0o0\xb70\xb90\xc60\xe00g0\
\xb50\xdd0\xfc0\xc80U0\x8c0f0D0\
~0[0\x93\xff\x01\x08\x00\x00\x00\x00\x06\x00\x00\x00\
DSelected captur\
e method is not \
supported by the\
 game or your sy\
stem!\x07\x00\x00\x00\x0fStartC\
ontroller\x01\x03\x00\x00\x00@0\
\xb20\xfc0\xe00n\x8dwR\xd50kY1e\
W0W0~0W0_0\x020~0Zb\
KR\xd50g0\xb20\xfc0\xe00\x92\x8dwR\
\xd50W0f0O0`0U0D0\x02\x08\
\x00\x00\x00\x00\x06\x00\x00\x00*Start g\
ame failed, plea\
se start game fi\
rst\x07\x00\x00\x00\x0fStartCon\
troller\x01\x03\x00\x00\x00\x1c\x8dwR\
\xd50L0\xbf0\xa40\xe00\xa20\xa60\xc80\
W0~0W0_\xff\x01\x08\x00\x00\x00\x00\x06\x00\
\x00\x00\x13Start game ti\
meout!\x07\x00\x00\x00\x0fStart\
Controller\x01\x03\x00\x00\x00X\
0\xa60\xa30\xf30\xc90\xa60Lg\x00\x5c\x0f\
S\x160U0\x8c0f0D0\x8b0Ku;\
\x97bY\x160k0B0\x8a0~0Y0\x02\
c\x92N\xd6Qhu;\x97b0\xe20\xfc0\xc9\
0oO\x7fu(0W0j0D0g0O\
0`0U0D\xff\x01\x08\x00\x00\x00\x00\x06\x00\x00\
\x00KWindow is mini\
mized or out of \
screen, and do N\
OT use full-scre\
en exclusive!\x07\x00\x00\
\x00\x0fStartControlle\
r\x01\x03\x00\x00\x00X0\xa60\xa30\xf30\xc90\
\xa60Lg\x00\x5c\x0fS\x160U0\x8c0f0\
D0\x8b0Ku;\x97bY\x160k0B0\
\x8a0~0Y0\x02c\x92N\xd6Qhu;\x97\
b0\xe20\xfc0\xc90oO\x7fu(0W0\
j0D0g0O0`0U0D\xff\x01\x08\
\x00\x00\x00\x00\x06\x00\x00\x00OWindow \
is minimized or \
out of screen, a\
nd don't use ful\
l-screen exclusi\
ve mode!\x07\x00\x00\x00\x0fSta\
rtController\x01\x03\x00\x00\
\x00>\x00W\x00i\x00n\x00d\x00o\x00w\x00s\
0nY\x1c\x95\x930\xe20\xfc0\xc90Lg\x09\
R\xb90g0Y0\x020~0Zq!R\xb9\
0k0W0f0O0`0U0D0\x02\
\x08\x00\x00\x00\x00\x06\x00\x00\x009Window\
s night light is\
 enabled, please\
 turn it off fir\
st.\x07\x00\x00\x00\x0fStartCon\
troller\x01\x03\x00\x00\x00P\x00W\x00\
i\x00n\x00d\x00o\x00w\x00s0nY\x1c\x95\
\x930\xe20\xfc0\xc90Lg\x09R\xb90g0\
Y0\x020\xbf0\xb90\xaf0Lkc^80\
kR\xd5O\x5c0W0j0DS\xef\x80\xfd`\
'0L0B0\x8a0~0Y\xff\x01\x08\x00\x00\
\x00\x00\x06\x00\x00\x00?Windows n\
ight light is en\
abled, tasks mig\
ht not work corr\
ectly!\x07\x00\x00\x00\x0fStart\
Controller\x01\x03\x00\x00\x00^\
\x00{\x00v\x00e\x00n\x00d\x00o\x00r\x00}\
\x00 \x00{\x00f\x00e\x00a\x00t\x00u\x00r\
\x00e\x00}\x00 0Lg\x09R\xb90k0j\
0c0f0J0\x8a0\x01\x8a\xa4R\xd5O\x5c\
0nS\x9fV\xe00k0j0\x8bS\xef\x80\xfd\
`'0L0B0\x8a0~0Y\xff\x01\x08\x00\
\x00\x00\x00\x06\x00\x00\x009{vendor}\
 {feature} is en\
abled and may ca\
use malfunctions\
!\x07\x00\x00\x00\x0fStartContr\
oller\x01\x03\x00\x00\x00N\x00{\x00}0\
Lc\xa5}\x9a0U0\x8c0f0D0~0\
[0\x930\x020\xb20\xfc0\xe00\xa60\xa30\
\xf30\xc90\xa60h0\xad0\xe30\xd70\xc10\
\xe3e\xb9l\xd50\x92\x90xb\x9e0W0f0\
O0`0U0D0\x02\x08\x00\x00\x00\x00\x06\x00\
\x00\x003{} is not con\
nected, please s\
elect the game w\
indow.\x07\x00\x00\x00\x0fStart\
Controller\x01\x03\x00\x00\x00\x08\
0\xed0\xfc0\xc9N-\x08\x00\x00\x00\x00\x06\x00\x00\
\x00\x07Loading\x07\x00\x00\x00\x12St\
artLoadingDialog\
\x01\x03\x00\x00\x00>\x8dwR\xd5N-0\x01\x00{\
\x00s\x00e\x00c\x00o\x00n\x00d\x00s\x00_\
\x00l\x00e\x00f\x00t\x00}y\xd2_\x8c0k\
0\xbf0\xa40\xe00\xa20\xa60\xc80W0~\
0Y0\x02\x08\x00\x00\x00\x00\x06\x00\x00\x00/St\
arting, timeout \
after {seconds_l\
eft} seconds.\x07\x00\x00\
\x00\x12StartLoadingDi\
alog\x01\x03\x00\x00\x00\x0e\x00A\x00n\x00d\
\x00r\x00o\x00i\x00d\x08\x00\x00\x00\x00\x06\x00\x00\
\x00\x07Android\x07\x00\x00\x00\x08St\
artTab\x01\x03\x00\x00\x00\x0a0\xad0\xe3\
0\xd70\xc10\xe3\x08\x00\x00\x00\x00\x06\x00\x00\x00\x07\
Capture\x07\x00\x00\x00\x08Star\
tTab\x01\x03\x00\x00\x00\x0e0\xad0\xe30\xd7\
0\xc10\xe3e\xb9l\xd5\x08\x00\x00\x00\x00\x06\x00\x00\
\x00\x0eCapture Method\
\x07\x00\x00\x00\x08StartTab\x01\x03\x00\
\x00\x00\x0ed\xcdO\x5ce\xb9l\xd50n\x90xb\
\x9e\x08\x00\x00\x00\x00\x06\x00\x00\x00\x12Choos\
e Interaction\x07\x00\x00\
\x00\x08StartTab\x01\x03\x00\x00\x00\x10\
0\xa60\xa30\xf30\xc90\xa60\x92\x90xb\x9e\
\x08\x00\x00\x00\x00\x06\x00\x00\x00\x0dChoose\
 Window\x07\x00\x00\x00\x08Star\
tTab\x01\x03\x00\x00\x00\x08c\xa5}\x9an\x08\
0\x7f\x08\x00\x00\x00\x00\x06\x00\x00\x00\x09Conn\
ected\x07\x00\x00\x00\x08StartT\
ab\x01\x03\x00\x00\x00\x080\xc70\xd00\xc30\xb0\
\x08\x00\x00\x00\x00\x06\x00\x00\x00\x05Debug\x07\
\x00\x00\x00\x08StartTab\x01\x03\x00\x00\
\x00\x140\xc70\xd00\xc30\xb00\xaa0\xfc0\xd0\
0\xfc0\xec0\xa4\x08\x00\x00\x00\x00\x06\x00\x00\x00\x0d\
Debug Overlay\x07\x00\x00\
\x00\x08StartTab\x01\x03\x00\x00\x00\x10\
0\xdc0\xc30\xaf0\xb90\x92q!R\xb9S\x16\
\x08\x00\x00\x00\x00\x06\x00\x00\x00\x0dDisabl\
e Boxes\x07\x00\x00\x00\x08Star\
tTab\x01\x03\x00\x00\x00\x04R\x07e\xad\x08\x00\
\x00\x00\x00\x06\x00\x00\x00\x0cDisconne\
cted\x07\x00\x00\x00\x08StartTa\
b\x01\x03\x00\x00\x00\x0c0\xa80\xdf0\xe50\xec0\
\xfc0\xbf\x08\x00\x00\x00\x00\x06\x00\x00\x00\x08Emu\
lator\x07\x00\x00\x00\x08StartT\
ab\x01\x03\x00\x00\x00\x100\xdc0\xc30\xaf0\xb9\
0\x92g\x09R\xb9S\x16\x08\x00\x00\x00\x00\x06\x00\x00\
\x00\x0cEnable Boxes\x07\x00\
\x00\x00\x08StartTab\x01\x03\x00\x00\x00\
\x120\xed0\xb00\x920\xa80\xaf0\xb90\xdd0\
\xfc0\xc8\x08\x00\x00\x00\x00\x06\x00\x00\x00\x0bExp\
ort Logs\x07\x00\x00\x00\x08Sta\
rtTab\x01\x03\x00\x00\x00\x180\xaa0\xfc0\
\xd00\xfc0\xec0\xa40n0\xed0\xb00\x92\x96\
\xa00Y\x08\x00\x00\x00\x00\x06\x00\x00\x00\x13Hid\
e Log on Overlay\
\x07\x00\x00\x00\x08StartTab\x01\x03\x00\
\x00\x00\x140\xa40\xf30\xb90\xc80\xfc0\xeb0\
\xd50\xa90\xeb0\xc0\x08\x00\x00\x00\x00\x06\x00\x00\x00\
\x0eInstall Folder\x07\
\x00\x00\x00\x08StartTab\x01\x03\x00\x00\
\x00\x0e0\xed0\xb00\xd50\xa90\xeb0\xc00\xfc\
\x08\x00\x00\x00\x00\x06\x00\x00\x00\x0aLog Fo\
lder\x07\x00\x00\x00\x08StartTa\
b\x01\x03\x00\x00\x00\x0a\x00O\x00C\x00R\x8a\x8d\x8b\
X\x08\x00\x00\x00\x00\x06\x00\x00\x00\x03OCR\x07\x00\
\x00\x00\x08StartTab\x01\x03\x00\x00\x00\
.\x00O\x00C\x00R\x8a\x8d\x8bX}Pg\x9c\x00\
(0\xed0\xb0\x8a\x18\x932\x00)\x00:\x00 \x00\
{\x00r\x00e\x00s\x00u\x00l\x00t\x00}\x08\
\x00\x00\x00\x00\x06\x00\x00\x00\x1eOCR suc\
cess (Logged): {\
result}\x07\x00\x00\x00\x08Star\
tTab\x01\x03\x00\x00\x00\x0a0\xed0\xb00\x92\
\x95\x8b0O\x08\x00\x00\x00\x00\x06\x00\x00\x00\x09Op\
en Logs\x07\x00\x00\x00\x08Star\
tTab\x01\x03\x00\x00\x00\x04\x00P\x00C\x08\x00\
\x00\x00\x00\x06\x00\x00\x00\x02PC\x07\x00\x00\x00\x08S\
tartTab\x01\x03\x00\x00\x00\x06f\xf4e\
\xb0N-\x08\x00\x00\x00\x00\x06\x00\x00\x00\x0aRef\
reshing\x07\x00\x00\x00\x08Star\
tTab\x01\x03\x00\x00\x00\x1c0\xb90\xaf0\xea\
0\xfc0\xf30\xb70\xe70\xc30\xc80\xd50\xa9\
0\xeb0\xc00\xfc\x08\x00\x00\x00\x00\x06\x00\x00\x00\x11\
Screenshot Folde\
r\x07\x00\x00\x00\x08StartTab\x01\x03\
\x00\x00\x00\x180\xaa0\xfc0\xd00\xfc0\xec0\xa4\
0k0\xed0\xb00\x92\x88hy:\x08\x00\x00\x00\
\x00\x06\x00\x00\x00\x13Show Log o\
n Overlay\x07\x00\x00\x00\x08St\
artTab\x01\x03\x00\x00\x00\x0a0\xed0\xb0\
0\x92\x88hy:\x08\x00\x00\x00\x00\x06\x00\x00\x00\x08\
View Log\x07\x00\x00\x00\x08Sta\
rtTab\x01\x03\x00\x00\x00R\x00N\x00P\x00\
Uc\xa8\x8a\xd60\xa80\xe90\xfc0\x02\x00I\x00\
n\x00t\x00e\x00l\x00 \x00N\x00P\x00U0\
\xc90\xe90\xa40\xd00\xfc0\x92f\xf4e\xb00\
Y0\x8b_\xc5\x89\x810L0B0\x8b0K0\
\x820W0\x8c0~0[0\x930\x02\x08\x00\x00\
\x00\x00\x06\x00\x00\x00CNPU infer\
ring Error, you \
might need to up\
date the Intel N\
PU driver!\x07\x00\x00\x00\x04T\
ask\x01\x03\x00\x00\x00\x060\xa80\xe90\xfc\x08\
\x00\x00\x00\x00\x06\x00\x00\x00\x05Error\x07\x00\
\x00\x00\x0bTaskButtons\x01\x03\
\x00\x00\x00Z0\xb20\xfc0\xe00\xa60\xa30\xf3\
0\xc90\xa60Lc\xa5}\x9a0U0\x8c0f\
0D0~0[0\x930\x020\xb20\xfc0\xe0\
0\xa60\xa30\xf30\xc90\xa60h0\xad0\xe3\
0\xd70\xc10\xe3e\xb9l\xd50\x92\x90xb\x9e\
0W0f0O0`0U0D0\x02\x08\x00\
\x00\x00\x00\x06\x00\x00\x00OGame win\
dow is not conne\
cted, please sel\
ect the game win\
dow and capture \
method.\x07\x00\x00\x00\x0bTask\
Buttons\x01\x03\x00\x00\x00\x08N\x00f\
BP\x5ckb\x08\x00\x00\x00\x00\x06\x00\x00\x00\x05P\
ause\x07\x00\x00\x00\x0bTaskBut\
tons\x01\x03\x00\x00\x00\x04Q\x8d\x95\x8b\x08\x00\
\x00\x00\x00\x06\x00\x00\x00\x06Resume\x07\x00\
\x00\x00\x0bTaskButtons\x01\x03\
\x00\x00\x00\x04\x95\x8bY\xcb\x08\x00\x00\x00\x00\x06\x00\x00\
\x00\x05Start\x07\x00\x00\x00\x0bTask\
Buttons\x01\x03\x00\x00\x00\x04P\x5ck\
b\x08\x00\x00\x00\x00\x06\x00\x00\x00\x04Stop\x07\
\x00\x00\x00\x0bTaskButtons\x01\
\x03\x00\x00\x00\x1ag,_S0k\x00{\x00}0\
\x92RJ\x96d0W0~0Y0K\xff\x1f\x08\
\x00\x00\x00\x00\x06\x00\x00\x00\x22Are you\
 sure you want t\
o delete {}\x07\x00\x00\x00\x08\
TaskCard\x01\x03\x00\x00\x00\x04RJ\
\x96d\x08\x00\x00\x00\x00\x06\x00\x00\x00\x06Dele\
te\x07\x00\x00\x00\x08TaskCard\x01\
\x03\x00\x00\x00\x0c0\xbf0\xb90\xaf0\x92RJ\x96\
d\x08\x00\x00\x00\x00\x06\x00\x00\x00\x0bDelet\
e Task\x07\x00\x00\x00\x08TaskC\
ard\x01\x03\x00\x00\x00\x04q!R\xb9\x08\x00\x00\
\x00\x00\x06\x00\x00\x00\x08Disabled\x07\
\x00\x00\x00\x08TaskCard\x01\x03\x00\x00\
\x00\x04}\xe8\x96\xc6\x08\x00\x00\x00\x00\x06\x00\x00\x00\x04\
Edit\x07\x00\x00\x00\x08TaskCar\
d\x01\x03\x00\x00\x00\x04g\x09R\xb9\x08\x00\x00\x00\x00\
\x06\x00\x00\x00\x07Enabled\x07\x00\x00\x00\
\x08TaskCard\x01\x03\x00\x00\x00\x08O\
\x7fu(\x8a\xacf\x0e\x08\x00\x00\x00\x00\x06\x00\x00\x00\
\x0cInstructions\x07\x00\x00\
\x00\x08TaskCard\x01\x03\x00\x00\x00\x08\
N\x00fBP\x5ckb\x08\x00\x00\x00\x00\x06\x00\x00\
\x00\x05Pause\x07\x00\x00\x00\x08Task\
Card\x01\x03\x00\x00\x00\x0e\x8a-[\x9a0\x92\
0\xea0\xbb0\xc30\xc8\x08\x00\x00\x00\x00\x06\x00\x00\
\x00\x0cReset Config\x07\x00\
\x00\x00\x08TaskCard\x01\x03\x00\x00\x00\
\x04Q\x8d\x95\x8b\x08\x00\x00\x00\x00\x06\x00\x00\x00\x06R\
esume\x07\x00\x00\x00\x08TaskCa\
rd\x01\x03\x00\x00\x00\x04\x95\x8bY\xcb\x08\x00\x00\x00\
\x00\x06\x00\x00\x00\x05Start\x07\x00\x00\x00\x08\
TaskCard\x01\x03\x00\x00\x00\x04P\x5c\
kb\x08\x00\x00\x00\x00\x06\x00\x00\x00\x04Stop\
\x07\x00\x00\x00\x08TaskCard\x01\x03\x00\
\x00\x00,\x00{\x00t\x00a\x00s\x00k\x00_\x00\
n\x00a\x00m\x00e\x00}\x00 0\xbf0\xb90\
\xaf0n[\x8cN\x860\x92_\x85j_N-\x08\
\x00\x00\x00\x00\x06\x00\x00\x00,Waiting\
 for {task_name}\
 task to be comp\
leted\x07\x00\x00\x00\x08TaskCa\
rd\x01\x03\x00\x00\x00\x06q!R\xb9S\x16\x08\x00\
\x00\x00\x00\x06\x00\x00\x00\x07Disable\x07\
\x00\x00\x00\x0cTaskOpButton\
\x01\x03\x00\x00\x00\x06g\x09R\xb9S\x16\x08\x00\x00\x00\
\x00\x06\x00\x00\x00\x06Enable\x07\x00\x00\x00\
\x0cTaskOpButton\x01\x03\x00\
\x00\x00\x100\xa60\xa30\xf30\xc90\xa60\x92\x90\
xb\x9e\x08\x00\x00\x00\x00\x06\x00\x00\x00\x0dCho\
ose Window\x07\x00\x00\x00\x07T\
askTab\x01\x03\x00\x00\x00\x04[\x8cN\x86\
\x08\x00\x00\x00\x00\x06\x00\x00\x00\x09Comple\
ted\x07\x00\x00\x00\x07TaskTab\x01\
\x03\x00\x00\x00\x0c0\xbf0\xb90\xaf0\x92O\x5cb\
\x10\x08\x00\x00\x00\x00\x06\x00\x00\x00\x0bCreat\
e Task\x07\x00\x00\x00\x07TaskT\
ab\x01\x03\x00\x00\x00\x04`\xc5X1\x08\x00\x00\x00\
\x00\x06\x00\x00\x00\x04Info\x07\x00\x00\x00\x07T\
askTab\x01\x03\x00\x00\x00\x06[\x9f\x88L\
N-\x08\x00\x00\x00\x00\x06\x00\x00\x00\x07Runn\
ing\x07\x00\x00\x00\x07TaskTab\x01\
\x03\x00\x00\x00\x08}L\x90NfB\x95\x93\x08\x00\x00\
\x00\x00\x06\x00\x00\x00\x0cTime Elap\
sed\x07\x00\x00\x00\x07TaskTab\x01\
\x03\x00\x00\x00\x02P$\x08\x00\x00\x00\x00\x06\x00\x00\x00\
\x05Value\x07\x00\x00\x00\x07TaskT\
ab\x01\x03\x00\x00\x00\x0a0\xad0\xe30\xf30\xbb\
0\xeb\x08\x00\x00\x00\x00\x06\x00\x00\x00\x06Canc\
el\x07\x00\x00\x00\x13TemplateI\
nputDialog\x01\x03\x00\x00\x00\x04\
x\xba\x8a\x8d\x08\x00\x00\x00\x00\x06\x00\x00\x00\x07Co\
nfirm\x07\x00\x00\x00\x13Templa\
teInputDialog\x01\x03\x00\
\x00\x00&\x00'\x00{\x00}\x00'\x00 0\x92R\
J\x96d0W0f0\x820\x880\x8d0W0\
D0g0Y0K\xff\x1f\x08\x00\x00\x00\x00\x06\x00\
\x00\x00%Are you sure \
you want to dele\
te '{}'?\x07\x00\x00\x00\x0bTem\
plateTab\x01\x03\x00\x00\x00\x0a0\xad\
0\xe30\xf30\xbb0\xeb\x08\x00\x00\x00\x00\x06\x00\x00\
\x00\x06Cancel\x07\x00\x00\x00\x0bTem\
plateTab\x01\x03\x00\x00\x00\x0aRJ\
\x96d0nx\xba\x8a\x8d\x08\x00\x00\x00\x00\x06\x00\x00\
\x00\x0eConfirm Delete\
\x07\x00\x00\x00\x0bTemplateTab\
\x01\x03\x00\x00\x00\x04RJ\x96d\x08\x00\x00\x00\x00\x06\
\x00\x00\x00\x06Delete\x07\x00\x00\x00\x0bT\
emplateTab\x01\x03\x00\x00\x00$\
0\xd50\xec0\xfc0\xe00n0\xad0\xe30\xd7\
0\xc10\xe30kY1eW0W0~0W\
0_0\x02\x08\x00\x00\x00\x00\x06\x00\x00\x00\x18Fa\
iled to capture \
frame.\x07\x00\x00\x00\x0bTempl\
ateTab\x01\x03\x00\x00\x00\x180\xe90\xd9\
0\xebR\x17c\x190\xd50\xa10\xa40\xeb0\x92\
u\x1fb\x10\x08\x00\x00\x00\x00\x06\x00\x00\x00\x18Ge\
nerate label enu\
m file\x07\x00\x00\x00\x0bTempl\
ateTab\x01\x03\x00\x00\x00\x16u;P\xcf\
0LRJ\x96d0U0\x8c0~0W0_\
0\x02\x08\x00\x00\x00\x00\x06\x00\x00\x00\x0eImag\
e deleted.\x07\x00\x00\x00\x0bT\
emplateTab\x01\x03\x00\x00\x00D\
q!R\xb90jv\xf8[\xfe0\xd10\xb90g\
0Y0\x02O\x8b\x00:\x00 \x00o\x00k\x00_\
\x00t\x00a\x00s\x00k\x00s\x00/\x00L\x00a\
\x00b\x00e\x00l\x00E\x00n\x00u\x00m\x00.\
\x00p\x00y\x08\x00\x00\x00\x00\x06\x00\x00\x005In\
valid relative p\
ath. Example: ok\
_tasks/LabelEnum\
.py\x07\x00\x00\x00\x0bTemplate\
Tab\x01\x03\x00\x00\x00\x04j\x19l\xe8\x08\x00\x00\
\x00\x00\x06\x00\x00\x00\x06Markup\x07\x00\x00\
\x00\x0bTemplateTab\x01\x03\x00\
\x00\x00\x1aO\xdd[X0Y0\x8bj\x19l\xe80\
L0B0\x8a0~0[0\x930\x02\x08\x00\x00\
\x00\x00\x06\x00\x00\x00\x17No annota\
tions to save.\x07\x00\
\x00\x00\x0bTemplateTab\x01\x03\
\x00\x00\x00>0\xad0\xe30\xd70\xc10\xe3e\xb9\
l\xd50L0B0\x8a0~0[0\x930\x02\
QH0k0\xad0\xe30\xd70\xc10\xe30\x92\
\x95\x8bY\xcb0W0f0O0`0U0D\
0\x02\x08\x00\x00\x00\x00\x06\x00\x00\x008No c\
apture method av\
ailable. Please \
start capture fi\
rst.\x07\x00\x00\x00\x0bTemplat\
eTab\x01\x03\x00\x00\x00\x180\xc60\xf30\xd7\
0\xec0\xfc0\xc80L0B0\x8a0~0[\
0\x93\x08\x00\x00\x00\x00\x06\x00\x00\x00\x10No t\
emplates yet\x07\x00\x00\x00\
\x0bTemplateTab\x01\x03\x00\x00\
\x00\x04\x00O\x00K\x08\x00\x00\x00\x00\x06\x00\x00\x00\x02\
OK\x07\x00\x00\x00\x0bTemplateT\
ab\x01\x03\x00\x00\x0000\xd10\xb90o0\xef\
0\xfc0\xaf0\xb90\xda0\xfc0\xb90n0\xeb\
0\xfc0\xc80K0\x890nv\xf8[\xfe0\xd1\
0\xb90g0Y0\x02\x08\x00\x00\x00\x00\x06\x00\x00\
\x00'Path is relati\
ve to the worksp\
ace root.\x07\x00\x00\x00\x0bTe\
mplateTab\x01\x03\x00\x00\x00<v\
\xf8[\xfe0\xd10\xb9\xff\x08O\x8b\x00:\x00 \x00\
o\x00k\x00_\x00t\x00a\x00s\x00k\x00s\x00\
/\x00L\x00a\x00b\x00e\x00l\x00E\x00n\x00\
u\x00m\x00.\x00p\x00y\xff\x09\x08\x00\x00\x00\x00\
\x06\x00\x00\x00)Relative pa\
th, e.g. ok_task\
s/LabelEnum.py\x07\x00\
\x00\x00\x0bTemplateTab\x01\x03\
\x00\x00\x00\x04O\xdd[X\x08\x00\x00\x00\x00\x06\x00\x00\
\x00\x04Save\x07\x00\x00\x00\x0bTempl\
ateTab\x01\x03\x00\x00\x00\x06O\xdd[X\
QH\x08\x00\x00\x00\x00\x06\x00\x00\x00\x07Save\
 To\x07\x00\x00\x00\x0bTemplate\
Tab\x01\x03\x00\x00\x00\x1ckc^80kO\
\xdd[X0U0\x8c0~0W0_\x00:\x00\
 \x00{\x00}\x08\x00\x00\x00\x00\x06\x00\x00\x00\x22S\
ave completed su\
ccessfully to: {\
}\x07\x00\x00\x00\x0bTemplateTa\
b\x01\x03\x00\x00\x00\x120\xb90\xaf0\xea0\xfc0\
\xf30\xb70\xe70\xc30\xc8\x08\x00\x00\x00\x00\x06\x00\
\x00\x00\x0aScreenshot\x07\x00\x00\
\x00\x0bTemplateTab\x01\x03\x00\
\x00\x00(0\xb90\xaf0\xea0\xfc0\xf30\xb70\
\xe70\xc30\xc80\x92O\xdd[X0W0~0\
W0_\x00:\x00 \x00{\x00}\x08\x00\x00\x00\x00\
\x06\x00\x00\x00\x14Screenshot \
saved: {}\x07\x00\x00\x00\x0bTe\
mplateTab\x01\x03\x00\x00\x00\x1eT\
\x0dRM0~0_0o0\xab0\xc60\xb40\
\xea0gi\x1c}\x22\x00.\x00.\x00.\x08\x00\x00\
\x00\x00\x06\x00\x00\x00\x1dSearch by\
 name or categor\
y...\x07\x00\x00\x00\x0bTemplat\
eTab\x01\x03\x00\x00\x00\x04b\x10R\x9f\x08\x00\
\x00\x00\x00\x06\x00\x00\x00\x07Success\x07\
\x00\x00\x00\x0bTemplateTab\x01\
\x03\x00\x00\x00\x180\xb90\xaf0\xea0\xfc0\xf30\
\xb70\xe70\xc30\xc80\x92d\xae0\x8b\x08\x00\x00\
\x00\x00\x06\x00\x00\x00\x0fTake Scre\
enshot\x07\x00\x00\x00\x0bTempl\
ateTab\x01\x03\x00\x00\x00&\x00a\x00s\
\x00s\x00e\x00t\x00s\x00 \x00(0\xb90\xbf\
0\xf30\xc90\xa20\xed0\xf30\xa20\xd70\xea\
\x00)\x08\x00\x00\x00\x00\x06\x00\x00\x00\x17asse\
ts (standalone a\
pp)\x07\x00\x00\x00\x0bTemplate\
Tab\x01\x03\x00\x00\x006\x00o\x00k\x00_\x00\
t\x00a\x00s\x00k\x00s\x00/\x00a\x00s\x00\
s\x00e\x00t\x00s\x00 \x00(0\xab0\xb90\
\xbf0\xe00\xb90\xaf0\xea0\xd70\xc8\x00)\x08\
\x00\x00\x00\x00\x06\x00\x00\x00 ok_task\
s/assets (custom\
 scripts)\x07\x00\x00\x00\x0bTe\
mplateTab\x01\x03\x00\x00\x00D\x00\
{\x00v\x00e\x00r\x00s\x00i\x00o\x00n\x00\
}\x00 \x00{\x00t\x00y\x00p\x00e\x00}0\
k0\xa20\xc30\xd70\xc70\xfc0\xc80W0\
f0\x820\x880\x8d0W0D0g0Y0\
K\xff\x1f\x08\x00\x00\x00\x00\x06\x00\x00\x004Are\
 you sure you wa\
nt to update to \
{version} {type}\
?\x07\x00\x00\x00\x0bVersionCar\
d\x01\x03\x00\x00\x00,0\xa20\xc30\xd70\xc70\
\xfc0\xc80nx\xba\x8a\x8dN-0k0\xa80\
\xe90\xfc0Lvzu\x1f0W0~0W0\
_\xff\x01\x08\x00\x00\x00\x00\x06\x00\x00\x00\x17Che\
ck for update er\
ror!\x07\x00\x00\x00\x0bVersion\
Card\x01\x03\x00\x00\x00\x120\xa20\xc30\xd7\
0\xc70\xfc0\xc80\x92x\xba\x8a\x8d\x08\x00\x00\x00\
\x00\x06\x00\x00\x00\x11Check for \
updates\x07\x00\x00\x00\x0bVers\
ionCard\x01\x03\x00\x00\x00\x140\xa20\
\xc30\xd70\xc70\xfc0\xc80\x92x\xba\x8a\x8dN\
-\x08\x00\x00\x00\x00\x06\x00\x00\x00\x14Check\
ing for updates\x07\
\x00\x00\x00\x0bVersionCard\x01\
\x03\x00\x00\x00\x080\xc70\xd00\xc30\xb0\x08\x00\x00\
\x00\x00\x06\x00\x00\x00\x05Debug\x07\x00\x00\x00\
\x0bVersionCard\x01\x03\x00\x00\
\x00<0\xc00\xa60\xf30\xed0\xfc0\xc9N-\
\x00:\x00 \x00{\x00p\x00r\x00o\x00g\x00r\
\x00e\x00s\x00s\x00}\x00 \x00{\x00p\x00e\
\x00r\x00c\x00e\x00n\x00t\x00}\x00%\x08\x00\
\x00\x00\x00\x06\x00\x00\x00!Download\
ing {progress} {\
percent}%\x07\x00\x00\x00\x0bVe\
rsionCard\x01\x03\x00\x00\x00\x22e\
\xb00W0D0\xd00\xfc0\xb80\xe70\xf30\
L\x89\x8b0d0K0\x8a0~0W0_\xff\
\x01\x08\x00\x00\x00\x00\x06\x00\x00\x00\x12Found\
 new version!\x07\x00\x00\
\x00\x0bVersionCard\x01\x03\x00\
\x00\x00\x04`\xc5X1\x08\x00\x00\x00\x00\x06\x00\x00\x00\
\x04Info\x07\x00\x00\x00\x0bVersio\
nCard\x01\x03\x00\x00\x00\x080\xea0\xea0\
\xfc0\xb9\x08\x00\x00\x00\x00\x06\x00\x00\x00\x07Rel\
ease\x07\x00\x00\x00\x0bVersion\
Card\x01\x03\x00\x00\x00\x1a0S0\x8c0o\
g\x00e\xb00\xd00\xfc0\xb80\xe70\xf30g\
0Y\xff\x01\x08\x00\x00\x00\x00\x06\x00\x00\x00\x1bTh\
is is the newest\
 version!\x07\x00\x00\x00\x0bVe\
rsionCard\x01\x03\x00\x00\x00\x12N\
\xca0Y0P0\xa20\xc30\xd70\xc70\xfc0\
\xc8\x08\x00\x00\x00\x00\x06\x00\x00\x00\x0aUpdat\
e Now\x07\x00\x00\x00\x0bVersio\
nCard\x01\x03\x00\x00\x00.\x00{\x00v\x00\
e\x00r\x00s\x00i\x00o\x00n\x00}\x00 \x00\
{\x00t\x00y\x00p\x00e\x00}0k0\xa20\
\xc30\xd70\xc70\xfc0\xc8\x08\x00\x00\x00\x00\x06\x00\
\x00\x00\x1aUpdate to {ve\
rsion} {type}\x07\x00\x00\
\x00\x0bVersionCard\x01\x03\x00\
\x00\x00\x080\xa20\xe90\xfc0\xc8\x08\x00\x00\x00\x00\
\x06\x00\x00\x00\x05Alert\x07\x00\x00\x00\x03a\
pp\x01\x03\x00\x00\x00$0Y0g0k0\xd0\
0\xfc0\xb80\xe70\xf30kf\xf4e\xb00U\
0\x8c0f0D0~0Y\x00:\x08\x00\x00\x00\
\x00\x06\x00\x00\x00\x1bAlready up\
dated to version\
:\x07\x00\x00\x00\x03app\x01\x03\x00\x00\x00 R\
%0n0\xa40\xf30\xb90\xbf0\xf30\xb90\
Le\xe20k[\x9f\x88LN-0g0Y\x08\
\x00\x00\x00\x00\x06\x00\x00\x00#Another\
 instance is alr\
eady running\x07\x00\x00\x00\
\x03app\x01\x03\x00\x00\x00\x100\xa20\xd70\xea\
0\xe90\xf30\xc10\xe30\xfc\x08\x00\x00\x00\x00\x06\
\x00\x00\x00\x0cApp Launcher\
\x07\x00\x00\x00\x03app\x01\x03\x00\x00\x00\x800\xa2\
0\xd70\xea0n\x8dwR\xd50\xa80\xe90\xfc\
0\x020\xa40\xf30\xb90\xc80\xfc0\xeb0\xd5\
0\xa90\xeb0\xc00\x92\x00W\x00i\x00n\x00d\
\x00o\x00w\x00s\x00 \x00D\x00e\x00f\x00e\
\x00n\x00d\x00e\x00r0n0\xdb0\xef0\xa4\
0\xc80\xea0\xb90\xc80k\x8f\xfdR\xa00W\
0fQ\x8d0\xa40\xf30\xb90\xc80\xfc0\xeb\
0W0f0O0`0U0D\x00:\x08\x00\
\x00\x00\x00\x06\x00\x00\x00fApp star\
tup error. Pleas\
e add the instal\
lation folder to\
 the Windows Def\
ender whitelist \
and reinstall:\x07\x00\
\x00\x00\x03app\x01\x03\x00\x00\x00\x04\x81\xeaR\xd5\
\x08\x00\x00\x00\x00\x06\x00\x00\x00\x04Auto\x07\x00\
\x00\x00\x03app\x01\x03\x00\x00\x00\x1e0\xb20\xfc\
0\xe00\xa60\xa30\xf30\xc90\xa60n\x81\xea\
R\xd50\xea0\xb50\xa40\xba\x08\x00\x00\x00\x00\x06\
\x00\x00\x00\x17Auto Resize \
Game Window\x07\x00\x00\x00\x03\
app\x01\x03\x00\x00\x00\x100\xb20\xfc0\xe00\
\x92\x81\xeaR\xd5\x8dwR\xd5\x08\x00\x00\x00\x00\x06\x00\
\x00\x00\x0fAuto Start Ga\
me\x07\x00\x00\x00\x03app\x01\x03\x00\x00\x00\x1e\
0\xa20\xd70\xea\x8dwR\xd5fB0k0\xb2\
0\xfc0\xe00\x92\x81\xeaR\xd5\x8dwR\xd5\x08\x00\
\x00\x00\x00\x06\x00\x00\x00\x1fAuto Sta\
rt Game When App\
 Starts\x07\x00\x00\x00\x03app\x01\
\x03\x00\x00\x00 \x00{\x00a\x00p\x00p\x00_\x00\
n\x00a\x00m\x00e\x00}\x00 0\x92\x81\xeaR\
\xd5\x8dwR\xd5\x08\x00\x00\x00\x00\x06\x00\x00\x00\x15A\
uto Start {app_n\
ame}\x07\x00\x00\x00\x03app\x01\x03\x00\x00\
\x00\x08\x81\xeaR\xd5f\xf4e\xb0\x08\x00\x00\x00\x00\x06\
\x00\x00\x00\x0bAuto Update\x07\
\x00\x00\x00\x03app\x01\x03\x00\x00\x00\x220\xb20\
\xfc0\xe00L}BN\x860W0_0_0\
\x81\x81\xeaR\xd5}BN\x860W0~0Y\x08\
\x00\x00\x00\x00\x06\x00\x00\x00\x1dAuto ex\
it because game \
exited\x07\x00\x00\x00\x03app\x01\x03\
\x00\x00\x00\x18\x81\xeaR\xd5f\xf4e\xb0\xff\x080\xd7\
0\xec0\xea0\xea0\xfc0\xb9\xff\x09\x08\x00\x00\x00\
\x00\x06\x00\x00\x00\x1eAutomatic \
Update (Pre-rele\
ase)\x07\x00\x00\x00\x03app\x01\x03\x00\x00\
\x00\x1c\x81\xeaR\xd5f\xf4e\xb0\xff\x08kc_\x0f\
0\xea0\xea0\xfc0\xb90n0\x7f\xff\x09\x08\x00\
\x00\x00\x00\x06\x00\x00\x00\x1eAutomati\
c Update(Release\
 Only)\x07\x00\x00\x00\x03app\x01\x03\
\x00\x00\x00\x0eW\xfag,0\xaa0\xd70\xb70\xe7\
0\xf3\x08\x00\x00\x00\x00\x06\x00\x00\x00\x0dBasi\
c Options\x07\x00\x00\x00\x03ap\
p\x01\x03\x00\x00\x00\x080\xd90\xfc0\xbfrH\x08\
\x00\x00\x00\x00\x06\x00\x00\x00\x0cBeta Ve\
rsion\x07\x00\x00\x00\x03app\x01\x03\x00\
\x00\x00\x060|0K0W\x08\x00\x00\x00\x00\x06\x00\
\x00\x00\x04Blur\x07\x00\x00\x00\x03app\x01\
\x03\x00\x00\x00\x0e0\xde0\xb90\xafQ\xe6t\x06e\
\xb9_\x0f\x08\x00\x00\x00\x00\x06\x00\x00\x00\x0eBlu\
r Algorithm\x07\x00\x00\x00\x03\
app\x01\x03\x00\x00\x00<0\xb20\xfc0\xe0\x00\
 \x00U\x00I\x00D\x00 0j0i0\x920\
|0K0W0f\x00 \x00O\x00L\x00E\x00\
D\x00 0n[\xffT}0\x92^\xf60p0\
W0~0Y\x08\x00\x00\x00\x00\x06\x00\x00\x00&B\
lur Game UID etc\
 to enhance OLED\
 life\x07\x00\x00\x00\x03app\x01\x03\x00\
\x00\x00\x10\x90n\x85=0\xc10\xa70\xc30\xaf\x95\
\x93\x96\x94\x08\x00\x00\x00\x00\x06\x00\x00\x00\x0dBlu\
r Interval\x07\x00\x00\x00\x03a\
pp\x01\x03\x00\x00\x00&\x00p\x00y\x00t\x00h\
\x00o\x00n\x00 \x00v\x00e\x00n\x00v0L\
\x89\x8b0d0K0\x8a0~0[0\x93\x08\x00\
\x00\x00\x00\x06\x00\x00\x00\x16Can't fi\
nd python venv\x07\x00\
\x00\x00\x03app\x01\x03\x00\x00\x00\x0a0\xad0\xe3\
0\xf30\xbb0\xeb\x08\x00\x00\x00\x00\x06\x00\x00\x00\x06\
Cancel\x07\x00\x00\x00\x03app\x01\x03\
\x00\x00\x00\x180\xad0\xe30\xd70\xc10\xe30\xd5\
0\xec0\xfc0\xe00\xec0\xfc0\xc8\x08\x00\x00\x00\
\x00\x06\x00\x00\x00\x12Capture Fr\
ame Rate\x07\x00\x00\x00\x03app\
\x01\x03\x00\x00\x00\x0e0\xad0\xe30\xd70\xc10\xe3\
\x90E^\xf6\x08\x00\x00\x00\x00\x06\x00\x00\x00\x0fCa\
pture Latency\x07\x00\x00\
\x00\x03app\x01\x03\x00\x00\x00\x04N-V\xfd\x08\
\x00\x00\x00\x00\x06\x00\x00\x00\x05China\x07\x00\
\x00\x00\x03app\x01\x03\x00\x00\x0020\xe90\xf3\
0\xc10\xe30\xfc0Lf\xf4e\xb00\x920\xa4\
0\xf30\xb90\xc80\xfc0\xeb0Y0\x8be\xb9\
l\xd50\x92\x90xb\x9e0W0~0Y\x08\x00\
\x00\x00\x00\x06\x00\x00\x00(Choose h\
ow the launcher \
installs updates\
\x07\x00\x00\x00\x03app\x01\x03\x00\x00\x00\x160\xa2\
0\xd70\xea0\xe90\xf30\xc10\xe30\xfc0\x92\
\x8a-[\x9a\x08\x00\x00\x00\x00\x06\x00\x00\x00\x1aCo\
nfigure the app \
launcher\x07\x00\x00\x00\x03app\
\x01\x03\x00\x00\x00\x04x\xba\x8a\x8d\x08\x00\x00\x00\x00\x06\
\x00\x00\x00\x07Confirm\x07\x00\x00\x00\x03\
app\x01\x03\x00\x00\x00\x1e\x00v\x00e\x00n\x00\
v0nO\x5cb\x100kY1eW0W0\
~0W0_0\x02\x08\x00\x00\x00\x00\x06\x00\x00\x00\
\x13Create venv fai\
led.\x07\x00\x00\x00\x03app\x01\x03\x00\x00\
\x00\x1eO\x9d[X\x95\xa2O\xc20nRJ\x96d\
0kb\x10R\x9f0W0~0W0_\xff\x01\
\x08\x00\x00\x00\x00\x06\x00\x00\x00\x1cDelete\
 dependencies su\
ccess!\x07\x00\x00\x00\x03app\x01\x03\
\x00\x00\x00\x04\x8a:e\xad\x08\x00\x00\x00\x00\x06\x00\x00\
\x00\x09Diagnosis\x07\x00\x00\x00\x03\
app\x01\x03\x00\x00\x00\x0e0|0K0W0\
\x92g\x09R\xb9S\x16\x08\x00\x00\x00\x00\x06\x00\x00\x00\
\x0bEnable Blur\x07\x00\x00\x00\
\x03app\x01\x03\x00\x00\x00\x060\xa80\xe90\xfc\
\x08\x00\x00\x00\x00\x06\x00\x00\x00\x05Error\x07\
\x00\x00\x00\x03app\x01\x03\x00\x00\x00\x0e0\xbf0\
\xb90\xaf_\x8c0k}BN\x86\x08\x00\x00\x00\x00\
\x06\x00\x00\x00\x0fExit After \
Task\x07\x00\x00\x00\x03app\x01\x03\x00\x00\
\x00\x1e0\xb20\xfc0\xe0}BN\x86fB0k\
0\xa20\xd70\xea0\x82}BN\x860Y0\x8b\
\x08\x00\x00\x00\x00\x06\x00\x00\x00\x18Exit A\
pp when Game Exi\
ts\x07\x00\x00\x00\x03app\x01\x03\x00\x00\x00 \
0\xb20\xfc0\xe00L}BN\x860W0_\
0_0\x81}BN\x860W0~0W0_\
\x08\x00\x00\x00\x00\x06\x00\x00\x00\x18Exit b\
ecause game exit\
ed\x07\x00\x00\x00\x03app\x01\x03\x00\x00\x004\
0\xbf0\xb90\xaf0Lkc^80k[\x9f\
\x88L0U0\x8c0__\x8c0\x010\xb20\xfc\
0\xe00h0\xa20\xd70\xea0\x92}BN\x86\
0Y0\x8b\x08\x00\x00\x00\x00\x06\x00\x00\x00?Ex\
it the Game and \
the App after Su\
ccessfully Execu\
ting the Task\x07\x00\x00\
\x00\x03app\x01\x03\x00\x00\x00\x0c[\x9f\x88L_\
\x8c0k}BN\x86\x08\x00\x00\x00\x00\x06\x00\x00\x00\
\x14Exit_After_Exec\
ution\x07\x00\x00\x00\x03app\x01\x03\x00\
\x00\x00&0\xea0\xe20\xfc0\xc80\xd00\xfc0\
\xb80\xe70\xf30\xea0\xb90\xc80nS\xd6_\
\x970\xa80\xe90\xfc\xff\x01\x08\x00\x00\x00\x00\x06\x00\
\x00\x00 Fetch remote \
version list err\
or!\x07\x00\x00\x00\x03app\x01\x03\x00\x00\x00\
\x0c}\xcf0\xd50\xec0\xfc0\xe0ep\x08\x00\x00\
\x00\x00\x06\x00\x00\x00\x0bFrame Cou\
nt\x07\x00\x00\x00\x03app\x01\x03\x00\x00\x00\x0c\
0\xb20\xfc0\xe0\x89\xe3P\xcf^\xa6\x08\x00\x00\x00\
\x00\x06\x00\x00\x00\x0fGame Resol\
ution\x07\x00\x00\x00\x03app\x01\x03\x00\
\x00\x00\x0e0\xb20\xfc0\xe00\xb50\xa60\xf30\
\xc9\x08\x00\x00\x00\x00\x06\x00\x00\x00\x0aGame \
Sound\x07\x00\x00\x00\x03app\x01\x03\x00\
\x00\x00\x0a0\xb00\xed0\xfc0\xd00\xeb\x08\x00\x00\
\x00\x00\x06\x00\x00\x00\x06Global\x07\x00\x00\
\x00\x03app\x01\x03\x00\x00\x00\x0a0\xdb0\xc30\
\xc80\xad0\xfc\x08\x00\x00\x00\x00\x06\x00\x00\x00\x06H\
otKey\x07\x00\x00\x00\x03app\x01\x03\x00\
\x00\x00D0\xc80\xea0\xac0\xfc0\xbf0\xb90\
\xaf\x95\x930n\x90E^\xf60\x92X\x970\x840\
W0f\x00C\x00P\x00U\x00/\x00G\x00P\x00\
UO\x7fu(s\x870\x92RJn\x1b\x00(0\
\xdf0\xeay\xd2\x00)\x08\x00\x00\x00\x00\x06\x00\x00\x00\
JIncrease Delay \
between Trigger \
Tasks to Reduce \
CPU/GPU Usage(Mi\
lliseconds)\x07\x00\x00\x00\x03\
app\x01\x03\x00\x00\x00\x04`\xc5X1\x08\x00\x00\
\x00\x00\x06\x00\x00\x00\x04Info\x07\x00\x00\x00\x03\
app\x01\x03\x00\x00\x00\x0c0\xa40\xf30\xda0\
\xa40\xf30\xc8\x08\x00\x00\x00\x00\x06\x00\x00\x00\x07I\
npaint\x07\x00\x00\x00\x03app\x01\x03\
\x00\x00\x00bO\x9d[X\x95\xa2O\xc20n0\xa4\
0\xf30\xb90\xc80\xfc0\xeb0kY1eW\
0W0~0W0_0\x02f\xf4e\xb00\xbd\
0\xfc0\xb90\x92Y\x09f\xf40Y0\x8b0K\
0\x01[\x8cQhrH0\x92Q\x8d0\xc00\xa6\
0\xf30\xed0\xfc0\xc90W0f0O0`\
0U0D\xff\x01\x08\x00\x00\x00\x00\x06\x00\x00\x00]\
Install dependen\
cies failed, try\
 changing the up\
date source, or \
re-download the \
full version!\x07\x00\x00\
\x00\x03app\x01\x03\x00\x00\x00`0\xa40\xf30\
\xb90\xc80\xfc0\xeb0\xc70\xa30\xec0\xaf0\
\xc80\xea\x00{\x00p\x00a\x00t\x00h\x00}0\
o\x82\xf1[W0\xd10\xb90g0B0\x8b_\
\xc5\x89\x810L0B0\x8a0~0Y0\x02R\
%0n0\xd10\xb90ky\xfbR\xd50W0\
f0O0`0U0D0\x02\x08\x00\x00\x00\x00\
\x06\x00\x00\x00AInstall dir\
 {path} must be \
an English path,\
 move to another\
 path.\x07\x00\x00\x00\x03app\x01\x03\
\x00\x00\x00\x1c\x8dwR\xd5_\x8c0k0\xe90\xf3\
0\xc10\xe30\xfc0\x92}BN\x860Y0\x8b\
\x08\x00\x00\x00\x00\x06\x00\x00\x00\x19Kill L\
auncher After St\
art\x07\x00\x00\x00\x03app\x01\x03\x00\x00\x00\
\x0e\x00D\x00X\x001\x0010g\x8dwR\xd5\x08\
\x00\x00\x00\x00\x06\x00\x00\x00\x10Launch \
with DX11\x07\x00\x00\x00\x03ap\
p\x01\x03\x00\x00\x00\x0a0\xe90\xf30\xc10\xe30\
\xfc\x08\x00\x00\x00\x00\x06\x00\x00\x00\x08Launc\
her\x07\x00\x00\x00\x03app\x01\x03\x00\x00\x00\
\x08bKR\xd5f\xf4e\xb0\x08\x00\x00\x00\x00\x06\x00\
\x00\x00\x0dManual Update\
\x07\x00\x00\x00\x03app\x01\x03\x00\x00\x00\x060\xe1\
0\xe20\xea\x08\x00\x00\x00\x00\x06\x00\x00\x00\x06Me\
mory\x07\x00\x00\x00\x03app\x01\x03\x00\x00\
\x00\x1c\x8a-[\x9a\x98\x18W\xdf0\x92\x96\xa00Y\
0_0\x810nQ\xe6t\x06e\xb9_\x0f\x08\x00\
\x00\x00\x00\x06\x00\x00\x00'Method u\
sed to obscure c\
onfigured areas\x07\
\x00\x00\x00\x03app\x01\x03\x00\x00\x00,\x95\x890\
X0\x8bfB0k0\xa60\xa30\xf30\xc90\
\xa60\x920\xb70\xb90\xc60\xe00\xc80\xec0\
\xa40kg\x00\x5c\x0fS\x16\x08\x00\x00\x00\x00\x06\x00\
\x00\x00+Minimize Wind\
ow to System Tra\
y when Closing\x07\x00\
\x00\x00\x03app\x01\x03\x00\x00\x00$0\xd00\xc3\
0\xaf0\xb00\xe90\xa60\xf30\xc9fB0k\
0\xb20\xfc0\xe00\x920\xdf0\xe50\xfc0\xc8\
\x08\x00\x00\x00\x00\x06\x00\x00\x00\x1dMute G\
ame while in Bac\
kground\x07\x00\x00\x00\x03app\x01\
\x03\x00\x00\x00&e\xb00W0D0\xd00\xfc0\
\xb80\xe70\xf3\x00 \x00{\x00}\x00 0LR\
)u(S\xef\x80\xfd0g0Y\x08\x00\x00\x00\x00\
\x06\x00\x00\x00\x18New Version\
 {} Available\x07\x00\x00\
\x00\x03app\x01\x03\x00\x00\x00\x060D0D0\
H\x08\x00\x00\x00\x00\x06\x00\x00\x00\x02No\x07\x00\x00\
\x00\x03app\x01\x03\x00\x00\x00\x040j0W\x08\
\x00\x00\x00\x00\x06\x00\x00\x00\x04None\x07\x00\x00\
\x00\x03app\x01\x03\x00\x00\x00\x100\xc60\xad0\
\xb90\xc8\x8a\x8d\x8bX\x90E^\xf6\x08\x00\x00\x00\x00\
\x06\x00\x00\x00\x0bOCR Latency\
\x07\x00\x00\x00\x03app\x01\x03\x00\x00\x00\x100\xe9\
0\xf30\xc10\xe30\xfc0\x92\x95\x8b0O\x08\x00\
\x00\x00\x00\x06\x00\x00\x00\x0dOpen Lau\
ncher\x07\x00\x00\x00\x03app\x01\x03\x00\
\x00\x00(0\xa20\xd70\xea0\xe90\xf30\xc10\
\xe30\xfc0\x92\x95\x8b0D0ff\xf4e\xb00\
\x92{\xa1t\x060W0~0Y\x08\x00\x00\x00\x00\
\x06\x00\x00\x00'Open the ap\
p launcher to ma\
nage updates\x07\x00\x00\x00\
\x03app\x01\x03\x00\x00\x00\x04d\xcdO\x5c\x08\x00\
\x00\x00\x00\x06\x00\x00\x00\x09Operatio\
n\x07\x00\x00\x00\x03app\x01\x03\x00\x00\x00$0\
\xb20\xfc0\xe00L}BN\x860W0_0\
_0\x81N\x00fBP\x5ckb0W0~0\
W0_\x08\x00\x00\x00\x00\x06\x00\x00\x00\x1aPau\
sed because game\
 exited\x07\x00\x00\x00\x03app\x01\
\x03\x00\x00\x00<0\xb20\xfc0\xe00\xa60\xa30\
\xf30\xc90\xa60Lg\x00\x5c\x0fS\x160~0\
_0ou;\x97bY\x160n0_0\x81N\
\x00fBP\x5ckb0W0~0W0_\xff\
\x01\x08\x00\x00\x00\x00\x06\x00\x00\x009Pause\
d because game w\
indow is minimiz\
ed or out of scr\
een!\x07\x00\x00\x00\x03app\x01\x03\x00\x00\
\x00\x160\xd10\xd50\xa90\xfc0\xde0\xf30\xb9\
\x00 0\xc60\xb90\xc8\x08\x00\x00\x00\x00\x06\x00\x00\
\x00\x10Performance Te\
st\x07\x00\x00\x00\x03app\x01\x03\x00\x00\x00L\
\x00M\x00u\x00M\x00u\x00P\x00l\x00a\x00y\
\x00e\x00r0n\x8a-[\x9a0g0\xd00\xc3\
0\xaf0\xb00\xe90\xa60\xf30\xc90g0n\
R\xd5O\x5c}\xadc\x010\x920\xaa0\xd50k\
0W0f0O0`0U0D\x08\x00\x00\x00\
\x00\x06\x00\x00\x00CPlease tur\
n off enable bac\
kground keep ali\
ve in MuMuPlayer\
 settings\x07\x00\x00\x00\x03ap\
p\x01\x03\x00\x00\x00\x12Q\xe6t\x060\xd50\xec0\
\xfc0\xe00\xec0\xfc0\xc8\x08\x00\x00\x00\x00\x06\x00\
\x00\x00\x12Process Frame\
 Rate\x07\x00\x00\x00\x03app\x01\x03\x00\
\x00\x00$Q\xe6t\x06n\x080\x7f0\xaa0\xfc0\
\xd00\xfc0\xec0\xa40nf\xf4e\xb0\x95\x93\x96\
\x94\xff\x08y\xd2\xff\x09\x08\x00\x00\x00\x00\x06\x00\x00\x00\
)Seconds between\
 processed overl\
ay updates\x07\x00\x00\x00\x03a\
pp\x01\x03\x00\x00\x00\x06[\x89[\x9arH\x08\x00\
\x00\x00\x00\x06\x00\x00\x00\x0eStable V\
ersion\x07\x00\x00\x00\x03app\x01\x03\
\x00\x00\x00\x100\xa20\xd70\xea\x8dwR\xd5O\x8b\
Y\x16\x00:\x08\x00\x00\x00\x00\x06\x00\x00\x00\x14St\
art App Exceptio\
n:\x07\x00\x00\x00\x03app\x01\x03\x00\x00\x00\x10\
0\xc00\xa60\xf30\xed0\xfc0\xc9\x95\x8bY\xcb\
\x08\x00\x00\x00\x00\x06\x00\x00\x00\x11Start \
downloading\x07\x00\x00\x00\x03\
app\x01\x03\x00\x00\x0000\xed0\xb00\xa40\
\xf3fB0k0\xa20\xd70\xea0\xe90\xf30\
\xc10\xe30\xfc0\x92\x81\xeaR\xd5v\x840k\x8d\
wR\xd50W0~0Y\x08\x00\x00\x00\x00\x06\x00\
\x00\x001Start the lau\
ncher automatica\
lly when you sig\
n in\x07\x00\x00\x00\x03app\x01\x03\x00\x00\
\x00\x0a\x95\x8bY\xcb\x00/P\x5ckb\x08\x00\x00\x00\
\x00\x06\x00\x00\x00\x0aStart/Stop\
\x07\x00\x00\x00\x03app\x01\x03\x00\x00\x00\x04P\x5c\
kb\x08\x00\x00\x00\x00\x06\x00\x00\x00\x07Stop\
ped\x07\x00\x00\x00\x03app\x01\x03\x00\x00\x00\
:0\xbf0\xb90\xaf0Lkc^80k[\
\x9f\x88L0U0\x8c0~0W0_0\x020\
\xb20\xfc0\xe00h0\xa20\xd70\xea0\x92}\
BN\x860W0~0Y\xff\x01\x08\x00\x00\x00\x00\
\x06\x00\x00\x001Successfull\
y Executed Task,\
 Exiting Game an\
d App!\x07\x00\x00\x00\x03app\x01\x03\
\x00\x00\x002up0j0\x8b\x00 \x00W\x00i\
\x00n\x00d\x00o\x00w\x00s\x00 0\xad0\xe3\
0\xd70\xc10\xe3e\xb9_\x0f0\x92R\x070\x8a\
f\xff0H0\x8b\x08\x00\x00\x00\x00\x06\x00\x00\x000\
Switch between d\
ifferent Windows\
 capture methods\
\x07\x00\x00\x00\x03app\x01\x03\x00\x00\x000[\xfe\
\x8ca0\xa60\xa30\xf30\xc90\xa60g0\xa2\
0\xaf0\xc60\xa30\xd6\x00:\x00 \x932u;\
0\x92Q\x8d\x95\x8b0W0~0W0_\x08\x00\
\x00\x00\x00\x06\x00\x00\x00'Target w\
indow active: Re\
cording resumed\x07\
\x00\x00\x00\x03app\x01\x03\x00\x00\x006[\xfe\x8c\
a0\xa60\xa30\xf30\xc90\xa60g\x97^0\
\xa20\xaf0\xc60\xa30\xd6\x00:\x00 \x932u\
;0\x92N\x00fBP\x5ckb0W0~0\
W0_\x08\x00\x00\x00\x00\x06\x00\x00\x00(Tar\
get window inact\
ive: Recording p\
aused\x07\x00\x00\x00\x03app\x01\x03\x00\
\x00\x00\x100\xc60\xad0\xb90\xc8\x8a\x8d\x8bX}\
Pg\x9c\x08\x00\x00\x00\x00\x06\x00\x00\x00\x05Tex\
ts\x07\x00\x00\x00\x03app\x01\x03\x00\x00\x00,\
s\xfeW(0n0\xd00\xfc0\xb80\xe70\xf3\
\x00{\x00}0of\xf4e\xb00Y0\x8b_\xc5\
\x89\x810L0B0\x8a0~0Y\x08\x00\x00\x00\
\x00\x06\x00\x00\x00&The curren\
t version {} mus\
t be updated\x07\x00\x00\x00\
\x03app\x01\x03\x00\x00\x00\x0c0\xc80\xea0\xac\
0\xfc\x95\x93\x96\x94\x08\x00\x00\x00\x00\x06\x00\x00\x00\x10\
Trigger Interval\
\x07\x00\x00\x00\x03app\x01\x03\x00\x00\x00\x0af\xf4\
e\xb0Q\x85[\xb9\x00:\x08\x00\x00\x00\x00\x06\x00\x00\
\x00\x08Updates:\x07\x00\x00\x00\x03a\
pp\x01\x03\x00\x00\x00\x16\x00D\x00i\x00r\x00e\
\x00c\x00t\x00M\x00L0\x92O\x7fu(\x08\x00\
\x00\x00\x00\x06\x00\x00\x00\x0cUse Dire\
ctML\x07\x00\x00\x00\x03app\x01\x03\x00\x00\
\x00*0\xd10\xd50\xa90\xfc0\xde0\xf30\xb9\
T\x11N\x0a0n0_0\x810k\x00G\x00P\
\x00U0\x92O\x7fu(0Y0\x8b\x08\x00\x00\x00\
\x00\x06\x00\x00\x00\x1eUse GPU to\
 Improve Perform\
ance\x07\x00\x00\x00\x03app\x01\x03\x00\x00\
\x00\x0e0\xa60\xa30\xf30\xc90\xa6\x8a-[\x9a\
\x08\x00\x00\x00\x00\x06\x00\x00\x00\x0dWindow\
 Config\x07\x00\x00\x00\x03app\x01\
\x03\x00\x00\x00\x1e\x00W\x00i\x00n\x00d\x00o\x00\
w\x00s\x00 0\xad0\xe30\xd70\xc10\xe3e\
\xb9_\x0f\x08\x00\x00\x00\x00\x06\x00\x00\x00\x0fWin\
dows Capture\x07\x00\x00\x00\
\x03app\x01\x03\x00\x00\x00\x040o0D\x08\x00\
\x00\x00\x00\x06\x00\x00\x00\x03Yes\x07\x00\x00\x00\x03\
app\x01\x03\x00\x00\x00\x10\x00{\x00}\x00 0\
\xe90\xf30\xc10\xe30\xfc\x08\x00\x00\x00\x00\x06\x00\
\x00\x00\x0b{} Launcher\x07\x00\
\x00\x00\x03app\x01\
\x00\x00\x00\x99\
\x00\
\x00\x02\xb0x\xda\xf3\xcd\xcc\xcb\xcc\xcd\xacJu*-\
)\xc9\xcfS\xa8\xe6\xe5R\x00\x82\xc2\x82\xa2\xfc\x82\xd4\
\xa2\x92J\xdd\xbc\xfc\xa2\xdc\xc4\x1c\xe7\xfc\x9c\xfc\x22+\
\x85\xa4\x9c\xc4\xe4lk\xecJ\x9c\x80R\xe9E\xf9\xa5\
y)P\xc5%E\x89y\xc5\x05\x89E\xa9y%\x18\
Z2\xf2\xcbR\x8b\xf0\x1a\x0aV\x81afQzR\
\xa2\x86\x81\x8e\x02\x04\x19\x99ib\xe8+(J-.\
NM\xc1k6T\x0d\x01\xd3M\x0d5y\xb9jy\
\xb9@\xd07\xb1b4\x94\x08\x84\x92sN~1\xcd\
\x03\xa8\x16\x00Q\x5c\xe4~\
\x00\x00\x07\xda\
<\
?xml version=\x221.\
0\x22 encoding=\x22UTF\
-8\x22?>\x0d\x0a<!-- Uplo\
aded to: SVG Rep\
o, www.svgrepo.c\
om, Generator: S\
VG Repo Mixer To\
ols -->\x0d\x0a<svg wi\
dth=\x22800px\x22 heig\
ht=\x22800px\x22 viewB\
ox=\x220 -28.5 256 \
256\x22 version=\x221.\
1\x22 xmlns=\x22http:/\
/www.w3.org/2000\
/svg\x22\x0d\x0a     pres\
erveAspectRatio=\
\x22xMidYMid\x22>\x0d\x0a   \
 <g>\x0d\x0a        <p\
ath d=\x22M216.8563\
39,16.5966031 C2\
00.285002,8.8432\
8665 182.566144,\
3.2084988 164.04\
1564,0 C161.7665\
23,4.11318106 15\
9.108624,9.64549\
908 157.276099,1\
4.0464379 C137.5\
83995,11.0849896\
 118.072967,11.0\
849896 98.743016\
3,14.0464379 C96\
.9108417,9.64549\
908 94.1925838,4\
.11318106 91.897\
1895,0 C73.35260\
68,3.2084988 55.\
6133949,8.863991\
17 39.0420583,16\
.6376612 C5.6175\
2293,67.146514 -\
3.4433191,116.40\
0813 1.08711069,\
164.955721 C23.2\
560196,181.51091\
5 44.7403634,191\
.567697 65.86213\
25,198.148576 C7\
1.0772151,190.97\
1126 75.7283628,\
183.341335 79.73\
52139,175.300261\
 C72.104019,172.\
400575 64.794972\
4,168.822202 57.\
8887866,164.6679\
63 C59.7209612,1\
63.310589 61.513\
1304,161.891452 \
63.2445898,160.4\
31257 C105.36741\
,180.133187 151.\
134928,180.13318\
7 192.754523,160\
.431257 C194.506\
336,161.891452 1\
96.298154,163.31\
0589 198.110326,\
164.667963 C191.\
183787,168.84255\
6 183.854737,172\
.420929 176.2235\
42,175.320965 C1\
80.230393,183.34\
1335 184.861538,\
190.991831 190.0\
96624,198.16893 \
C211.238746,191.\
588051 232.74302\
3,181.531619 254\
.911949,164.9557\
21 C260.227747,1\
08.668201 245.83\
1087,59.8662432 \
216.856339,16.59\
66031 Z M85.4738\
752,135.09489 C7\
2.8290281,135.09\
489 62.4592217,1\
23.290155 62.459\
2217,108.914901 \
C62.4592217,94.5\
396472 72.607595\
,82.7145587 85.4\
738752,82.714558\
7 C98.3405064,82\
.7145587 108.709\
962,94.5189427 1\
08.488529,108.91\
4901 C108.508531\
,123.290155 98.3\
405064,135.09489\
 85.4738752,135.\
09489 Z M170.525\
237,135.09489 C1\
57.88039,135.094\
89 147.510584,12\
3.290155 147.510\
584,108.914901 C\
147.510584,94.53\
96472 157.658606\
,82.7145587 170.\
525237,82.714558\
7 C183.391518,82\
.7145587 193.761\
324,94.5189427 1\
93.539891,108.91\
4901 C193.539891\
,123.290155 183.\
391518,135.09489\
 170.525237,135.\
09489 Z\x22 fill=\x22#\
5865F2\x22 fill-rul\
e=\x22nonzero\x22>\x0d\x0a\x0d\x0a\
</path>\x0d\x0a    </g\
>\x0d\x0a</svg>\
\x00\x00\x01m\
S\
tatusBar {\x0d\x0a    \
background-color\
: white;\x0d\x0a    bo\
rder: 1px solid \
rgba(0, 0, 0, 0.\
06);\x0d\x0a    border\
-radius: 7px;\x0d\x0a}\
\x0d\x0a\x0d\x0aQLabel {\x0d\x0a  \
  color: black;\x0d\
\x0a    background-\
color: transpare\
nt;\x0d\x0a    font-fa\
mily: 'Segoe UI'\
, 'Microsoft YaH\
ei', 'PingFang S\
C';\x0d\x0a    border:\
 none;\x0d\x0a}\x0d\x0a\x0d\x0aQLa\
bel#titleLabel {\
\x0d\x0a    font-size:\
 14px;\x0d\x0a}\x0d\x0a\x0d\x0aQLa\
bel#contentLabel\
 {\x0d\x0a    font-siz\
e: 13px ;\x0d\x0a}\
\x00\x00\x01\x5c\
#\
titleLabel {\x0d\x0a  \
  color: black;\x0d\
\x0a    font: 14px \
'Segoe UI', 'Mic\
rosoft YaHei', '\
PingFang SC';\x0d\x0a \
   font-weight: \
bold;\x0d\x0a}\x0d\x0a\x0d\x0a#con\
tentLabel {\x0d\x0a   \
 color: rgb(96, \
96, 96);\x0d\x0a    fo\
nt: 12px 'Segoe \
UI', 'Microsoft \
YaHei', 'PingFan\
g SC';\x0d\x0a}\x0d\x0a\x0d\x0a#vi\
ewTitleLabel {\x0d\x0a\
    color: black\
;\x0d\x0a    font: 20p\
x \x22Segoe UI Semi\
Bold\x22, \x22Microsof\
t YaHei\x22, 'PingF\
ang SC';\x0d\x0a}\
\x00\x00\x02\x02\
<\
?xml version=\x221.\
0\x22 encoding=\x22UTF\
-8\x22 standalone=\x22\
no\x22?>\x0d\x0a<!-- Uplo\
aded to: SVG Rep\
o, www.svgrepo.c\
om, Generator: S\
VG Repo Mixer To\
ols -->\x0d\x0a<svg wi\
dth=\x22800px\x22 heig\
ht=\x22800px\x22 viewB\
ox=\x220 0 24 24\x22 x\
mlns=\x22http://www\
.w3.org/2000/svg\
\x22 version=\x221.1\x22>\
\x0d\x0a <g transform=\
\x22translate(0 -10\
28.4)\x22>\x0d\x0a  <path\
 d=\x22m7 1031.4c-1\
.5355 0-3.0784 0\
.5-4.25 1.7-2.34\
31 2.4-2.2788 6.\
1 0 8.5l9.25 9.8\
 9.25-9.8c2.279-\
2.4 2.343-6.1 0-\
8.5-2.343-2.3-6.\
157-2.3-8.5 0l-0\
.75 0.8-0.75-0.8\
c-1.172-1.2-2.71\
45-1.7-4.25-1.7z\
\x22 fill=\x22#e74c3c\x22\
/>\x0d\x0a </g>\x0d\x0a</svg\
>\
\x00\x00\x03\x14\
<\
svg width=\x2264px\x22\
 height=\x2264px\x22 v\
iewBox=\x220 0 24 2\
4\x22 fill=\x22none\x22 x\
mlns=\x22http://www\
.w3.org/2000/svg\
\x22>\x0d\x0a    <g id=\x22S\
VGRepo_bgCarrier\
\x22 stroke-width=\x22\
0\x22></g>\x0d\x0a    <g \
id=\x22SVGRepo_trac\
erCarrier\x22 strok\
e-linecap=\x22round\
\x22 stroke-linejoi\
n=\x22round\x22></g>\x0d\x0a\
    <g id=\x22SVGRe\
po_iconCarrier\x22>\
\x0d\x0a        <path \
fill-rule=\x22eveno\
dd\x22 clip-rule=\x22e\
venodd\x22\x0d\x0a       \
       d=\x22M12 22\
C17.5228 22 22 1\
7.5228 22 12C22 \
6.47715 17.5228 \
2 12 2C6.47715 2\
 2 6.47715 2 12C\
2 17.5228 6.4771\
5 22 12 22ZM8.58\
579 8.58579C8 9.\
17157 8 10.1144 \
8 12C8 13.8856 8\
 14.8284 8.58579\
 15.4142C9.17157\
 16 10.1144 16 1\
2 16C13.8856 16 \
14.8284 16 15.41\
42 15.4142C16 14\
.8284 16 13.8856\
 16 12C16 10.114\
4 16 9.17157 15.\
4142 8.58579C14.\
8284 8 13.8856 8\
 12 8C10.1144 8 \
9.17157 8 8.5857\
9 8.58579Z\x22\x0d\x0a   \
           fill=\
\x22#000000\x22></path\
>\x0d\x0a    </g>\x0d\x0a</s\
vg>\
\x00\x00\x06_\
T\
ab,\x0d\x0aToolBar,\x0d\x0aR\
oundCornerContai\
ner,\x0d\x0a#view {\x0d\x0a \
   background-co\
lor: transparent\
;\x0d\x0a}\x0d\x0a\x0d\x0aQScrollA\
rea {\x0d\x0a    borde\
r: none;\x0d\x0a}\x0d\x0a\x0d\x0aT\
oolBar > StrongB\
odyLabel {\x0d\x0a    \
color: black;\x0d\x0a}\
\x0d\x0a\x0d\x0aToolBar > Ca\
ptionLabel {\x0d\x0a  \
  color: rgb(95,\
 95, 95);\x0d\x0a}\x0d\x0a\x0d\x0a\
Card {\x0d\x0a    back\
ground-color: tr\
ansparent;\x0d\x0a}\x0d\x0a\x0d\
\x0aTitleLabel,\x0d\x0aSt\
rongBodyLabel {\x0d\
\x0a    color: blac\
k;\x0d\x0a}\x0d\x0a\x0d\x0aCard > \
#card {\x0d\x0a    bor\
der: 1px solid r\
gba(0, 0, 0, 0.0\
8);\x0d\x0a    border-\
radius: 12px;\x0d\x0a \
   background-co\
lor: rgba(255, 2\
55, 255, 0.62);\x0d\
\x0a}\x0d\x0a\x0d\x0aCard > #ca\
rd:hover {\x0d\x0a    \
background-color\
: rgba(255, 255,\
 255, 0.76);\x0d\x0a  \
  border: 1px so\
lid rgba(0, 0, 0\
, 0.12);\x0d\x0a}\x0d\x0a\x0d\x0aC\
ard > #card QLab\
el {\x0d\x0a    font: \
14px 'Segoe UI',\
 'Microsoft YaHe\
i', 'PingFang SC\
';\x0d\x0a    color: b\
lack;\x0d\x0a}\x0d\x0a\x0d\x0aCard\
> #card InfoBadg\
e {\x0d\x0a    font-si\
ze: 11px;\x0d\x0a}\x0d\x0a\x0d\x0a\
#sourceWidget {\x0d\
\x0a    background-\
color: rgba(255,\
 255, 255, 0.667\
);\x0d\x0a    border-t\
op: 1px solid rg\
ba(0, 0, 0, 0.05\
);\x0d\x0a    border-b\
ottom-left-radiu\
s: 10px;\x0d\x0a    bo\
rder-bottom-righ\
t-radius: 10px;\x0d\
\x0a}\x0d\x0a\x0d\x0a#titleLabe\
l {\x0d\x0a    color: \
black;\x0d\x0a    font\
: 14px 'Segoe UI\
', 'Microsoft Ya\
Hei', 'PingFang \
SC';\x0d\x0a    font-w\
eight: bold;\x0d\x0a}\x0d\
\x0a\x0d\x0a#contentLabel\
 {\x0d\x0a    color: r\
gb(118, 118, 118\
);\x0d\x0a    font: 12\
px 'Segoe UI', '\
Microsoft YaHei'\
, 'PingFang SC';\
\x0d\x0a}\x0d\x0a\x0d\x0a#viewTitl\
eLabel {\x0d\x0a    co\
lor: black;\x0d\x0a   \
 font: 24px \x22Seg\
oe UI SemiBold\x22,\
 \x22Microsoft YaHe\
i\x22, 'PingFang SC\
';\x0d\x0a}\x0d\x0a\x0d\x0a#config\
ContentFrame {\x0d\x0a\
    border: 1px \
solid rgba(0, 0,\
 0, 0.08);\x0d\x0a    \
border-radius: 1\
2px;\x0d\x0a    backgr\
ound-color: rgba\
(255, 255, 255, \
0.62);\x0d\x0a}\x0d\x0a\x0d\x0a#co\
nfigRow {\x0d\x0a    b\
ackground-color:\
 transparent;\x0d\x0a \
   border-bottom\
: 1px solid rgba\
(0, 0, 0, 0.055)\
;\x0d\x0a}\x0d\x0a\x0d\x0a#configR\
ow:last-child {\x0d\
\x0a    border-bott\
om: none;\x0d\x0a}\x0d\x0a\
\x00\x00\x00\xba\
\x00\
\x00\x02\xfdx\xda\xed\x90=\x0b\xc20\x10\x86\xf7B\xff\
CF\x0b:(\xd4A\xc1\xa1]\xed \xfa\x07\xae\xcd\
\xd1\x06\xd3$^R?\xe9\x7fWK\x05\xa5Rtp\
\xf3\x0enz\xde{\xe0M\x84\x12\xa58cT9\xa7\
\x15\xbb\xf8\x1e\xbb\xcd\xce\x906H\xee4R\x9aJ\x90\
\xb1\x96\x9af\xecP\x08\x87\xf3\xf7H\x04\xd96']\
)\xde\xc2\x8e@Y\x03\x84\xcau\x22\x85\xde#\xf5>\
m\x88\xceO\xcaS\x18L\xc2p\xc8\x9e\xce4\xe8\xa4\
\x0d\xa1\xb5\xc8{\x0d-\xf3\x91#\x1c\x07\xbeW\xfb\xde\
}\x138\xfe\x1b\xfb\xa2\xb1Xj\xfb\xf3\xb2\x1a\xd3\xda\
\x81\xe2@|#\x9c\xc4\x08\x88-\xd8j\x09)\xca\x87\
7{\xf5\xd4WF\xef\xfaJ\
\x00\x00\x07\xda\
<\
?xml version=\x221.\
0\x22 encoding=\x22UTF\
-8\x22?>\x0d\x0a<!-- Uplo\
aded to: SVG Rep\
o, www.svgrepo.c\
om, Generator: S\
VG Repo Mixer To\
ols -->\x0d\x0a<svg wi\
dth=\x22800px\x22 heig\
ht=\x22800px\x22 viewB\
ox=\x220 -28.5 256 \
256\x22 version=\x221.\
1\x22 xmlns=\x22http:/\
/www.w3.org/2000\
/svg\x22\x0d\x0a     pres\
erveAspectRatio=\
\x22xMidYMid\x22>\x0d\x0a   \
 <g>\x0d\x0a        <p\
ath d=\x22M216.8563\
39,16.5966031 C2\
00.285002,8.8432\
8665 182.566144,\
3.2084988 164.04\
1564,0 C161.7665\
23,4.11318106 15\
9.108624,9.64549\
908 157.276099,1\
4.0464379 C137.5\
83995,11.0849896\
 118.072967,11.0\
849896 98.743016\
3,14.0464379 C96\
.9108417,9.64549\
908 94.1925838,4\
.11318106 91.897\
1895,0 C73.35260\
68,3.2084988 55.\
6133949,8.863991\
17 39.0420583,16\
.6376612 C5.6175\
2293,67.146514 -\
3.4433191,116.40\
0813 1.08711069,\
164.955721 C23.2\
560196,181.51091\
5 44.7403634,191\
.567697 65.86213\
25,198.148576 C7\
1.0772151,190.97\
1126 75.7283628,\
183.341335 79.73\
52139,175.300261\
 C72.104019,172.\
400575 64.794972\
4,168.822202 57.\
8887866,164.6679\
63 C59.7209612,1\
63.310589 61.513\
1304,161.891452 \
63.2445898,160.4\
31257 C105.36741\
,180.133187 151.\
134928,180.13318\
7 192.754523,160\
.431257 C194.506\
336,161.891452 1\
96.298154,163.31\
0589 198.110326,\
164.667963 C191.\
183787,168.84255\
6 183.854737,172\
.420929 176.2235\
42,175.320965 C1\
80.230393,183.34\
1335 184.861538,\
190.991831 190.0\
96624,198.16893 \
C211.238746,191.\
588051 232.74302\
3,181.531619 254\
.911949,164.9557\
21 C260.227747,1\
08.668201 245.83\
1087,59.8662432 \
216.856339,16.59\
66031 Z M85.4738\
752,135.09489 C7\
2.8290281,135.09\
489 62.4592217,1\
23.290155 62.459\
2217,108.914901 \
C62.4592217,94.5\
396472 72.607595\
,82.7145587 85.4\
738752,82.714558\
7 C98.3405064,82\
.7145587 108.709\
962,94.5189427 1\
08.488529,108.91\
4901 C108.508531\
,123.290155 98.3\
405064,135.09489\
 85.4738752,135.\
09489 Z M170.525\
237,135.09489 C1\
57.88039,135.094\
89 147.510584,12\
3.290155 147.510\
584,108.914901 C\
147.510584,94.53\
96472 157.658606\
,82.7145587 170.\
525237,82.714558\
7 C183.391518,82\
.7145587 193.761\
324,94.5189427 1\
93.539891,108.91\
4901 C193.539891\
,123.290155 183.\
391518,135.09489\
 170.525237,135.\
09489 Z\x22 fill=\x22#\
5865F2\x22 fill-rul\
e=\x22nonzero\x22>\x0d\x0a\x0d\x0a\
</path>\x0d\x0a    </g\
>\x0d\x0a</svg>\
\x00\x00\x01\xfa\
S\
tatusBar {\x0d\x0a    \
background-color\
: --ThemeColorDa\
rk1;\x0d\x0a    border\
: none;\x0d\x0a    bor\
der-radius: 7px;\
\x0d\x0a}\x0d\x0a\x0d\x0aQLabel {\x0d\
\x0a    color: blac\
k;\x0d\x0a    backgrou\
nd-color: transp\
arent;\x0d\x0a    font\
-family: 'Segoe \
UI', 'Microsoft \
YaHei', 'PingFan\
g SC';\x0d\x0a    bord\
er: none;\x0d\x0a}\x0d\x0a\x0d\x0a\
QLabel#titleLabe\
l {\x0d\x0a    color: \
white;\x0d\x0a    font\
: 14px 'Segoe UI\
', 'Microsoft Ya\
Hei', 'PingFang \
SC';\x0d\x0a    font-w\
eight: bold;\x0d\x0a}\x0d\
\x0a\x0d\x0aQLabel#conten\
tLabel {\x0d\x0a    co\
lor: rgb(208, 20\
8, 208);\x0d\x0a    fo\
nt: 12px 'Segoe \
UI', 'Microsoft \
YaHei', 'PingFan\
g SC';\x0d\x0a}\
\x00\x00\x01c\
#\
titleLabel {\x0d\x0a  \
  color: white;\x0d\
\x0a    font: 14px \
'Segoe UI', 'Mic\
rosoft YaHei', '\
PingFang SC';\x0d\x0a \
   font-weight: \
bold;\x0d\x0a}\x0d\x0a\x0d\x0a#con\
tentLabel {\x0d\x0a   \
 color: rgb(208,\
 208, 208);\x0d\x0a   \
 font: 12px 'Seg\
oe UI', 'Microso\
ft YaHei', 'Ping\
Fang SC';\x0d\x0a}\x0d\x0a\x0d\x0a\
#viewTitleLabel \
{\x0d\x0a    color: wh\
ite;\x0d\x0a    font: \
20px \x22Segoe UI S\
emiBold\x22, \x22Micro\
soft YaHei\x22, 'Pi\
ngFang SC';\x0d\x0a}\x0d\x0a\
\x0d\x0a\
\x00\x00\x03\x14\
<\
svg width=\x2264px\x22\
 height=\x2264px\x22 v\
iewBox=\x220 0 24 2\
4\x22 fill=\x22none\x22 x\
mlns=\x22http://www\
.w3.org/2000/svg\
\x22>\x0d\x0a    <g id=\x22S\
VGRepo_bgCarrier\
\x22 stroke-width=\x22\
0\x22></g>\x0d\x0a    <g \
id=\x22SVGRepo_trac\
erCarrier\x22 strok\
e-linecap=\x22round\
\x22 stroke-linejoi\
n=\x22round\x22></g>\x0d\x0a\
    <g id=\x22SVGRe\
po_iconCarrier\x22>\
\x0d\x0a        <path \
fill-rule=\x22eveno\
dd\x22 clip-rule=\x22e\
venodd\x22\x0d\x0a       \
       d=\x22M12 22\
C17.5228 22 22 1\
7.5228 22 12C22 \
6.47715 17.5228 \
2 12 2C6.47715 2\
 2 6.47715 2 12C\
2 17.5228 6.4771\
5 22 12 22ZM8.58\
579 8.58579C8 9.\
17157 8 10.1144 \
8 12C8 13.8856 8\
 14.8284 8.58579\
 15.4142C9.17157\
 16 10.1144 16 1\
2 16C13.8856 16 \
14.8284 16 15.41\
42 15.4142C16 14\
.8284 16 13.8856\
 16 12C16 10.114\
4 16 9.17157 15.\
4142 8.58579C14.\
8284 8 13.8856 8\
 12 8C10.1144 8 \
9.17157 8 8.5857\
9 8.58579Z\x22\x0d\x0a   \
           fill=\
\x22#ffffff\x22></path\
>\x0d\x0a    </g>\x0d\x0a</s\
vg>\
\x00\x00\x02\x02\
<\
?xml version=\x221.\
0\x22 encoding=\x22UTF\
-8\x22 standalone=\x22\
no\x22?>\x0d\x0a<!-- Uplo\
aded to: SVG Rep\
o, www.svgrepo.c\
om, Generator: S\
VG Repo Mixer To\
ols -->\x0d\x0a<svg wi\
dth=\x22800px\x22 heig\
ht=\x22800px\x22 viewB\
ox=\x220 0 24 24\x22 x\
mlns=\x22http://www\
.w3.org/2000/svg\
\x22 version=\x221.1\x22>\
\x0d\x0a <g transform=\
\x22translate(0 -10\
28.4)\x22>\x0d\x0a  <path\
 d=\x22m7 1031.4c-1\
.5355 0-3.0784 0\
.5-4.25 1.7-2.34\
31 2.4-2.2788 6.\
1 0 8.5l9.25 9.8\
 9.25-9.8c2.279-\
2.4 2.343-6.1 0-\
8.5-2.343-2.3-6.\
157-2.3-8.5 0l-0\
.75 0.8-0.75-0.8\
c-1.172-1.2-2.71\
45-1.7-4.25-1.7z\
\x22 fill=\x22#e74c3c\x22\
/>\x0d\x0a </g>\x0d\x0a</svg\
>\
\x00\x00\x01\xf8\
\x00\
\x00\x06\xcex\xda\xcdU\xdfo\x9b0\x10~G\xe2\x7f\
\xb0\x92\x874\x12T\xc0\xca\xb6&R\xa5\x05\xadZ\xa5\
MZK\xa6i\x8f\x06\x8cc\xcd\xf1!\xe34\xed\xa6\
\xfd\xef;HBB\x1aT\xa2\xbd\x8c\x1f\x96e\xee\xee\
\xfb\xbe\xbb\xb3\x99\xd3\xc4\xb1\xad9\x80\x9cQ\x8d\xb3\x07\
X\xa9,\x02\xad\x98\x8e@\x19*p\x82\xcb\xc3G\xc1\
\xd6\xe4\xb7m\x11\xbc\x12\x9a\xfe\xe4\xba2tS\x90\xa0\
'\xc4h\xaa\xca\x82j\xa6\xcc\xd4\xb6\xfe\xd8\x96m\xdd\
\xc7\xa9\x06)?hF\x1b?\xd0\x19Ck\x05\x8a\xed\
\xcc\x1a\xec\x9b\x88\x16F\x80\xfaL\x13&w\x1e\xdb\xf0\
\xeb\x850\x8dGDu\xd6\x97IW\x8c\xb90\x92\xd5\
H\xa8-6\x1a\x14\x9fA\xf6\xdc\x0b\xfbf\x98\x1e2\
\xd8j\xf2\x8b'R\x82\x14\x19\xd1<\xa1\x17A\x18:\
d?x\x97\xde\xf5xz\xe8\xe1j\x9a\x89U\x89\x8e\
A\xf14\xedR\xd3\x11\xeb*\x1c\xbfd4Y\xc0#\
\xd3\xdd\x99\xe9\x88\x15\x86mb\xafK\xf1\xfd\x13\xe8\xe4\
\xbe\x95\xbc\x1c{\x07#]a\xa8Q\xcc80\xf2\xed\
n\xe4\x90\xd1\x17\x81]QBn\xc8\x0f\xfa\x89\x89j\
\xe9\xabP\xfc\x96*N\xe2h4\xed\x95\xfa;\x95\xc3\
\x8cf\x9c\x1d\xa2\xb9\xa5\xf8\xc5\x10\xd2\xaf\xd3Y\xbb|\
\x5c\x16\xe6\xb9g\xc9.\xde\xbcu\xc8\xe6\xed*\x94\xf7\
Z\xa1<\xcc\xce\xe6\xb9\xf4\xdf]\xefkT\xdd\xc3\x12\
V:e\xdf\x05\xd26g\x17\xe9\xb8y\x0c\x14\xbd\xf9\
'`\x0c,]\xc9rsRK\xcbJ\x0b\xbexa\
V\x8b\x18\x9af\xcft\xec\x90\x7f\xaf{]\xc75\xab\
8L\x90\x98\xcc\x1a\xf0\x14\xbf\xe0\x96>\x05_\x89\x0f\
\xbc\xf7\x98\xac\xed0ns\x09\xce\xe7\xb2\xc1\xac\x8e\xbc\
y\x7f\xd1A%z\xb0\x03\x221[\x8a\x19J\x188\
dp\x848\xe8BD\x95\xb9\xe0\xd1F\xeb\xad\xa6K\
\xf6\xbf\x1c3[j\x0f\xb0>\xe7\xe8m\xf5V\x0f\xf2\
\xe1)\xc0\x89\xa4\xa5q\xd3\x85\x90G;\xb8\x89\xbb\xff\
\x9f\xfc\x05\xd5\xe1\xeeg\
"

qt_resource_name = b"\
\x00\x03\
\x00\x00x\xa3\
\x00q\
\x00s\x00s\
\x00\x04\
\x00\x06\xc4\xee\
\x00i\
\x001\x008\x00n\
\x00\x08\
\x09:h\xfd\
\x00e\
\x00s\x00_\x00E\x00S\x00.\x00q\x00m\
\x00\x08\
\x0eI\xb5}\
\x00z\
\x00h\x00_\x00T\x00W\x00.\x00q\x00m\
\x00\x08\
\x05@[=\
\x00k\
\x00o\x00_\x00K\x00R\x00.\x00q\x00m\
\x00\x08\
\x0e8\x05}\
\x00z\
\x00h\x00_\x00C\x00N\x00.\x00q\x00m\
\x00\x08\
\x07?;}\
\x00j\
\x00a\x00_\x00J\x00P\x00.\x00q\x00m\
\x00\x04\
\x00\x06\xa8\x8b\
\x00d\
\x00a\x00r\x00k\
\x00\x05\
\x00r\xfd\xf4\
\x00l\
\x00i\x00g\x00h\x00t\
\x00\x12\
\x0c\xf9E\xe3\
\x00m\
\x00e\x00s\x00s\x00a\x00g\x00e\x00_\x00w\x00i\x00n\x00d\x00o\x00w\x00.\x00q\x00s\
\x00s\
\x00\x0b\
\x06QI\x87\
\x00d\
\x00i\x00s\x00c\x00o\x00r\x00d\x00.\x00s\x00v\x00g\
\x00\x0e\
\x0d\x92\xd4\xa3\
\x00s\
\x00t\x00a\x00t\x00u\x00s\x00_\x00b\x00a\x00r\x00.\x00q\x00s\x00s\
\x00\x08\
\x08\x87U\x83\
\x00c\
\x00a\x00r\x00d\x00.\x00q\x00s\x00s\
\x00\x09\
\x08\x97\x87\xa7\
\x00h\
\x00e\x00a\x00r\x00t\x00.\x00s\x00v\x00g\
\x00\x08\
\x0bcU\x87\
\x00s\
\x00t\x00o\x00p\x00.\x00s\x00v\x00g\
\x00\x07\
\x0auXC\
\x00t\
\x00a\x00b\x00.\x00q\x00s\x00s\
"

qt_resource_struct = b"\
\x00\x00\x00\x00\x00\x02\x00\x00\x00\x02\x00\x00\x00\x01\
\x00\x00\x00\x00\x00\x00\x00\x00\
\x00\x00\x00\x00\x00\x02\x00\x00\x00\x02\x00\x00\x00\x08\
\x00\x00\x00\x00\x00\x00\x00\x00\
\x00\x00\x00\x0c\x00\x02\x00\x00\x00\x05\x00\x00\x00\x03\
\x00\x00\x00\x00\x00\x00\x00\x00\
\x00\x00\x00F\x00\x00\x00\x00\x00\x01\x00\x01\xd3\xe7\
\x00\x00\x01\x9f\xb3H4x\
\x00\x00\x00r\x00\x00\x00\x00\x00\x01\x00\x03i\x87\
\x00\x00\x01\x9f\xb3H3\x5c\
\x00\x00\x00\x1a\x00\x00\x00\x00\x00\x01\x00\x00\x00\x00\
\x00\x00\x01\x9f\xb3H5\x88\
\x00\x00\x00\x5c\x00\x00\x00\x00\x00\x01\x00\x02\xa7S\
\x00\x00\x01\x9f\xb3H1'\
\x00\x00\x000\x00\x00\x00\x00\x00\x01\x00\x01\x11o\
\x00\x00\x01\x9f\xb3H21\
\x00\x00\x00\x88\x00\x02\x00\x00\x00\x07\x00\x00\x00\x11\
\x00\x00\x00\x00\x00\x00\x00\x00\
\x00\x00\x00\x96\x00\x02\x00\x00\x00\x07\x00\x00\x00\x0a\
\x00\x00\x00\x00\x00\x00\x00\x00\
\x00\x00\x00\xd0\x00\x00\x00\x00\x00\x01\x00\x04@P\
\x00\x00\x01\x9f\x93\xce\xd5\xef\
\x00\x00\x01\x0e\x00\x00\x00\x00\x00\x01\x00\x04I\x9f\
\x00\x00\x01\x9f\x93\xce\xd5\xee\
\x00\x00\x01$\x00\x00\x00\x00\x00\x01\x00\x04J\xff\
\x00\x00\x01\x9f\x93\xce\xd5\xf0\
\x00\x00\x01R\x00\x00\x00\x00\x00\x01\x00\x04P\x1d\
\x00\x00\x01\x9f\x93\xce\xd5\xf4\
\x00\x00\x01<\x00\x00\x00\x00\x00\x01\x00\x04M\x05\
\x00\x00\x01\x9f\x93\xce\xd5\xf2\
\x00\x00\x00\xa6\x00\x01\x00\x00\x00\x01\x00\x04?\xb3\
\x00\x00\x01\x9f\x93\xce\xd5\xf1\
\x00\x00\x00\xec\x00\x00\x00\x00\x00\x01\x00\x04H.\
\x00\x00\x01\x9f\x93\xce\xd5\xf2\
\x00\x00\x00\xd0\x00\x00\x00\x00\x00\x01\x00\x04W>\
\x00\x00\x01\x9f\x93\xce\xd5\xe8\
\x00\x00\x01\x0e\x00\x00\x00\x00\x00\x01\x00\x04a\x1a\
\x00\x00\x01\x9f\x93\xce\xd5\xe8\
\x00\x00\x01$\x00\x00\x00\x00\x00\x01\x00\x04e\x99\
\x00\x00\x01\x9f\x93\xce\xd5\xe8\
\x00\x00\x01R\x00\x01\x00\x00\x00\x01\x00\x04g\x9f\
\x00\x00\x01\x9f\x93\xce\xd5\xec\
\x00\x00\x01<\x00\x00\x00\x00\x00\x01\x00\x04b\x81\
\x00\x00\x01\x9f\x93\xce\xd5\xeb\
\x00\x00\x00\xa6\x00\x01\x00\x00\x00\x01\x00\x04V\x80\
\x00\x00\x01\x9f\x93\xce\xd5\xe8\
\x00\x00\x00\xec\x00\x00\x00\x00\x00\x01\x00\x04_\x1c\
\x00\x00\x01\x9f\x93\xce\xd5\xea\
"

def qInitResources():
    QtCore.qRegisterResourceData(0x03, qt_resource_struct, qt_resource_name, qt_resource_data)

def qCleanupResources():
    QtCore.qUnregisterResourceData(0x03, qt_resource_struct, qt_resource_name, qt_resource_data)

qInitResources()
